Date,Open,High,Low,Close,Volume,Ticker
2015-01-02,26.411706170235586,26.570396349230737,26.17764066273826,26.26045799255371,26480000,GOOGL
2015-01-05,26.14144236480419,26.183097900780766,25.675295730032687,25.760093688964844,41182000,GOOGL
2015-01-06,25.81166587947732,25.846874452934344,25.070293862462776,25.124347686767578,54456000,GOOGL
2015-01-07,25.33808069873763,25.36485790431801,24.976072931454695,25.050457000732422,46918000,GOOGL
2015-01-08,24.86995196750364,25.16699642626597,24.54811092499961,25.137739181518555,73054000,GOOGL
2015-01-09,25.200717842806696,25.221545610890498,24.728124245531504,24.830774307250977,42000000,GOOGL
2015-01-12,24.75737867048454,24.808952455825327,24.344292758819414,24.649272918701172,57138000,GOOGL
2015-01-13,24.92251880885397,25.221547696828534,24.659196020343067,24.884334564208984,60958000,GOOGL
2015-01-14,24.815898905182777,25.204685817337108,24.703826212739322,25.089139938354492,52800000,GOOGL
2015-01-15,25.235926371151862,25.278573165229815,24.894746343387073,24.993927001953125,51068000,GOOGL
2015-01-16,24.951276448892433,25.33312072618188,24.948300783435357,25.31378173828125,49658000,GOOGL
2015-01-20,25.428334942620978,25.569171129443106,25.259728399950568,25.287994384765625,46796000,GOOGL
2015-01-21,25.33262663942792,25.87861493705752,25.270638965153605,25.80621337890625,46356000,GOOGL
2015-01-22,25.935641982816453,26.721149592800394,25.88159004863909,26.6447811126709,56068000,GOOGL
2015-01-23,26.680985143349346,27.046959881522046,26.56791930031121,26.875377655029297,45966000,GOOGL
2015-01-26,26.853065236738708,26.853065236738708,26.385429759149734,26.616024017333984,30932000,GOOGL
2015-01-27,26.352197652881124,26.42063228188283,25.829517201942046,25.845882415771484,39148000,GOOGL
2015-01-28,26.034822242462525,26.06903955847943,25.407507304437367,25.411474227905273,35822000,GOOGL
2015-01-29,25.434781865020337,25.548343324793095,24.96764210595776,25.451147079467773,79018000,GOOGL
2015-01-30,25.737282057374063,26.932404292585282,25.69661778151271,26.65717887878418,121108000,GOOGL
2015-02-02,26.49700250116337,26.60511015362786,25.872167586263934,26.39187240600586,75378000,GOOGL
2015-02-03,26.27979854116529,26.652220220255426,26.12458153912829,26.446422576904297,47062000,GOOGL
2015-02-04,26.438486504897366,26.617506938356748,26.03631006584765,26.089372634887695,33896000,GOOGL
2015-02-05,26.180121018325785,26.316990282581052,26.066559557654234,26.274343490600586,33176000,GOOGL
2015-02-06,26.332862306470247,26.789586336296473,26.21582954045871,26.47518539428711,42938000,GOOGL
2015-02-09,26.33533765344044,26.4751825813196,26.161277301678282,26.247068405151367,30314000,GOOGL
2015-02-10,26.38939139694253,26.828263275653615,26.241612622678073,26.78660774230957,47430000,GOOGL
2015-02-11,26.76528405270726,26.875374215825545,26.580312299499035,26.679492950439453,38306000,GOOGL
2015-02-12,26.761815109488662,27.192257545513392,26.629905910425613,27.07671356201172,48590000,GOOGL
2015-02-13,27.151096980535073,27.400536456486503,27.105970150369355,27.332101821899414,47382000,GOOGL
2015-02-17,27.33210076845686,27.42334568324706,26.940338227851452,27.02712059020996,39174000,GOOGL
2015-02-18,26.96811215629899,27.153083938653396,26.756363164093628,26.910091400146484,31164000,GOOGL
2015-02-19,26.901161666272937,27.11886195286686,26.81586619419472,27.098529815673828,30834000,GOOGL
2015-02-20,27.154567648570318,27.154567648570318,26.68445410594335,26.867937088012695,38234000,GOOGL
2015-02-23,26.729082956922916,26.743959391760264,26.381951640914796,26.53072166442871,32906000,GOOGL
2015-02-24,26.35963574491601,26.748918230341577,26.332361019234753,26.711727142333984,28406000,GOOGL
2015-02-25,26.70131367413935,27.253251372623044,26.679988387179915,27.142169952392578,40836000,GOOGL
2015-02-26,27.06332152210655,27.77692317187372,27.03108672294946,27.735267639160156,54032000,GOOGL
2015-02-27,27.678733251122836,28.237615421126364,27.623192541897847,27.900897979736328,68328000,GOOGL
2015-03-02,28.117609732292152,28.563424227857656,27.92668663410936,28.515321731567383,50406000,GOOGL
2015-03-03,28.581272761688712,28.80442874196286,28.29117093318906,28.702274322509766,50526000,GOOGL
2015-03-04,28.612022869052083,28.8431127286666,28.391346893614564,28.679466247558594,37964000,GOOGL
2015-03-05,28.743434802471473,28.92096644068636,28.67450454542251,28.833192825317383,35918000,GOOGL
2015-03-06,28.86146076348798,28.900140632343085,28.368535047860103,28.41019058227539,37592000,GOOGL
2015-03-09,28.312002817833648,28.53664571758496,28.21926911800199,28.46969985961914,23478000,GOOGL
2015-03-10,28.191002941820056,28.25447939633866,27.761551763889795,27.76304054260254,40080000,GOOGL
2015-03-11,27.76056066028267,27.977765341311013,27.542860350251907,27.556745529174805,40524000,GOOGL
2015-03-12,27.695098967604835,27.861721098304436,27.54880897428897,27.8284969329834,35602000,GOOGL
2015-03-13,27.732292666182627,27.986690312830884,27.290940746609365,27.4233455657959,35428000,GOOGL
2015-03-16,27.618234859575036,27.95643919390784,27.340033787766995,27.851804733276367,36856000,GOOGL
2015-03-17,27.685680171863726,27.8022173103677,27.493272066961808,27.651960372924805,28892000,GOOGL
2015-03-18,27.65790652474542,28.093309002192417,27.448140078719497,28.075952529907227,35324000,GOOGL
2015-03-19,27.994621938795152,28.115621607010763,27.875606678001926,27.952470779418945,24660000,GOOGL
2015-03-20,28.10322722392035,28.122566212036446,27.992641430387078,28.015947341918945,44320000,GOOGL
2015-03-23,28.068017239601534,28.248526445963858,27.92222287007759,28.036775588989258,30234000,GOOGL
2015-03-24,28.193975427149905,28.855507647122305,28.17165888268604,28.640287399291992,79156000,GOOGL
2015-03-25,28.641776396682705,28.765751743445072,28.11760902404785,28.11760902404785,53070000,GOOGL
2015-03-26,28.001069946713034,28.127029692344163,27.686669049151302,27.95098304748535,49842000,GOOGL
2015-03-27,27.861225682703445,27.97230899573405,27.61823507357245,27.64898109436035,34552000,GOOGL
2015-03-30,27.782877426269927,27.87759364275053,27.611295204391645,27.827011108398438,24788000,GOOGL
2015-03-31,27.668319264325994,27.89197087893446,27.506159689475478,27.507648468017578,34932000,GOOGL
2015-04-01,27.514096269795537,27.69609046649813,27.07770253910586,27.249284744262695,38902000,GOOGL
2015-04-02,27.146137606491664,27.175394849194866,26.80049315411126,26.843637466430664,47760000,GOOGL
2015-04-06,26.721149575441377,27.05340448591427,26.56543694970901,26.97455596923828,33718000,GOOGL
2015-04-07,27.026130798260336,27.28251097577977,26.956704904607637,27.019683837890625,27318000,GOOGL
2015-04-08,27.076214364887697,27.34896163497774,27.076214364887697,27.217050552368164,28386000,GOOGL
2015-04-09,27.235397865331503,27.243331711591534,26.875372634365846,27.17638397216797,32366000,GOOGL
2015-04-10,27.253251390894178,27.267136568432296,27.025632848374226,27.202173233032227,26104000,GOOGL
2015-04-13,27.128289519213894,27.43673914422065,27.091096532410475,27.207136154174805,29326000,GOOGL
2015-04-14,27.104482506404334,27.104482506404334,26.567421220305313,26.767765045166016,47206000,GOOGL
2015-04-15,26.677509025828137,26.936864834760428,26.400299225132816,26.830245971679688,46962000,GOOGL
2015-04-16,26.6968516486026,27.038031678584748,26.68445524852235,26.95323371887207,31722000,GOOGL
2015-04-17,26.645276970916353,26.76875668889666,26.233184173714584,26.418649673461914,49234000,GOOGL
2015-04-20,26.46873564094278,27.066297700203453,26.44889913211863,27.00331687927246,38508000,GOOGL
2015-04-21,27.091588085878954,27.163989640722676,26.888268599216065,26.923477172851562,29128000,GOOGL
2015-04-22,26.930421999173515,27.324167085273025,26.844135259292774,27.23391342163086,31806000,GOOGL
2015-04-23,27.294908404656667,27.82849840263682,27.27854318975196,27.64451789855957,78184000,GOOGL
2015-04-24,28.764762678828102,28.99535691705771,28.18455702804782,28.4478816986084,92168000,GOOGL
2015-04-27,28.403743761447362,28.54011550691454,27.884534573920153,28.0739688873291,48062000,GOOGL
2015-04-28,27.98470448811535,28.158766723954724,27.818082361538323,27.987184524536133,37178000,GOOGL
2015-04-29,27.795768930500152,28.06008484784066,27.720889225969838,27.83940887451172,33622000,GOOGL
2015-04-30,27.69906861016574,27.825523999179275,27.111922280020128,27.213581085205078,47240000,GOOGL
2015-05-01,27.299867020556977,27.335077487539767,26.969596510182956,27.332101821899414,36572000,GOOGL
2015-05-04,27.32366856282467,27.606332186816516,27.145143770469065,27.4154109954834,35260000,GOOGL
2015-05-05,27.28250887301028,27.404006069251963,26.896202043307127,26.929428100585938,28528000,GOOGL
2015-05-06,26.909594493245102,26.97356657819945,26.393856564951527,26.534692764282227,39034000,GOOGL
2015-05-07,26.575354383175068,27.036542806689447,26.453859077711392,26.879837036132812,31844000,GOOGL
2015-05-08,27.218538646091474,27.413426762003283,27.176883113172504,27.222505569458008,28226000,GOOGL
2015-05-11,27.199693024731946,27.441694263927836,27.056378697965574,27.065303802490234,21858000,GOOGL
2015-05-12,26.91802268095449,26.925462790901502,26.530724570125198,26.715696334838867,35282000,GOOGL
2015-05-13,26.801985580445105,26.969103366986776,26.728095236754474,26.753387451171875,24238000,GOOGL
2015-05-14,26.975545610537495,27.259202380323543,26.90264842937545,27.234901428222656,31736000,GOOGL
2015-05-15,27.2939165841016,27.304330467605634,26.90264967167524,27.100513458251953,33440000,GOOGL
2015-05-18,26.968109933796644,27.192257200243283,26.890252672404074,27.10944175720215,26706000,GOOGL
2015-05-19,27.175399880813263,27.44318712569951,27.131761823161728,27.238876342773438,47126000,GOOGL
2015-05-20,27.320197430731294,27.575586330090744,27.03158247415614,27.399045944213867,30840000,GOOGL
2015-05-21,27.284491368681255,27.651954813688082,27.239860173369845,27.612281799316406,34170000,GOOGL
2015-05-22,27.495746410979923,27.68319819974523,27.454090878301756,27.498722076416016,24266000,GOOGL
2015-05-26,27.402518795356663,27.439711778050214,26.925958284692953,27.135229110717773,37474000,GOOGL
2015-05-27,27.209115825077056,27.536906275834827,27.104976993528638,27.485332489013672,34844000,GOOGL
2015-05-28,27.46252212682138,27.560213998268125,27.31424772660707,27.481861114501953,23544000,GOOGL
2015-05-29,27.43326320064512,27.469960552190802,27.028608642586157,27.04249382019043,43446000,GOOGL
2015-06-01,27.211597720197023,27.30284263834409,26.956208805126195,27.235401153564453,33210000,GOOGL
2015-06-02,27.147129166513526,27.71047391919658,27.103489224742496,27.470457077026367,31842000,GOOGL
2015-06-03,27.527486477177284,27.670802711295863,27.381196469035018,27.536909103393555,26710000,GOOGL
2015-06-04,27.382680331868404,27.57013211891472,27.230934638014197,27.358381271362305,26866000,GOOGL
2015-06-05,27.3737568462272,27.439711442929994,27.144649513335406,27.25126838684082,24396000,GOOGL
2015-06-08,27.255233273514065,27.26812719284664,26.924962793990048,26.95124626159668,27336000,GOOGL
2015-06-09,26.948271262882823,27.018690300299024,26.721643977927535,26.885787963867188,30016000,GOOGL
2015-06-10,27.061335988875346,27.51161487501338,27.03207874808749,27.403507232666016,30316000,GOOGL
2015-06-11,27.497235788608503,27.514096631971313,27.233415517518978,27.276559829711914,25872000,GOOGL
2015-06-12,27.13324502250304,27.217547352001468,27.05786779825938,27.14911460876465,25468000,GOOGL
2015-06-15,26.914056815324653,26.979515786750213,26.73950081933234,26.927446365356445,27150000,GOOGL
2015-06-16,27.000838852954665,27.11043149750482,26.856531371953093,27.020177841186523,32526000,GOOGL
2015-06-17,27.04745019603633,27.19324455114942,26.86842978599647,27.105966567993164,24440000,GOOGL
2015-06-18,27.17539363774448,27.634102008760912,27.17539363774448,27.58104133605957,41192000,GOOGL
2015-06-19,27.597903980808226,27.666834242783356,27.386650642382726,27.647493362426758,59290000,GOOGL
2015-06-22,27.741220496656698,28.048678827672735,27.716423913874806,27.754608154296875,34752000,GOOGL
2015-06-23,27.76006429084313,28.013470691140693,27.629146352572405,27.938589096069336,31396000,GOOGL
2015-06-24,27.893460825199956,27.901394672044887,27.612284082318848,27.699562072753906,28924000,GOOGL
2015-06-25,27.78535273565518,27.926188919344042,27.64451655196632,27.66881561279297,26684000,GOOGL
2015-06-26,27.756097824784703,27.770478632563524,27.366319669195835,27.42632293701172,43676000,GOOGL
2015-06-29,27.11340930802112,27.31920884790057,26.790577004705856,26.84066390991211,37756000,GOOGL
2015-06-30,27.031087554866648,27.071256201953922,26.75586213974336,26.780658721923828,34510000,GOOGL
2015-07-01,26.960175786827996,27.066794662367407,26.76677454555039,26.942323684692383,30760000,GOOGL
2015-07-02,27.01373044889129,27.17539439967458,26.95570970169703,27.14266586303711,28124000,GOOGL
2015-07-06,26.89025148214723,27.204158658790305,26.88281326414677,27.057371139526367,25614000,GOOGL
2015-07-07,27.147128488937113,27.324164504746484,26.771235541120674,27.27606201171875,33578000,GOOGL
2015-07-08,27.05638111697833,27.189281572539045,26.838183289862506,26.862977981567383,27662000,GOOGL
2015-07-09,27.207631030216106,27.219036172154,27.007782827381977,27.00926971435547,29766000,GOOGL
2015-07-10,27.45855470449898,27.73526890233056,27.373756748347304,27.577571868896484,43436000,GOOGL
2015-07-13,27.746177505537858,28.40770974785909,27.706008859173977,28.352169036865234,41792000,GOOGL
2015-07-14,28.489532676979604,29.243798578075026,28.47316746343335,28.96956443786621,74832000,GOOGL
2015-07-15,28.94774489209032,29.193215524002067,28.772691402480827,28.958654403686523,41466000,GOOGL
2015-07-16,29.233386610821825,29.977238677806024,29.155033723954507,29.84235382080078,112642000,GOOGL
2015-07-17,33.72129448676394,34.861869196010716,33.62211572223263,34.694252014160156,257162000,GOOGL
2015-07-20,34.166617275261125,34.604000420067635,33.80907201914201,34.3580322265625,102436000,GOOGL
2015-07-21,33.9632946999415,34.990801708562756,33.92709486615899,34.482505798339844,75604000,GOOGL
2015-07-22,34.4165498325151,35.37413533314886,34.2975345535999,34.47010803222656,83100000,GOOGL
2015-07-23,34.30893937590027,34.51821211087915,33.30424258998901,33.459957122802734,76232000,GOOGL
2015-07-24,33.561116144605975,33.61169678007174,32.391284301881726,32.470130920410156,82622000,GOOGL
2015-07-27,32.31144286859231,33.08009146867781,32.310451610713265,32.643699645996094,58382000,GOOGL
2015-07-28,32.816766231660566,32.93280771292831,32.40268909308183,32.71262741088867,34364000,GOOGL
2015-07-29,32.84155968049941,32.89462224145807,32.37441997272285,32.80039978027344,36756000,GOOGL
2015-07-30,32.60254283352619,33.12869272868121,32.317397262340016,32.955623626708984,39606000,GOOGL
2015-07-31,32.96256411208031,32.9774405475805,32.590638090866996,32.60551452636719,34922000,GOOGL
2015-08-03,32.61344739589636,33.06025499360522,32.61344739589636,32.96355438232422,31348000,GOOGL
2015-08-04,32.94471063325484,33.12621298609857,32.75478258804701,32.792964935302734,26188000,GOOGL
2015-08-05,33.01463364676089,33.71683019917647,33.00620417058776,33.388545989990234,36448000,GOOGL
2015-08-06,33.42325750568146,33.46094422406888,32.76569029062574,33.23283004760742,40660000,GOOGL
2015-08-07,33.11530216930516,33.16588280837708,32.67345461645793,32.94719314575195,27544000,GOOGL
2015-08-10,33.081083687945906,33.305728457169614,32.74089683762339,32.88520431518555,34458000,GOOGL
2015-08-11,34.692271955765406,34.91146105133953,33.93552589748607,34.23207473754883,109880000,GOOGL
2015-08-12,34.43985186216597,34.514733450831635,33.746584251822455,34.29009246826172,58498000,GOOGL
2015-08-13,34.177524505881294,34.41704573605791,33.82940377183487,34.04412841796875,36354000,GOOGL
2015-08-14,33.921637223376614,34.32926745628415,33.865105253744765,34.185951232910156,27598000,GOOGL
2015-08-17,34.11999583386264,34.4522488198693,33.87303642453199,34.4210090637207,24680000,GOOGL
2015-08-18,34.270262093636326,34.50283696440737,33.98511649425122,34.15422058105469,27710000,GOOGL
2015-08-19,34.22265336753486,34.72301544404769,34.05850936341007,34.41754150390625,50194000,GOOGL
2015-08-20,34.17256697658716,34.52267021396411,33.48722937149362,33.69550704956055,57798000,GOOGL
2015-08-21,33.27696406965198,33.36870839688974,31.891416261520664,31.937536239624023,91880000,GOOGL
2015-08-24,29.783839452833924,31.126740565848646,29.411415873526373,30.652162551879883,129788000,GOOGL
2015-08-25,32.05854023191623,32.08481991953804,30.332801649332946,30.372474670410156,71430000,GOOGL
2015-08-26,31.891421572414288,32.852480354105346,31.260139606216338,32.71660232543945,87740000,GOOGL
2015-08-27,33.32407380131135,33.42276071308658,32.28813741784781,33.12422561645508,58974000,GOOGL
2015-08-28,33.015128431118065,33.07662047453683,32.41955266056175,32.71411895751953,38836000,GOOGL
2015-08-31,32.44880854942581,32.948183093947854,32.05258536168723,32.12548065185547,38936000,GOOGL
2015-09-01,31.430724589655597,31.957867603060503,30.99681089642206,31.219966888427734,51458000,GOOGL
2015-09-02,31.638509456787272,31.988614594789684,31.273525990177284,31.981176376342773,37630000,GOOGL
2015-09-03,32.130937667947364,32.29557728889015,31.430725541682214,31.591398239135742,34572000,GOOGL
2015-09-04,31.226909601564884,31.464942030080678,31.06822131588769,31.19021224975586,40478000,GOOGL
2015-09-08,31.78728078453557,31.98762462854641,31.385601838471278,31.93010139465332,39092000,GOOGL
2015-09-09,32.32682213966818,32.59857438096081,31.782318832244048,31.90679359436035,40978000,GOOGL
2015-09-10,31.93108541247201,32.476576103009215,31.82198651767921,32.28714370727539,27850000,GOOGL
2015-09-11,32.244006639395664,32.49691362825871,32.105151069903656,32.49641799926758,34892000,GOOGL
2015-09-14,32.512784880501904,32.527165687999634,32.20879405681656,32.3560791015625,29942000,GOOGL
2015-09-15,32.5663422242119,33.1683688110224,32.39922443807292,32.980918884277344,35546000,GOOGL
2015-09-16,33.004717935568486,33.129684543960956,32.83859142004004,33.003231048583984,26252000,GOOGL
2015-09-17,33.10092583938064,33.81998142157819,32.977446107114126,33.30821228027344,47752000,GOOGL
2015-09-18,32.98041608447303,33.2174591575203,32.7309785034644,32.775115966796875,72544000,GOOGL
2015-09-21,33.00273108634691,33.17580016850662,32.63030945504248,33.075626373291016,39094000,GOOGL
2015-09-22,32.60403145335091,32.6709792043601,31.987128452895835,32.39228057861328,54362000,GOOGL
2015-09-23,32.37739526853629,32.74336990138068,32.269783267399184,32.39673614501953,29160000,GOOGL
2015-09-24,32.18251495613069,32.56931744550371,31.845301850421077,32.47707748413086,38692000,GOOGL
2015-09-25,32.65907608536779,32.65907608536779,31.720829568305255,31.745128631591797,48480000,GOOGL
2015-09-28,31.69057789235324,31.879022842956157,30.638771840615803,30.95664405822754,47646000,GOOGL
2015-09-29,31.018630953456583,31.47386805727541,30.648193696937074,30.875316619873047,42130000,GOOGL
2015-09-30,31.332535483267964,31.703470251520777,31.199635036475605,31.656856536865234,52954000,GOOGL
2015-10-01,31.635531300710397,31.92811507582418,31.297326960503806,31.83686637878418,42506000,GOOGL
2015-10-02,31.63900286718666,32.580718712462634,31.41535124189224,32.580223083496094,48788000,GOOGL
2015-10-05,32.80883795171496,33.375652123583926,32.52468363887434,33.3087043762207,37960000,GOOGL
2015-10-06,33.19315357976883,33.66178017493195,32.88222399753931,33.30671691894531,42774000,GOOGL
2015-10-07,33.5923611947688,33.65881331694059,32.635766930041534,33.22539520263672,44354000,GOOGL
2015-10-08,33.198115386125764,33.31911694873325,32.45624588445839,33.07661819458008,39308000,GOOGL
2015-10-09,33.10092129145445,33.428214232948385,32.846523642870494,33.28688430786133,32124000,GOOGL
2015-10-12,33.18521843165661,33.62111458436946,33.0885178295736,33.54425048828125,26684000,GOOGL
2015-10-13,33.43664672098599,34.140825752180255,33.37961533986918,33.87849426269531,42446000,GOOGL
2015-10-14,33.906270197896546,34.219182376672876,33.666748951385145,33.74163055419922,31292000,GOOGL
2015-10-15,33.98164303164574,34.423490588881315,33.93899623911965,34.36695861816406,47156000,GOOGL
2015-10-16,34.484983066996705,34.52564734412958,34.17256655376191,34.481014251708984,36316000,GOOGL
2015-10-19,34.41555893306463,34.72500168821004,34.32679215609925,34.71062088012695,30172000,GOOGL
2015-10-20,34.60846271312809,34.61391841535207,33.40788284910291,33.72129440307617,52434000,GOOGL
2015-10-21,33.880482090485685,33.96428879880367,33.26010965720461,33.314659118652344,31952000,GOOGL
2015-10-22,33.495160778379436,34.12049317943638,33.30969339758653,33.77782440185547,88632000,GOOGL
2015-10-23,37.19557279503345,37.316574351623956,35.602738753095124,35.671669006347656,126726000,GOOGL
2015-10-26,35.705889214024495,36.44627185210069,35.705889214024495,36.25634002685547,48776000,GOOGL
2015-10-27,36.03070268274443,36.496355526337496,35.91020053312721,36.340641021728516,38778000,GOOGL
2015-10-28,36.34956810223051,36.566275222564016,36.065413832307534,36.54396057128906,39604000,GOOGL
2015-10-29,36.52958366715749,37.03341888468649,36.45668459176194,36.93721389770508,36520000,GOOGL
2015-10-30,36.9724242919587,37.00961538322019,36.52462539271881,36.5672721862793,39984000,GOOGL
2015-11-02,36.4254430052311,37.102347282876416,36.272702273183576,37.080528259277344,39914000,GOOGL
2015-11-03,36.965977609592414,37.27690724184374,36.754226743735636,37.134090423583984,36306000,GOOGL
2015-11-04,37.18764595605918,37.683547369786595,37.15293300843536,37.455928802490234,41840000,GOOGL
2015-11-05,37.62948552024999,38.0033978003051,37.563037196634376,37.72172546386719,45486000,GOOGL
2015-11-06,37.65826204349354,37.83827375696486,37.44204670896656,37.76785659790039,33544000,GOOGL
2015-11-09,37.61511265746209,37.85215574227227,37.14847227321365,37.42914962768555,35538000,GOOGL
2015-11-10,37.36517553658122,37.718256306786806,37.11375545340267,37.60221481323242,29798000,GOOGL
2015-11-11,37.806531377119946,38.1387844155206,37.676109063474144,37.948856353759766,41866000,GOOGL
2015-11-12,37.69742519306081,37.97612376111123,37.48319621760883,37.516422271728516,35452000,GOOGL
2015-11-13,37.39294438825416,37.45691457162377,36.670415771122535,36.700172424316406,48188000,GOOGL
2015-11-16,36.70711892593055,37.27740250220077,36.4155263941077,37.21343231201172,50704000,GOOGL
2015-11-17,37.315088984908584,37.438073062163056,36.89753863364928,36.993247985839844,38864000,GOOGL
2015-11-18,37.17127502693528,37.74304917944628,37.063167390698965,37.688995361328125,36266000,GOOGL
2015-11-19,37.67759017178339,37.848676738229166,37.55113669300593,37.68552780151367,28078000,GOOGL
2015-11-20,38.149693700541384,38.64658634351289,37.891826645041604,38.53153610229492,55478000,GOOGL
2015-11-23,38.55484873245167,38.824122841800666,38.3584699227265,38.51666259765625,34648000,GOOGL
2015-11-24,38.33119667232064,38.48145550536566,37.59478272843168,38.16606140136719,47880000,GOOGL
2015-11-25,38.268211045561536,38.33317627208229,38.01232652134756,38.147708892822266,23612000,GOOGL
2015-11-27,38.14274565658982,38.38276246769301,38.03562927776995,38.2820930480957,14434000,GOOGL
2015-11-30,38.27714112273493,38.43384690963323,37.7440486099861,37.82984161376953,33586000,GOOGL
2015-12-01,38.03266294813621,38.928260775611164,37.98356919271066,38.868255615234375,40398000,GOOGL
2015-12-02,38.94065444844514,39.32745689791467,38.50326757910973,38.57368850708008,46876000,GOOGL
2015-12-03,38.70807647638323,38.90246896222293,37.810000595568624,38.09514236450195,41950000,GOOGL
2015-12-04,38.170027531453435,38.800316282640765,37.96174984853431,38.64113235473633,49800000,GOOGL
2015-12-07,38.683278578277296,38.72989418233541,38.021746367453446,38.332679748535156,36626000,GOOGL
2015-12-08,37.91165620965149,38.61335706494561,37.81346871216356,38.43929672241211,31082000,GOOGL
2015-12-09,38.23895013306255,38.48640515797043,37.29227244836912,37.8149528503418,46550000,GOOGL
2015-12-10,37.866541225318215,37.98952533567434,37.44056128410411,37.690494537353516,32458000,GOOGL
2015-12-11,37.1430151615623,37.56155681578896,37.125656796729835,37.21343231201172,43184000,GOOGL
2015-12-14,37.25508108609259,37.89429859326692,36.51122913020849,37.814456939697266,53864000,GOOGL
2015-12-15,38.074808830070445,38.41995574059063,37.589323262238466,37.69296646118164,49386000,GOOGL
2015-12-16,38.014314890930756,38.754697635136296,37.54221878624548,38.511207580566406,53120000,GOOGL
2015-12-17,38.73782599851758,38.75914939196796,38.1496885188768,38.17597198486328,36510000,GOOGL
2015-12-18,38.04704573208433,38.3897145632784,37.519405120109674,37.53229904174805,67794000,GOOGL
2015-12-21,37.83974933951054,38.00339767865932,37.39839747944994,37.728172302246094,34848000,GOOGL
2015-12-22,37.90025437574304,38.20126383905244,37.74801305103078,38.04207992553711,36338000,GOOGL
2015-12-23,38.218623244545924,38.27862840063212,37.57196742689514,38.11051559448242,30594000,GOOGL
2015-12-24,38.11101171760498,38.14473340506595,37.906207231389665,37.978111267089844,10412000,GOOGL
2015-12-28,38.184406654224105,38.820151079785774,38.071838341300904,38.79138946533203,31156000,GOOGL
2015-12-29,39.02693896958323,39.60714642250896,38.987765366064636,39.37258529663086,38430000,GOOGL
2015-12-30,39.37259200619887,39.49656736440296,39.037361396650745,39.19108963012695,28566000,GOOGL
2015-12-31,39.068103784825745,39.09339599773387,38.5474095736843,38.581626892089844,32752000,GOOGL
2016-01-04,37.797605354813236,37.797605354813236,37.07061220664022,37.660736083984375,67382000,GOOGL
2016-01-05,37.891826124773026,38.14473310359051,37.472788854840516,37.76437759399414,45216000,GOOGL
2016-01-06,37.21095157135138,37.97265381949493,37.09342319132927,37.655277252197266,48206000,GOOGL
2016-01-07,37.01854376219676,37.45592687980514,36.46263721631695,36.74629211425781,63132000,GOOGL
2016-01-08,37.08350875731099,37.198559010291135,36.14724660454443,36.245933532714844,47506000,GOOGL
2016-01-11,36.29750188930507,36.452720779028354,35.68308085744033,36.35304260253906,50896000,GOOGL
2016-01-12,36.73389874785482,37.110289283783025,36.519669712875704,36.961517333984375,46816000,GOOGL
2016-01-13,37.15987570253287,37.341378072128926,35.54522232933326,35.68357849121094,51728000,GOOGL
2016-01-14,35.9250820981259,36.691248873480134,34.96104962981701,36.26973342895508,55558000,GOOGL
2016-01-15,35.208502672773584,35.91119484385276,34.787978510562624,35.233299255371094,76676000,GOOGL
2016-01-19,35.71233380217857,35.97020461123329,35.201556040131216,35.659271240234375,48724000,GOOGL
2016-01-20,35.00567715077589,36.049551236863124,34.107105591540744,35.63349151611328,82440000,GOOGL
2016-01-21,35.71332696791137,36.58115433751783,35.264041218887336,36.03566360473633,51938000,GOOGL
2016-01-22,36.79588223031551,37.12119645318262,36.72150004733301,36.967464447021484,47146000,GOOGL
2016-01-25,36.88713048466049,37.31459724254527,36.32477697420802,36.38031768798828,45340000,GOOGL
2016-01-26,36.45916528243361,36.66992108776197,36.05054002440141,36.38874435424805,30940000,GOOGL
2016-01-27,36.4928806256645,36.4928806256645,35.3800802146499,35.58488845825195,42428000,GOOGL
2016-01-28,36.606945962310576,37.25012863220827,36.230555463886446,37.10830307006836,62104000,GOOGL
2016-01-29,37.141030202687276,37.94190984183688,36.904978400370666,37.75545120239258,75808000,GOOGL
2016-02-01,38.246880935242345,38.560788042156666,37.75693099685214,38.22258377075195,111522000,GOOGL
2016-02-02,39.696907806285125,40.18537097839742,38.71006131553536,38.72543716430664,135846000,GOOGL
2016-02-03,38.99172703500631,39.247115904686765,36.511229249494214,37.1618537902832,131114000,GOOGL
2016-02-04,36.92431877439441,36.95655357313469,35.83383293677509,36.20228576660156,104922000,GOOGL
2016-02-05,35.977646590955466,36.03814359303884,34.720039149084826,34.89955520629883,109556000,GOOGL
2016-02-08,34.102137408396274,34.93723799203983,33.82096072248151,34.91938400268555,89410000,GOOGL
2016-02-09,34.36348745813524,35.75250855498528,34.14281148099351,34.76367950439453,84300000,GOOGL
2016-02-10,35.29776853790344,35.86458275616313,34.980391923325904,35.052791595458984,60314000,GOOGL
2016-02-11,34.53159931735835,35.32404954034548,34.276210399786976,35.02849197387695,65004000,GOOGL
2016-02-12,35.31859363034466,35.50653916965729,34.791448691291016,35.05477523803711,46538000,GOOGL
2016-02-16,35.63796038883025,35.847728782402164,35.21793175601937,35.58787536621094,43444000,GOOGL
2016-02-17,36.052028629810145,36.38725920195434,35.536790155612145,36.298492431640625,49154000,GOOGL
2016-02-18,36.397184718172525,36.498346011106655,35.484228452551406,35.581424713134766,47276000,GOOGL
2016-02-19,35.50158767886399,35.90475736647923,35.36372711808882,35.80954360961914,34918000,GOOGL
2016-02-22,36.176500621712016,36.44131405319691,35.8759867696209,36.153690338134766,37516000,GOOGL
2016-02-23,36.00740216126029,36.24543272250396,35.490177346966156,35.57051086425781,41332000,GOOGL
2016-02-24,35.239252335086164,35.765406086995576,34.81327618724855,35.749534606933594,37092000,GOOGL
2016-02-25,35.85020091459311,36.17650262567205,35.369175932894734,36.15716552734375,36146000,GOOGL
2016-02-26,36.3793256728897,36.50627479219468,35.80110448008465,35.94590759277344,42474000,GOOGL
2016-02-29,35.75448939760654,36.230554277133685,35.54819423813538,35.567039489746094,45068000,GOOGL
2016-03-01,35.769364708569626,36.81224750656304,35.63745551829939,36.80431365966797,60112000,GOOGL
2016-03-02,36.83902650122352,36.85142100878452,36.36196659665054,36.67091369628906,36292000,GOOGL
2016-03-03,36.6709108915388,36.746288106206386,36.182447774695305,36.27964401245117,40534000,GOOGL
2016-03-04,36.438838643375284,36.44875500724052,35.983597711637685,36.21171569824219,48516000,GOOGL
2016-03-07,35.96028544373709,36.06244175560961,34.967987132698084,35.34784698486328,61690000,GOOGL
2016-03-08,35.12915519101109,35.81647526866855,34.911456792475256,35.38404846191406,52530000,GOOGL
2016-03-09,35.465374868244666,36.01433876506363,35.3409039057751,35.97317886352539,39544000,GOOGL
2016-03-10,36.09120409724842,36.52511777944269,35.86805000263362,36.30841064453125,44616000,GOOGL
2016-03-11,36.694223845072095,36.939692605908576,36.53305362708699,36.93820571899414,35380000,GOOGL
2016-03-14,36.94316568297675,37.40385848574644,36.87820045363228,37.204505920410156,32824000,GOOGL
2016-03-15,36.99523492674588,37.341872547672736,36.83753788813147,37.22087097167969,29832000,GOOGL
2016-03-16,37.14549576339584,37.63891904501995,37.019042261615226,37.55759048461914,29306000,GOOGL
2016-03-17,37.57196494514587,37.9533116855653,37.5575841391422,37.61312484741211,44564000,GOOGL
2016-03-18,37.76933555142435,37.79462397783317,37.28285493435395,37.46088409423828,56222000,GOOGL
2016-03-21,37.386499070206696,37.85413444883395,37.255581140686395,37.79561996459961,28774000,GOOGL
2016-03-22,37.61114874326626,37.93645920193549,37.58337838439727,37.69098663330078,22096000,GOOGL
2016-03-23,37.854632974291675,37.955798040479515,37.49163202902848,37.5675048828125,24678000,GOOGL
2016-03-24,37.25211747995343,37.567507798854024,37.21740453054168,37.43262481689453,31116000,GOOGL
2016-03-28,37.49857137707793,37.60420087850884,37.29376690086252,37.35525894165039,21676000,GOOGL
2016-03-29,37.375091123461125,38.044560973656424,37.107803352439426,37.980587005615234,40062000,GOOGL
2016-03-30,38.09564196772387,38.54691406892856,38.06440220666845,38.102088928222656,40396000,GOOGL
2016-03-31,38.10208322990788,38.13877868796318,37.60171744799952,37.832313537597656,32554000,GOOGL
2016-04-01,37.54766890303258,38.18638706729147,37.45046887721825,38.16804122924805,31674000,GOOGL
2016-04-04,38.16010409929226,38.30540661925344,37.77727045556589,37.942405700683594,26924000,GOOGL
2016-04-05,37.59577283294784,37.83082960126046,37.470306818416816,37.617591857910156,24478000,GOOGL
2016-04-06,37.58138713118536,38.10605388984193,37.50501865436197,38.08869552612305,25312000,GOOGL
2016-04-07,37.952325072995734,38.15266890712352,37.564531325513435,37.6944580078125,25498000,GOOGL
2016-04-08,37.979592723025455,38.04207601583153,37.478735122767844,37.66221618652344,23434000,GOOGL
2016-04-11,37.95876739073146,38.04654289699704,37.55659288467436,37.56650924682617,31774000,GOOGL
2016-04-12,37.61065605850544,37.93249335579649,37.2704653523017,37.902740478515625,27388000,GOOGL
2016-04-13,38.19977536822236,38.46954506244542,37.91612049696891,38.27912139892578,35426000,GOOGL
2016-04-14,38.4502076017349,38.66096339986243,38.34408247584895,38.45169448852539,26992000,GOOGL
2016-04-15,38.45715517847342,38.72642927613029,38.42888540865253,38.6803092956543,31712000,GOOGL
2016-04-18,38.68972683530677,39.10430342950914,38.56178646360881,39.0611572265625,33540000,GOOGL
2016-04-19,39.20100763516768,39.22332229040227,38.19779778990652,38.494346618652344,43952000,GOOGL
2016-04-20,38.63865065121516,38.66344723265266,38.24738375070553,38.42838668823242,34262000,GOOGL
2016-04-21,38.54691321102571,38.76362036785129,38.26127200626965,38.6803092956543,77628000,GOOGL
2016-04-22,36.89059560857762,37.38699257212472,36.21914704781553,36.58611297607422,140798000,GOOGL
2016-04-25,36.46611043271434,36.93870212553624,36.45371214131184,36.806297302246094,49442000,GOOGL
2016-04-26,36.91589445735679,36.973913319769586,35.720770209922655,35.9712028503418,55864000,GOOGL
2016-04-27,35.968712883974796,36.059462158369726,35.16336887926456,35.77729797363281,66262000,GOOGL
2016-04-28,35.868054686016556,36.16410789180207,34.87178740984706,34.96402359008789,62590000,GOOGL
2016-04-29,34.91740793762874,35.31363112782292,34.90054520288574,35.10386657714844,58278000,GOOGL
2016-05-02,35.304212693865104,35.4772817960254,35.02849163997751,35.42769241333008,33476000,GOOGL
2016-05-03,35.33296881537294,35.376111231101774,35.07658868212303,35.13163375854492,38620000,GOOGL
2016-05-04,35.04882519572694,35.459429235809154,34.913938437251986,35.276939392089844,34172000,GOOGL
2016-05-05,35.456950540503065,35.5834040370402,35.181725108746676,35.442569732666016,29668000,GOOGL
2016-05-06,35.31809843914861,36.001945382557324,35.30570014741897,35.96177673339844,39952000,GOOGL
2016-05-09,36.03715168342154,36.41354215536826,35.87846339621092,36.157657623291016,38074000,GOOGL
2016-05-10,36.446773118112404,36.696706352834255,36.28064659066157,36.66596221923828,32634000,GOOGL
2016-05-11,36.722491447923176,36.73637662659082,36.09666336646515,36.22807693481445,29834000,GOOGL
2016-05-12,36.29998305116495,36.46710461716454,35.91665372888056,36.10509490966797,27094000,GOOGL
2016-05-13,36.033190453960316,36.26477405754417,35.87896281114881,35.94442367553711,25244000,GOOGL
2016-05-16,35.91913033901647,36.33370318908895,35.70490132454565,36.21567916870117,22538000,GOOGL
2016-05-17,36.253360992325305,36.49089586322392,35.60571403056137,35.71431350708008,33404000,GOOGL
2016-05-18,35.63051382153782,35.98111646459101,35.45794035111021,35.79317092895508,32536000,GOOGL
2016-05-19,35.62059685429264,35.72969576269237,35.224369867887525,35.472320556640625,30598000,GOOGL
2016-05-20,35.52935434039879,36.08674401536685,35.45744651708119,35.78969955444336,34798000,GOOGL
2016-05-23,35.70390577640298,35.87846174929392,35.55315134295884,35.56852340698242,24816000,GOOGL
2016-05-24,35.697464304438995,36.40908163708497,35.687544157240886,36.3510627746582,37884000,GOOGL
2016-05-25,36.44874981704337,36.69124479417943,36.32973455046976,36.60247802734375,32216000,GOOGL
2016-05-26,36.498336508868356,36.75124724221472,36.3495683824616,36.544456481933594,27202000,GOOGL
2016-05-27,36.57322348596186,37.08896139043082,36.548426902857365,37.07358932495117,34802000,GOOGL
2016-05-31,37.131113711060095,37.365179237167304,36.972921040165026,37.13557815551758,42484000,GOOGL
2016-06-01,37.11672563989267,37.26053747469422,36.91191739877006,37.11623001098633,20788000,GOOGL
2016-06-02,36.999200362313566,37.058709886887954,36.547928313668756,36.908451080322266,33916000,GOOGL
2016-06-03,36.77059208732676,36.77059208732676,36.39469724086927,36.491397857666016,24608000,GOOGL
2016-06-06,36.62231898807054,36.62231898807054,36.11600557705552,36.20377731323242,29992000,GOOGL
2016-06-07,36.36295993915317,36.53354709751744,36.24047148874412,36.254852294921875,24314000,GOOGL
2016-06-08,36.67190373879671,36.885637102022976,36.48693577174352,36.84199905395508,32314000,GOOGL
2016-06-09,36.551405174869274,36.8915920551613,36.523139188296824,36.82167053222656,19180000,GOOGL
2016-06-10,36.495862795917674,36.67884825680012,36.22609307985645,36.35899353027344,29050000,GOOGL
2016-06-13,36.19187292359751,36.647109993122605,36.19187292359751,36.294029235839844,23354000,GOOGL
2016-06-14,36.16658523294777,36.498342637148184,36.02723781595203,36.361968994140625,26584000,GOOGL
2016-06-15,36.444784883757656,36.55537068651055,36.26576444416482,36.30940628051758,23234000,GOOGL
2016-06-16,36.09963375182004,36.22013968757735,35.483725874897274,35.91565704345703,45002000,GOOGL
2016-06-17,35.77383212371017,35.77383212371017,34.76863974427127,34.923858642578125,82262000,GOOGL
2016-06-20,35.22436861959818,35.500089654650886,34.98137801259093,35.01708221435547,45654000,GOOGL
2016-06-21,35.211472678512486,35.47579044904077,34.94418491786275,35.1534538269043,30318000,GOOGL
2016-06-22,35.40984099345797,35.41777484125465,35.00468885938305,35.23230743408203,29058000,GOOGL
2016-06-23,35.23626770133524,35.45099230248681,34.72548995784813,35.450496673583984,42500000,GOOGL
2016-06-24,34.22562410768181,34.96104668906864,33.96477950200668,33.97916030883789,95436000,GOOGL
2016-06-27,33.84477214472343,33.88642767730192,33.35730026102296,33.77782440185547,58146000,GOOGL
2016-06-28,34.28513404683131,34.35307305008712,33.961806136866464,34.27967834472656,38246000,GOOGL
2016-06-29,34.42844740763184,34.68829695346316,34.35009263565463,34.47456359863281,43124000,GOOGL
2016-06-30,34.59655672969045,34.90004810804574,34.460183104318745,34.888145446777344,42250000,GOOGL
2016-07-01,34.96600848369225,35.334461344259886,34.89806947790894,35.221397399902344,30984000,GOOGL
2016-07-05,34.9615482558427,35.11577212546143,34.66995947112333,34.955596923828125,28440000,GOOGL
2016-07-06,34.705158124325365,35.357765191656206,34.66350259556553,35.15791702270508,28902000,GOOGL
2016-07-07,35.214453827114475,35.21742760096614,34.74632280139746,35.0731201171875,21174000,GOOGL
2016-07-08,35.23676206328963,35.600754186491955,35.11526488478499,35.59480285644531,29946000,GOOGL
2016-07-11,35.676139452037354,36.147739901193745,35.64886472349586,36.06195068359375,28822000,GOOGL
2016-07-12,36.29601436340188,36.478504194121754,36.07682528820751,36.32527160644531,26468000,GOOGL
2016-07-13,36.47454087970051,36.47454087970051,36.15220421179245,36.17501449584961,20436000,GOOGL
2016-07-14,36.396186247042976,36.505285161253894,36.23005973074089,36.488426208496094,21408000,GOOGL
2016-07-15,36.74628841937157,36.74628841937157,36.43089438119106,36.4799919128418,32342000,GOOGL
2016-07-18,36.59305878213125,37.44749664493927,36.52363289185408,37.35129165649414,38698000,GOOGL
2016-07-19,37.18615476278416,37.519399021382256,37.11772013347532,37.3617057800293,30436000,GOOGL
2016-07-20,37.39343856053964,37.72023962001864,37.39343856053964,37.543697357177734,22502000,GOOGL
2016-07-21,37.53973667768347,37.596768066110315,37.26798441972043,37.41130065917969,19062000,GOOGL
2016-07-22,37.555605264775416,37.661230989831516,37.32451352158369,37.652801513671875,20920000,GOOGL
2016-07-25,37.5734550873279,37.67958022370046,37.394434656748906,37.565521240234375,21466000,GOOGL
2016-07-26,37.56552493252077,37.651813567927114,37.32898124969356,37.57197189331055,23792000,GOOGL
2016-07-27,37.637425715161925,37.90917792524483,37.486671283500236,37.78619384765625,32172000,GOOGL
2016-07-28,38.12688319509839,38.133330155205364,37.643376320784256,37.978111267089844,73464000,GOOGL
2016-07-29,39.558546365718506,39.86748965197744,39.17620459857705,39.24265670776367,101810000,GOOGL
2016-08-01,39.0110786010558,40.04354576529259,38.9302456672801,39.71873092651367,60594000,GOOGL
2016-08-02,39.5397100858137,39.78716517504571,39.40085828893556,39.67806625366211,39928000,GOOGL
2016-08-03,39.49706354497551,39.64930489349958,39.32597694291635,39.61855697631836,29206000,GOOGL
2016-08-04,39.58483747434988,39.682033738171114,39.37060843400929,39.535743713378906,21520000,GOOGL
2016-08-05,39.67756561496506,40.03015076539793,39.56350663425749,40.015769958496094,36146000,GOOGL
2016-08-08,39.969647494157314,40.04899352509228,39.75591413636701,39.93146514892578,24426000,GOOGL
2016-08-09,39.894772546612266,40.3331507386035,39.87344914852079,40.04304885864258,32154000,GOOGL
2016-08-10,40.02171980145878,40.21164784135088,39.99394944662197,40.0931282043457,18370000,GOOGL
2016-08-11,40.191315100155975,40.36041915480617,39.96964789374153,40.0787467956543,25646000,GOOGL
2016-08-12,39.9245284471001,40.02866729048685,39.8526206230344,40.021724700927734,17946000,GOOGL
2016-08-15,40.02965811702832,40.235457656536525,39.87196107490603,39.96767044067383,18596000,GOOGL
2016-08-16,39.845671881558154,39.88336238101851,39.52333525412157,39.73112106323242,21158000,GOOGL
2016-08-17,39.67210521444896,39.95129941040567,39.48862036579849,39.94088363647461,21322000,GOOGL
2016-08-18,39.93791416794562,40.06883209899758,39.752942412631626,39.8084831237793,17292000,GOOGL
2016-08-19,39.66169722818018,39.73310942271386,39.51739351895057,39.654754638671875,22416000,GOOGL
2016-08-22,39.59821849911361,39.63739588701339,39.390932093681144,39.52085876464844,17056000,GOOGL
2016-08-23,39.69591541959972,39.72170326217692,39.473256921432025,39.50300979614258,18350000,GOOGL
2016-08-24,39.51639840253241,39.59574444443538,39.21389823877548,39.354736328125,25672000,GOOGL
2016-08-25,39.27538982695256,39.4102765832393,39.03884615787921,39.24067687988281,24054000,GOOGL
2016-08-26,39.29968807735964,39.64235686348644,39.14695112076273,39.33588790893555,24978000,GOOGL
2016-08-29,39.3274521771406,39.59870873146845,39.192069822706415,39.46481704711914,15474000,GOOGL
2016-08-30,39.31903020597937,39.57293223089355,39.1499261378877,39.27142333984375,23348000,GOOGL
2016-08-31,39.15637154554596,39.25406341884714,39.037356276639436,39.16876983642578,21428000,GOOGL
2016-09-01,39.274401418766246,39.319530144945276,38.99421967688263,39.24563980102539,26070000,GOOGL
2016-09-02,39.437545419102655,39.528294696923204,39.337867253778704,39.51688766479492,26998000,GOOGL
2016-09-06,39.59226867828846,40.21214540241337,39.44548305044499,40.06982421875,39790000,GOOGL
2016-09-07,40.0653627440305,40.197767574629104,39.85658942830122,40.06834030151367,22906000,GOOGL
2016-09-08,39.930970295705485,40.08965857723117,39.72219322322258,39.81294250488281,23554000,GOOGL
2016-09-09,39.61111610723417,39.758896784574546,39.07951049554909,39.100833892822266,37752000,GOOGL
2016-09-12,38.904454963709604,39.680538014267306,38.85387054339459,39.61359405517578,37274000,GOOGL
2016-09-13,39.375063413723495,39.463334549811115,38.89502975873551,39.11273193359375,36180000,GOOGL
2016-09-14,39.05371784004065,39.490113445419176,39.05371784004065,39.19901657104492,25842000,GOOGL
2016-09-15,39.17670256976002,39.85311122922831,39.109754827653475,39.73310470581055,31144000,GOOGL
2016-09-16,39.623509141180904,39.623509141180904,39.35572196315992,39.57143783569336,42612000,GOOGL
2016-09-19,39.727159253624826,39.869979863443554,39.35275503822702,39.443504333496094,22990000,GOOGL
2016-09-20,39.672112881999176,39.80848652671655,39.58582425070304,39.66120147705078,20984000,GOOGL
2016-09-21,39.73458886863031,39.96518494966553,39.47523117693651,39.92154312133789,26970000,GOOGL
2016-09-22,40.168008016965224,40.617293747399934,40.054448457896264,40.463069915771484,35186000,GOOGL
2016-09-23,40.422903681301484,40.51513985173427,40.303392784561225,40.413978576660156,28234000,GOOGL
2016-09-26,40.15908288107403,40.171976800014576,39.69442130399534,39.80352020263672,29454000,GOOGL
2016-09-27,39.76286025686579,40.34108145584214,39.76286025686579,40.2042121887207,27346000,GOOGL
2016-09-28,39.874437357579566,40.180410693029,39.80997153921569,40.17098617553711,29406000,GOOGL
2016-09-29,40.03063898418057,40.36190067742348,39.71474935292823,39.80302047729492,27000000,GOOGL
2016-09-30,39.85063713405486,40.07329562351984,39.74649829321063,39.87344741821289,33204000,GOOGL
2016-10-03,39.79856053054376,39.84765427874115,39.48515279168527,39.69095230102539,29784000,GOOGL
2016-10-04,39.92006513006769,39.9944511012813,39.655751090346726,39.81047058105469,25174000,GOOGL
2016-10-05,39.96964835001755,40.093623688437845,39.707316866861795,39.73310470581055,24276000,GOOGL
2016-10-06,39.87442991848476,40.016754861426406,39.69739581964575,39.8248405456543,21998000,GOOGL
2016-10-07,39.966179435986824,39.966675064939814,39.514411753622035,39.70731735229492,23262000,GOOGL
2016-10-10,39.86699760521317,40.533985551315936,39.78319090953712,40.37480163574219,29922000,GOOGL
2016-10-11,40.374804560718644,40.65697258095822,40.037591454310316,40.146690368652344,34432000,GOOGL
2016-10-12,40.26521144516778,40.39116931675428,40.09611114868338,40.25579071044922,18158000,GOOGL
2016-10-13,39.97312998690846,39.997427160726076,39.60368203827617,39.87444305419922,27380000,GOOGL
2016-10-14,40.04156030949034,40.17247825014532,39.787162646581336,39.90022659301758,22238000,GOOGL
2016-10-17,39.96915178793048,40.34107779450819,39.8620391864878,40.01130294799805,21128000,GOOGL
2016-10-18,40.3767859905438,41.10080156765005,40.333147939351875,40.7378044128418,45786000,GOOGL
2016-10-19,40.80673017146021,41.14989456215698,40.80673017146021,41.00310516357422,30002000,GOOGL
2016-10-20,41.03880637026269,41.083935083561926,40.69118134455454,40.7447395324707,27878000,GOOGL
2016-10-21,40.66391454440971,40.8766566674164,40.58010784395228,40.86524963378906,32316000,GOOGL
2016-10-24,41.16427631898356,41.55355690969719,41.11220501274694,41.4444580078125,28952000,GOOGL
2016-10-25,41.58132914051226,41.58132914051226,40.92673948309203,41.08790969848633,37814000,GOOGL
2016-10-26,41.01699309022727,41.046254116175696,40.48290937326526,40.76805114746094,35898000,GOOGL
2016-10-27,40.81317466909028,40.99020877198648,40.396615604229304,40.532493591308594,59470000,GOOGL
2016-10-28,41.156840283677674,41.60612605093556,40.515140757668846,40.642093658447266,87098000,GOOGL
2016-10-31,40.78441521557222,40.794335361866395,40.06883291599354,40.16305160522461,44854000,GOOGL
2016-11-01,40.21115064695382,40.3643870049665,39.58581827509435,39.9438591003418,47118000,GOOGL
2016-11-02,40.00734138767822,40.00734138767822,38.92825873267209,39.09785842895508,47014000,GOOGL
2016-11-03,38.9034645627497,39.176211854857065,38.6123714304505,38.78891372680664,43504000,GOOGL
2016-11-04,38.248870652847216,39.10083034211921,38.233994217349625,38.73485565185547,39412000,GOOGL
2016-11-07,39.42167930961891,39.920058805970264,39.32001862451289,39.77277755737305,39852000,GOOGL
2016-11-08,39.772781546324836,40.46753611048518,39.65326685693545,40.26620101928711,35382000,GOOGL
2016-11-09,39.76285928752729,40.25280933150319,39.277373687692986,39.949317932128906,61970000,GOOGL
2016-11-10,40.1680141232141,40.17098789722699,38.09663296956203,38.6946907043457,118192000,GOOGL
2016-11-11,38.52211510799207,38.54591664906911,37.963234795669976,38.27119064331055,71852000,GOOGL
2016-11-14,38.271690492585314,38.27268175064442,36.874735480508704,37.35228729248047,73766000,GOOGL
2016-11-15,37.95975925689377,38.692208034147285,37.94736474986214,38.44028854370117,58878000,GOOGL
2016-11-16,38.20523887402278,38.85387729546837,38.00241687884741,38.6793212890625,35968000,GOOGL
2016-11-17,38.80428024808149,39.12165680622231,38.67286669432445,38.98577880859375,30674000,GOOGL
2016-11-18,39.035868182676,39.240177027686165,38.44971317756701,38.4804573059082,36126000,GOOGL
2016-11-21,38.58608578500666,39.005123063165335,38.49682338384016,38.91834259033203,32616000,GOOGL
2016-11-22,39.126126495505844,39.363165796299874,38.865777497779675,38.928260803222656,27884000,GOOGL
2016-11-23,39.15240745114739,39.15240745114739,38.31581979576557,38.63071823120117,26260000,GOOGL
2016-11-25,38.8097430824362,38.82412389114326,38.59055398176927,38.69171905517578,12270000,GOOGL
2016-11-28,38.598485463809816,39.659218540476544,38.58608717198016,38.967437744140625,51508000,GOOGL
2016-11-29,39.095874372556494,39.49557079083197,38.94511991908441,39.148441314697266,31240000,GOOGL
2016-11-30,39.13157880657783,39.25108970462667,38.340615518427555,38.47599411010742,45582000,GOOGL
2016-12-01,38.608406724396346,38.61088486946278,37.35922865610931,37.90323257446289,57342000,GOOGL
2016-12-02,37.78273028415342,38.209205806714394,37.638918418784954,37.9096794128418,34376000,GOOGL
2016-12-05,38.184403180891515,38.68030452090309,38.03414437871744,38.59203338623047,33770000,GOOGL
2016-12-06,38.689732201472125,38.94214736062982,38.34904967521885,38.490875244140625,34682000,GOOGL
2016-12-07,38.67782501074588,39.275383228959,38.35945342575898,39.24910354614258,40588000,GOOGL
2016-12-08,39.322504118145844,39.62252615665861,39.0725708798433,39.432594299316406,32250000,GOOGL
2016-12-09,39.63739604608283,40.165532207710385,39.57540837578578,40.1407356262207,38090000,GOOGL
2016-12-12,39.91113633053669,40.234959873944966,39.89675552333381,40.063873291015625,32572000,GOOGL
2016-12-13,40.2865331757099,40.87715268327736,40.264218520661544,40.432823181152344,42564000,GOOGL
2016-12-14,40.46158471019402,40.87516625794876,40.305870201888204,40.55927658081055,35994000,GOOGL
2016-12-15,40.53299436488209,40.81268422036397,40.2671896872104,40.44819641113281,35394000,GOOGL
2016-12-16,40.580104652013716,40.62423832922647,40.074778777211556,40.16007614135742,51978000,GOOGL
2016-12-19,40.13230502006884,40.47646067693328,39.8952619660087,40.29198455810547,25272000,GOOGL
2016-12-20,40.335127335748176,40.48985058574589,40.217598957268436,40.42587661743164,25438000,GOOGL
2016-12-21,40.45167087053728,40.45167087053728,39.92502530584198,40.27711486816406,29192000,GOOGL
2016-12-22,40.123383770654364,40.22107564952607,39.97113865211529,40.15214538574219,22632000,GOOGL
2016-12-23,40.06932996020436,40.216115593068096,39.92551810127754,40.05891418457031,15310000,GOOGL
2016-12-27,40.10254785470101,40.46554875699755,39.95973105278439,40.16453552246094,19520000,GOOGL
2016-12-28,40.33314821026562,40.33314821026562,39.79311313528553,39.898738861083984,24296000,GOOGL
2016-12-29,39.787655235629515,39.95725114232601,39.579873198421986,39.8149299621582,21148000,GOOGL
2016-12-30,39.83129857481206,39.83526739044925,39.15736795230836,39.29771041870117,34718000,GOOGL
2017-01-03,39.70285797471264,40.239423677634676,39.517889982538364,40.069332122802734,39180000,GOOGL
2017-01-04,40.16255272289262,40.33810373386275,39.87592407978732,40.05742263793945,30306000,GOOGL
2017-01-05,40.04403719083414,40.35347993020166,39.96568619388392,40.31777572631836,26810000,GOOGL
2017-01-06,40.41546657695587,41.108242374195086,40.24239748074538,40.922279357910156,40342000,GOOGL
2017-01-09,40.97979748335645,41.18113253949711,40.744245115410166,41.01996612548828,28178000,GOOGL
2017-01-10,41.01451915235194,41.130560659840825,40.819631013971716,40.961952209472656,23948000,GOOGL
2017-01-11,40.99219937898795,41.154852694030204,40.73681048196341,41.152870178222656,26508000,GOOGL
2017-01-12,41.07947374903928,41.17865628665447,40.71399470522361,41.136505126953125,26990000,GOOGL
2017-01-13,41.209398486582,41.390401407051534,41.13600757394915,41.206424713134766,25804000,GOOGL
2017-01-17,41.15981329531637,41.168738399991994,40.82260021577669,41.03385543823242,28818000,GOOGL
2017-01-18,41.14989926027357,41.15039488925985,40.86624057617033,41.1112174987793,20554000,GOOGL
2017-01-19,41.110223893139775,41.308585195718834,40.86029069494082,40.880619049072266,21410000,GOOGL
2017-01-20,41.114689478853236,41.122131480968704,40.89203098037969,41.069068908691406,26124000,GOOGL
2017-01-23,41.23965236867042,41.930441806841365,41.09534489891301,41.875396728515625,49148000,GOOGL
2017-01-24,42.001850081379125,42.226990466708926,41.76877584981214,42.1283073425293,33768000,GOOGL
2017-01-25,42.32766899169438,42.587518591402,42.13872839444334,42.57065963745117,33108000,GOOGL
2017-01-26,42.600405086499904,42.69710569891243,42.17740280667008,42.49775314331055,69866000,GOOGL
2017-01-27,42.59793101150635,42.994649861401655,41.749940071620735,41.905155181884766,75050000,GOOGL
2017-01-30,41.509924101168345,41.51835357765872,40.71499193064889,40.85384750366211,70338000,GOOGL
2017-01-31,40.63911489947876,40.81615280472264,40.33661476749601,40.67333221435547,40404000,GOOGL
2017-02-01,40.862277255504374,40.862277255504374,40.279591580894134,40.4278678894043,45020000,GOOGL
2017-02-02,40.415967007104925,40.8900494152213,40.269676991604925,40.57762908935547,33784000,GOOGL
2017-02-03,40.81913249418466,40.967900639756444,40.63167880428613,40.67036056518555,30562000,GOOGL
2017-02-06,40.70953449383201,40.78242978177051,40.38075090442297,40.74424743652344,27018000,GOOGL
2017-02-07,40.93665983419373,41.25502766801395,40.82706529787356,41.12162780761719,33332000,GOOGL
2017-02-08,41.18610061664639,41.37057675890526,40.91732214247317,41.153865814208984,26044000,GOOGL
2017-02-09,41.245607653298556,41.25800594565628,40.986253688964744,41.16279220581055,23884000,GOOGL
2017-02-10,41.30610711108008,41.514384795626334,41.18510931581262,41.40032958984375,28302000,GOOGL
2017-02-13,41.54165796360543,41.74200557655793,41.46975392643804,41.60414505004883,25914000,GOOGL
2017-02-14,41.64430594037271,41.754891728416695,41.4489222027776,41.65719985961914,27266000,GOOGL
2017-02-15,41.596706077532765,41.74349550332452,41.46827005924954,41.52281951904297,27144000,GOOGL
2017-02-16,41.58132676579933,41.78910879246054,41.51983472699082,41.76332473754883,20102000,GOOGL
2017-02-17,41.720684020891305,41.999878297873735,41.64481115818423,41.98053741455078,29224000,GOOGL
2017-02-21,42.051942921029976,42.26071622164338,41.98053073116248,42.11541748046875,25206000,GOOGL
2017-02-22,42.052444459147544,42.33956879560209,41.988470478318575,42.21906661987305,24488000,GOOGL
2017-02-23,42.205175022443974,42.28154350116454,41.77969079569566,42.20120620727539,27734000,GOOGL
2017-02-24,42.03508449324998,42.07029307110475,41.802505844371204,42.04301834106445,26924000,GOOGL
2017-02-27,41.901188394748345,42.18484328748124,41.80498340612028,42.13525390625,20206000,GOOGL
2017-02-28,42.02020639624849,42.0936011066323,41.72712696714536,41.90019607543945,27662000,GOOGL
2017-03-01,42.22004691782501,42.548334863623644,42.10301417577835,42.48634719848633,36374000,GOOGL
2017-03-02,42.464530661459044,42.473459550089444,42.088143954841,42.14418029785156,25018000,GOOGL
2017-03-03,42.099052588802756,42.19228380868571,41.889288019207335,42.105995178222656,20100000,GOOGL
2017-03-06,41.99589940031871,42.09904696985124,41.71373141676095,42.016231536865234,20958000,GOOGL
2017-03-07,42.01574305780184,42.31675634233,41.929458207599495,42.208648681640625,20774000,GOOGL
2017-03-08,42.306338775894645,42.495279359597134,42.21360696895922,42.33212661743164,20576000,GOOGL
2017-03-09,42.334609515705885,42.6827302507208,42.284025089466375,42.5404052734375,26954000,GOOGL
2017-03-10,42.781411749266475,42.857284602286036,42.529000390475204,42.71744155883789,26732000,GOOGL
2017-03-13,42.688678401756775,43.00109490777939,42.68818277278567,42.87464141845703,23332000,GOOGL
2017-03-14,42.83348114251216,43.023412972764405,42.653965087417475,42.94059753417969,21234000,GOOGL
2017-03-15,43.0412610919244,43.13746607479491,42.711981869445765,43.063575744628906,26658000,GOOGL
2017-03-16,43.16970082604321,43.277808470275495,43.02043327904606,43.14341735839844,22090000,GOOGL
2017-03-17,43.325909627095676,43.362608871455045,43.062586873676324,43.260948181152344,37366000,GOOGL
2017-03-20,43.11763121306919,43.16027800433553,42.8791050459838,43.03977584838867,30844000,GOOGL
2017-03-21,43.14639959799709,43.31550368614403,42.03706830487495,42.158565521240234,50760000,GOOGL
2017-03-22,42.12582926727601,42.416926160608924,42.002845180784206,42.141700744628906,27334000,GOOGL
2017-03-23,41.72464387625716,41.73952031148687,41.30858418506288,41.63835525512695,65754000,GOOGL
2017-03-24,41.754890196164865,41.8540727315643,41.11518081411612,41.414703369140625,42114000,GOOGL
2017-03-27,41.06509988057036,41.72415405026742,40.877154331422155,41.58182907104492,38692000,GOOGL
2017-03-28,41.640338896366956,41.92349812688398,41.272377936970315,41.686954498291016,30384000,GOOGL
2017-03-29,41.792087537760835,42.23046188484788,41.724148537435966,42.14516830444336,29146000,GOOGL
2017-03-30,42.24980312939076,42.25079438729793,41.99144045777014,42.12582778930664,18988000,GOOGL
2017-03-31,41.99441612107076,42.12979850003322,41.91556949620484,42.042518615722656,28820000,GOOGL
2017-04-03,42.089624628236784,42.59792423904813,42.02912384984257,42.48634719848633,39388000,GOOGL
2017-04-04,42.05244068770654,42.30039139038541,42.02813973306625,42.27906799316406,26970000,GOOGL
2017-04-05,42.385184573282025,42.67677329553745,42.02863062525979,42.09756088256836,37104000,GOOGL
2017-04-06,42.12682059020596,42.329646342464315,41.8540771020873,41.908626556396484,30672000,GOOGL
2017-04-07,41.90366521245205,41.94730326120509,41.52182282729505,41.75985336303711,22232000,GOOGL
2017-04-10,41.7320792765335,41.98995008119646,41.694888190970005,41.740013122558594,20924000,GOOGL
2017-04-11,41.74002249621818,41.88532125214234,41.387932934582466,41.6497688293457,19486000,GOOGL
2017-04-12,41.57935077189065,41.84019540294904,41.536208347198745,41.72812271118164,22716000,GOOGL
2017-04-13,41.707281490382464,41.84068133249229,41.549092636516676,41.664634704589844,21474000,GOOGL
2017-04-17,41.724149114766554,42.43130569924211,41.70679075101963,42.40601348876953,20982000,GOOGL
2017-04-18,42.27757947852458,42.518091975061296,42.21360928359863,42.3494873046875,18724000,GOOGL
2017-04-19,42.518087207486694,42.657434616117435,42.326668489768906,42.474449157714844,21606000,GOOGL
2017-04-20,42.634626521743776,42.84240857293472,42.52354509231196,42.6514892578125,23776000,GOOGL
2017-04-21,42.67826680238518,42.76852425193915,42.53495434716827,42.59545135498047,23458000,GOOGL
2017-04-24,43.06605939579338,43.63733798513272,42.95051352925195,43.58625793457031,33930000,GOOGL
2017-04-25,43.75139608506986,44.24680185831593,43.603619192444796,44.077701568603516,40760000,GOOGL
2017-04-26,44.20415594899179,44.28350199098391,43.894713195392065,44.09257888793945,26466000,GOOGL
2017-04-27,44.13522610974299,44.30283951744496,43.99538306032128,44.206634521484375,46846000,GOOGL
2017-04-28,46.06923926718595,46.41140864894672,45.782606814790455,45.847076416015625,76918000,GOOGL
2017-05-01,45.82872969915744,46.40744655938138,45.66260317922378,46.25867462158203,46556000,GOOGL
2017-05-02,46.28099222194127,46.76300844888873,46.168420120902084,46.47042465209961,35026000,GOOGL
2017-05-03,46.41885480391298,47.120551994682266,46.37719926559129,47.03377151489258,36496000,GOOGL
2017-05-04,47.125007545739614,47.56388128578224,46.980204446983144,47.34469223022461,38752000,GOOGL
2017-05-05,47.443878465368705,47.52917583887681,47.01641169009971,47.12451934814453,32310000,GOOGL
2017-05-08,46.98417912925206,47.6556277731692,46.98169720087836,47.54157257080078,37534000,GOOGL
2017-05-09,47.67248766438514,47.71563008444086,47.328827623964095,47.44337844848633,33758000,GOOGL
2017-05-10,47.41907778362263,47.44337495113767,47.10269249301576,47.350643157958984,22920000,GOOGL
2017-05-11,47.17460339933577,47.506860214208146,47.0417029434433,47.40271759033203,20622000,GOOGL
2017-05-12,47.49991541203768,47.506358588677905,47.212787333116125,47.36552429199219,24298000,GOOGL
2017-05-15,47.37296389248894,47.740425493350756,47.250475431059215,47.56785202026367,26754000,GOOGL
2017-05-16,47.78257326487724,47.89910659410891,47.623884994108,47.83513641357422,22030000,GOOGL
2017-05-17,47.59165389275269,47.65562407825411,46.61770138666748,46.72233963012695,48982000,GOOGL
2017-05-18,46.773415911760615,47.31791539069957,46.677706556238206,47.13542556762695,36010000,GOOGL
2017-05-19,47.250471573982466,47.58471087173579,47.20980729982092,47.34122085571289,27206000,GOOGL
2017-05-22,47.457766003721396,47.84556356068997,47.435946976111,47.80836868286133,27748000,GOOGL
2017-05-23,48.10045009405609,48.326082340687556,47.82968534461485,48.12970733642578,30908000,GOOGL
2017-05-24,48.36327930777506,48.505104865122426,48.18326761826349,48.47981643676758,22660000,GOOGL
2017-05-25,48.54874313265583,49.38086629772243,48.4902248662543,49.18647003173828,39082000,GOOGL
2017-05-26,49.19341072470701,49.411112893017176,48.96331404981225,49.25639343261719,32728000,GOOGL
2017-05-30,49.21821331226264,49.47211534031888,49.16168134034805,49.40020751953125,30324000,GOOGL
2017-05-31,49.4021916056007,49.57030062685248,48.681645460182665,48.949928283691406,34482000,GOOGL
2017-06-01,49.14184620402956,49.24995386101215,48.66230812047207,49.00944137573242,26128000,GOOGL
2017-06-02,49.02431504481306,49.41558195960664,48.94893782326675,49.397727966308594,34710000,GOOGL
2017-06-05,49.485506352515124,49.957106805966305,49.36450477446576,49.78255081176758,27578000,GOOGL
2017-06-06,49.75428258005045,50.01710970920637,49.33227152977824,49.425498962402344,31042000,GOOGL
2017-06-07,49.54500939385229,49.78403497945871,49.38532984527418,49.66452407836914,27482000,GOOGL
2017-06-08,49.79990530911829,49.8678443164769,49.4225273345688,49.80238723754883,33758000,GOOGL
2017-06-09,49.86238755763171,49.86288318658422,47.27774688858592,48.10838317871094,72958000,GOOGL
2017-06-12,47.543056479016165,48.00325364185304,46.456040021132644,47.6962890625,84042000,GOOGL
2017-06-13,48.20360007931239,48.4946931975367,47.70620801702307,48.12723159790039,40108000,GOOGL
2017-06-14,48.375181788588144,48.583459462990916,47.582232172063065,47.99978256225586,30110000,GOOGL
2017-06-15,47.012445428990574,47.640256025476745,46.63308116116803,47.61545944213867,48552000,GOOGL
2017-06-16,47.502888807700664,47.60405386865865,47.04616482162544,47.5380973815918,51184000,GOOGL
2017-06-19,48.08507334645963,48.56362012415284,48.013169314281434,48.36129379272461,29376000,GOOGL
2017-06-20,48.36576069703733,48.63751673439766,48.0131755125176,48.05235290527344,25946000,GOOGL
2017-06-21,48.141613193262096,48.576022547275464,48.07516107389255,48.52841567993164,23232000,GOOGL
2017-06-22,48.44311197489985,48.62312742845359,48.26657349069911,48.43071746826172,20190000,GOOGL
2017-06-23,48.37517484961626,48.92661687041805,48.32359917567992,48.900333404541016,31280000,GOOGL
2017-06-26,49.09423713824361,49.29210282004451,48.118797690918115,48.206077575683594,30358000,GOOGL
2017-06-27,47.685876593994784,47.96457140280664,46.966321722979984,47.01591110229492,48872000,GOOGL
2017-06-28,47.14336026379813,47.76720200383688,46.42430101204504,47.6566162109375,54912000,GOOGL
2017-06-29,47.177575224923494,47.19294728876861,46.09898829283087,46.50661849975586,64134000,GOOGL
2017-06-30,46.812593402635756,46.86267841078685,46.09948549310746,46.10295867919922,45754000,GOOGL
2017-07-03,46.278509494741044,46.32909391918535,45.390349910724595,45.59614944458008,33896000,GOOGL
2017-07-05,45.8312034300592,46.43074800115693,45.554986762116975,46.230899810791016,41882000,GOOGL
2017-07-06,45.87087638569543,46.42330972083625,45.61548748470871,46.0042724609375,40298000,GOOGL
2017-07-07,46.167923309277334,46.84582269286013,46.108413780074905,46.65489959716797,33266000,GOOGL
2017-07-10,46.711434728811206,47.26585443061606,46.711434728811206,47.16022491455078,29030000,GOOGL
2017-07-11,47.136422708071954,47.35312987294375,46.86863548745565,47.28568649291992,29224000,GOOGL
2017-07-12,47.64917988080973,48.08408485181056,47.45974745807776,47.986392974853516,32042000,GOOGL
2017-07-13,48.142106959478454,48.53386950434933,47.84456688766295,48.045406341552734,30492000,GOOGL
2017-07-14,48.30079901168149,48.476346267856194,48.10987590583128,48.445106506347656,21592000,GOOGL
2017-07-17,48.415848989756064,48.764465355089825,48.14211043919196,48.39799499511719,33210000,GOOGL
2017-07-18,48.26905499811704,49.136386766190476,48.20359792415932,48.94298553466797,28266000,GOOGL
2017-07-19,49.09472864527853,49.3719365580607,48.94595672882791,49.231597900390625,28242000,GOOGL
2017-07-20,49.441361232310015,49.52467229278483,48.82743589851954,49.20283508300781,28368000,GOOGL
2017-07-21,49.04464351457972,49.347639265019765,48.80512231873956,49.28466033935547,29266000,GOOGL
2017-07-24,49.29755529368195,49.897099847561435,49.1076234714027,49.50632858276367,79690000,GOOGL
2017-07-25,48.13714435389743,48.43617129690385,47.794971208425736,48.05432891845703,118672000,GOOGL
2017-07-26,48.24028926748868,48.298308118622934,47.61793446361979,47.869850158691406,44432000,GOOGL
2017-07-27,48.06176726220952,48.07862999676689,46.46893310540947,47.23509979248047,74358000,GOOGL
2017-07-28,47.010959426011375,47.695302007938096,46.878055184955635,47.523719787597656,36276000,GOOGL
2017-07-31,47.60652950271842,47.66554339768832,46.70051601287708,46.887474060058594,45670000,GOOGL
2017-08-01,47.002028261461085,47.333290023203226,46.86069833421592,46.940040588378906,28052000,GOOGL
2017-08-02,47.02979877062842,47.06600238669588,46.24379552740567,46.99359893798828,40788000,GOOGL
2017-08-03,47.06600380879144,47.11063311885888,46.58696136020735,46.629608154296875,22478000,GOOGL
2017-08-04,46.81061438877848,46.98864357939211,46.60481862224489,46.90186309814453,25092000,GOOGL
2017-08-07,46.98763969592613,47.0590518746517,46.78828716033782,46.899864196777344,28916000,GOOGL
2017-08-08,46.82747746877583,47.23411649795452,46.73771942926825,46.82251739501953,30102000,GOOGL
2017-08-09,46.53786138898923,46.80118412012238,46.313216631395555,46.61869430541992,28018000,GOOGL
2017-08-10,46.36678349475481,46.43124931832855,45.711202503418164,45.800960540771484,54148000,GOOGL
2017-08-11,45.8069057051772,46.28544870248275,45.683425993885166,46.123291015625,32334000,GOOGL
2017-08-14,46.56860716996804,46.66629904028285,46.34148425966757,46.56166458129883,23012000,GOOGL
2017-08-15,46.66580599029485,46.76697105224863,46.44810758478902,46.51951599121094,22130000,GOOGL
2017-08-16,46.676717679241115,47.1056713162166,46.616712522265445,46.826480865478516,26906000,GOOGL
2017-08-17,46.76101757125523,46.80366436155835,46.001793471102964,46.002784729003906,33914000,GOOGL
2017-08-18,45.969062970150496,46.1694067852082,45.79401136523501,45.92938995361328,26748000,GOOGL
2017-08-21,45.90906342916445,46.03204373184686,45.55350071986463,45.66606903076172,26024000,GOOGL
2017-08-22,45.96807115334627,46.71192317895294,45.928893766235085,46.63456344604492,35502000,GOOGL
2017-08-23,46.46595968241181,46.88400571291574,46.3786835784454,46.74267578125,22690000,GOOGL
2017-08-24,46.79871079100748,46.927642427308555,46.155524362730624,46.460506439208984,25892000,GOOGL
2017-08-25,46.57555459593632,46.650931821234515,46.12379065657195,46.14362716674805,23746000,GOOGL
2017-08-28,46.2120593607125,46.35934061711738,45.92592254041235,46.02609634399414,20988000,GOOGL
2017-08-29,45.620447528143664,46.524970378782186,45.58870835761556,46.403968811035156,23172000,GOOGL
2017-08-30,46.40000625624222,46.90532838288006,46.31966895942855,46.794742584228516,22406000,GOOGL
2017-08-31,46.927141404458006,47.467675820487095,46.92466325984651,47.370479583740234,33866000,GOOGL
2017-09-01,47.48106844305831,47.52371523369903,47.1245144866378,47.209312438964844,20858000,GOOGL
2017-09-05,46.95491010196683,47.179554848933165,46.39652549757246,46.68811798095703,29148000,GOOGL
2017-09-06,46.806641510047506,46.837881267362846,46.25172626171987,46.714900970458984,27830000,GOOGL
2017-09-07,46.825488942567944,47.13542730257057,46.49224088730193,47.10517501831055,22332000,GOOGL
2017-09-08,47.09574999009611,47.14533936648933,46.615220722809426,46.68464660644531,19998000,GOOGL
2017-09-11,46.97177848336426,47.24353070952721,46.664318271199875,46.77788162231445,26748000,GOOGL
2017-09-12,46.957897148866586,47.01591600986999,46.490757353099404,46.94450759887695,25696000,GOOGL
2017-09-13,46.8874731762672,47.251960963576245,46.84978267680518,47.1324462890625,21908000,GOOGL
2017-09-14,46.91227079077676,47.01294022589759,46.533402158652414,46.621177673339844,28548000,GOOGL
2017-09-15,46.619195067805805,46.70151488008592,46.18081690762232,46.381160736083984,39886000,GOOGL
2017-09-18,46.367270827618626,46.45901136464132,45.89071036723513,46.10642623901367,29474000,GOOGL
2017-09-19,46.287932095702274,46.51257308874732,45.95319715307209,46.459014892578125,24854000,GOOGL
2017-09-20,46.50216295273148,47.11063266470182,46.49075591911363,46.98863983154297,40080000,GOOGL
2017-09-21,47.017897323866876,47.2494808977475,46.58398363458047,46.989131927490234,27414000,GOOGL
2017-09-22,46.75209671931639,47.11063322132889,46.65638735519029,46.77639389038086,21496000,GOOGL
2017-09-25,46.58745392106083,46.60233035677024,45.846575641943474,46.33107376098633,37468000,GOOGL
2017-09-26,46.45059014936467,46.817060517117135,46.3727347754553,46.48728561401367,33454000,GOOGL
2017-09-27,46.75060923698249,47.87580811223857,46.71143184626798,47.6015739440918,46692000,GOOGL
2017-09-28,47.42056172217241,47.9129898355548,47.3858487825756,47.845054626464844,28018000,GOOGL
2017-09-29,47.904073563388195,48.39055421974736,47.904073563388195,48.28691101074219,40622000,GOOGL
2017-10-02,48.38262223379601,48.4862654467882,47.70323594067365,47.97697448730469,30782000,GOOGL
2017-10-03,47.981428718020325,48.223431842331415,47.740920047372285,48.2055778503418,21666000,GOOGL
2017-10-04,48.18971609694457,48.32063403738987,47.88473400928468,47.94275665283203,21156000,GOOGL
2017-10-05,48.2407923937289,48.92116993789947,48.115825784612824,48.855709075927734,35618000,GOOGL
2017-10-06,48.598333455929044,49.30549003881309,48.52444312392938,49.274742126464844,31060000,GOOGL
2017-10-09,49.34218207550956,49.612943019836436,49.168617367607716,49.20878601074219,25910000,GOOGL
2017-10-10,49.35706781984815,49.4646798507588,48.65338433916383,48.98514175415039,23268000,GOOGL
2017-10-11,49.046633202132725,49.96554073338551,48.99208374382419,49.87032699584961,36300000,GOOGL
2017-10-12,49.78056896083007,50.16241138556229,49.644690944066795,49.87032699584961,30614000,GOOGL
2017-10-13,50.04190738984053,50.32208910626672,49.94024669548672,49.98041534423828,26552000,GOOGL
2017-10-16,50.067687667759934,50.18521604777467,49.665513148471184,50.053802490234375,21420000,GOOGL
2017-10-17,49.959093051266045,50.31217385472003,49.890162785863865,50.1356315612793,20260000,GOOGL
2017-10-18,50.13811711977265,50.398957979956656,49.85396277772024,50.221923828125,25596000,GOOGL
2017-10-19,49.825688703861445,49.953137230765876,49.456244609722525,49.68138122558594,34284000,GOOGL
2017-10-20,49.9397478654726,50.01909011648272,49.70270480350427,49.84156036376953,32120000,GOOGL
2017-10-23,49.847022514940406,49.87727480473637,48.752071985552845,48.87307357788086,32786000,GOOGL
2017-10-24,48.920672638766945,49.05754190601021,48.45353286580902,49.01935577392578,28902000,GOOGL
2017-10-25,48.90926602189364,49.31392249587297,48.48527245064435,49.16664123535156,30574000,GOOGL
2017-10-26,49.51426515906701,49.91297029240875,49.117542541618604,49.16465377807617,47396000,GOOGL
2017-10-27,51.12693384492735,52.74506022520769,50.92162995541085,51.25983428955078,103682000,GOOGL
2017-10-30,51.03618451573967,51.56531193241497,50.69748455295272,51.23305892944336,46804000,GOOGL
2017-10-31,51.22661703233216,51.6233358892376,50.894360213096626,51.228599548339844,30326000,GOOGL
2017-11-01,51.39124964083282,51.96351945533554,51.276199409840444,51.702674865722656,43262000,GOOGL
2017-11-02,51.57324667705165,51.84748082988711,51.01138882256397,51.72102355957031,26694000,GOOGL
2017-11-03,51.71011311584816,52.102371258383826,51.457202372449544,52.06914520263672,27770000,GOOGL
2017-11-06,52.02501376157799,52.19808285283064,51.67292046474881,51.706642150878906,18294000,GOOGL
2017-11-07,52.05228575215725,52.23874817925111,51.722514668837015,52.18816375732422,26104000,GOOGL
2017-11-08,52.07212952188472,52.69894891390455,51.923361359436484,52.48075485229492,24276000,GOOGL
2017-11-09,51.9704624781529,52.11327928093476,51.36794037649405,51.95657730102539,35892000,GOOGL
2017-11-10,51.76565965173881,51.90252892161213,51.63424608418629,51.779544830322266,19442000,GOOGL
2017-11-13,51.61341849491961,52.00716356994942,51.53705001244632,51.63325500488281,18814000,GOOGL
2017-11-14,51.460678768136674,51.68780168739899,51.04461527708576,51.65507125854492,21012000,GOOGL
2017-11-15,51.325796096900035,51.55539717922264,51.11553211261901,51.39571762084961,18106000,GOOGL
2017-11-16,51.51175441091312,52.15692332926445,51.474563321821236,51.993770599365234,23768000,GOOGL
2017-11-17,52.059732345725266,52.119238094285166,51.26281764986963,51.369930267333984,26712000,GOOGL
2017-11-20,51.37538159051283,51.509277080214154,51.21074197113325,51.30893325805664,17526000,GOOGL
2017-11-21,51.57572693825396,52.08898669157897,51.531097629318225,52.08452224731445,22206000,GOOGL
2017-11-22,52.127169268374594,52.33892013082313,51.933272399634866,52.164859771728516,14538000,GOOGL
2017-11-24,52.287345319683965,52.56901768746949,52.1648568657483,52.39297103881836,16492000,GOOGL
2017-11-27,52.49462906105379,53.212197601050654,52.30618413120441,53.16111755371094,35430000,GOOGL
2017-11-28,53.25931690595889,53.557352626203155,52.29478880861113,52.728702545166016,36424000,GOOGL
2017-11-29,52.37611037638018,52.50455016630256,51.060484068236356,51.443817138671875,55866000,GOOGL
2017-11-30,51.5707700105157,51.7790476831608,51.08131558808607,51.383811950683594,45092000,GOOGL
2017-12-01,51.098172210575164,51.436872173526986,50.42821050239636,50.8333625793457,37762000,GOOGL
2017-12-04,50.968747908349535,51.14429895009427,50.04736221226815,50.178775787353516,38778000,GOOGL
2017-12-05,50.13513216130668,51.409102902921646,49.705187277347164,50.562103271484375,38998000,GOOGL
2017-12-06,50.40936503140444,51.552913441340976,50.34935987748786,51.21272659301758,28710000,GOOGL
2017-12-07,51.378853859003144,52.01608514583892,51.343645285821324,51.80036926269531,30866000,GOOGL
2017-12-08,52.1594044449779,52.38801426138552,51.864342509952124,52.038902282714844,31170000,GOOGL
2017-12-11,52.12469253060521,52.36718753032225,51.778058690010525,52.16733932495117,23254000,GOOGL
2017-12-12,52.06964815176121,52.68952491547265,51.81525048579467,52.00865173339844,33882000,GOOGL
2017-12-13,52.17278619033987,52.341390823175715,51.900038950838564,52.13856887817383,27680000,GOOGL
2017-12-14,52.34189885572581,52.916646885561256,52.24817200766171,52.440086364746094,30962000,GOOGL
2017-12-15,52.752991441506225,53.32179184713229,52.57000599772476,53.160621643066406,63760000,GOOGL
2017-12-18,53.38130306778893,53.87919075347387,53.07979796083422,53.80976486206055,30292000,GOOGL
2017-12-19,53.70711089541895,53.803811510787355,53.17401465506314,53.54643630981445,26350000,GOOGL
2017-12-20,53.60297862933039,53.618350695857906,52.99202694955412,53.23799514770508,28728000,GOOGL
2017-12-21,53.32873995836311,53.43436568251371,53.01185900248399,53.103599548339844,25640000,GOOGL
2017-12-22,53.06144529792869,53.146738878655704,52.94441254719107,53.004913330078125,17788000,GOOGL
2017-12-26,52.993996543242304,53.004907945913956,52.49809523569069,52.85564041137695,18376000,GOOGL
2017-12-27,52.892838865715824,52.975654298889715,52.48520487599397,52.57545852661133,22324000,GOOGL
2017-12-28,52.67712446082759,52.80556425276193,52.23725941281069,52.364707946777344,19884000,GOOGL
2017-12-29,52.34189390273837,52.46884301517318,52.20353397421298,52.23824691772461,23606000,GOOGL
2018-01-02,52.21940716939454,53.357995537474515,52.21940716939454,53.22063064575195,31766000,GOOGL
2018-01-03,53.25633966895291,54.35575453121397,53.23154686819996,54.128631591796875,31318000,GOOGL
2018-01-04,54.40484656612366,54.7514804041107,54.26450789235017,54.338890075683594,26052000,GOOGL
2018-01-05,54.720237383951606,55.22258571487363,54.63841320373191,55.05943298339844,30250000,GOOGL
2018-01-08,55.09464602680576,55.4993025166289,55.04505664237201,55.25382995605469,24644000,GOOGL
2018-01-09,55.46359997565758,55.46359997565758,54.955795886264745,55.183414459228516,26808000,GOOGL
2018-01-10,54.896272203580274,55.18290460680814,54.74651282637636,55.05198669433594,20734000,GOOGL
2018-01-11,55.159610992440236,55.28556886064353,54.870500380318546,55.1467170715332,22424000,GOOGL
2018-01-12,55.05001429043601,56.10132281445176,54.94637108166763,56.069091796875,38586000,GOOGL
2018-01-16,56.54812417657074,56.97311273998097,55.87121991457771,56.071563720703125,36462000,GOOGL
2018-01-17,56.352250653332995,56.49903628307341,55.71402429869447,56.488128662109375,27830000,GOOGL
2018-01-18,56.50052202410961,56.5620140670971,55.762125662718006,56.332908630371094,27498000,GOOGL
2018-01-19,56.43506511586326,56.720206894332954,56.16083095816857,56.706321716308594,30552000,GOOGL
2018-01-22,56.72218859541978,57.865736957272645,56.62300605798091,57.73085021972656,29550000,GOOGL
2018-01-23,58.051209652613295,58.44247659523314,57.884091874682795,58.32643508911133,39138000,GOOGL
2018-01-24,58.763325166375935,58.86597712030096,57.891528893223416,58.084434509277344,37128000,GOOGL
2018-01-25,58.551569524647675,58.76431163354587,58.11170450023698,58.62248229980469,29984000,GOOGL
2018-01-26,58.88977516753866,58.89126205444336,57.92276899966967,58.89126205444336,42170000,GOOGL
2018-01-29,58.913084740245644,59.408986114209235,58.71769720777798,58.83770751953125,31494000,GOOGL
2018-01-30,58.40330654777069,58.9096199859428,58.24411882426002,58.385948181152344,37338000,GOOGL
2018-01-31,58.70530384445866,58.82977861079239,58.124604467232764,58.62645721435547,36022000,GOOGL
2018-02-01,58.31751125615229,58.88581613611775,57.98872761220366,58.59521484375,73514000,GOOGL
2018-02-02,55.90890813522095,56.10131810025755,55.10306844525168,55.501277923583984,117842000,GOOGL
2018-02-05,54.579401181234864,55.29250913268484,52.403885060973224,52.68406677246094,83550000,GOOGL
2018-02-06,51.275213158237804,53.92332476135925,51.07833873275728,53.777034759521484,76630000,GOOGL
2018-02-07,53.80380607302369,53.88116580081449,52.29874375805845,52.337921142578125,51942000,GOOGL
2018-02-08,52.55909632128308,52.760431392321244,49.823209411400484,49.972476959228516,66792000,GOOGL
2018-02-09,50.87352667351269,52.15493558662901,49.44136332550892,51.88467025756836,98360000,GOOGL
2018-02-12,52.4004070092241,52.841758900887086,51.84599118550171,52.295772552490234,56240000,GOOGL
2018-02-13,52.069644225040435,52.62604638340829,51.91690726786351,52.27494812011719,31586000,GOOGL
2018-02-14,52.28386999116472,53.33270027203883,52.05972464235817,53.195335388183594,41304000,GOOGL
2018-02-15,53.728435037863214,54.256571212523454,52.9240821910196,54.12069320678711,37396000,GOOGL
2018-02-16,54.220858716951525,54.96124131452248,54.13010943882767,54.325992584228516,39948000,GOOGL
2018-02-20,54.190122977680886,55.35697742181171,54.05325370420619,54.7271842956543,33754000,GOOGL
2018-02-21,55.00042193417786,56.3443141726212,54.921571529083906,55.231014251708984,41486000,GOOGL
2018-02-22,55.4997978573037,55.811718753696205,54.80454387055176,55.040096282958984,28010000,GOOGL
2018-02-23,55.47449948727988,55.987263575328406,54.96769051344741,55.942134857177734,25292000,GOOGL
2018-02-26,56.12909742398579,56.741040359883044,56.00413080921615,56.71624755859375,30912000,GOOGL
2018-02-27,56.71624404513445,56.74351877326241,55.381772449677165,55.417476654052734,42964000,GOOGL
2018-02-28,55.64013458167167,55.92032007840852,54.69792496509287,54.74354553222656,49292000,GOOGL
2018-03-01,55.02224036000283,55.108029569544456,52.92705409936514,53.13136672973633,55338000,GOOGL
2018-03-02,52.46537287912138,53.899026988063376,52.07510100225839,53.76265335083008,50162000,GOOGL
2018-03-05,53.464617792333975,54.60766685300695,53.17401652362872,54.28929901123047,28648000,GOOGL
2018-03-06,54.65329004456819,54.82834543933603,54.27640394048558,54.593780517578125,23382000,GOOGL
2018-03-07,54.19309379120403,55.35251373694703,54.04878630713491,55.294986724853516,30748000,GOOGL
2018-03-08,55.40210212118872,56.108263680275236,55.40210212118872,56.00611114501953,33862000,GOOGL
2018-03-09,56.50795689570287,57.574145546899096,56.249594231403485,57.56621170043945,42662000,GOOGL
2018-03-12,57.7749921970881,58.42512124352599,57.48489032731857,57.818634033203125,44306000,GOOGL
2018-03-13,58.1112154225278,58.4171887778618,56.26348776106414,56.528297424316406,43140000,GOOGL
2018-03-14,56.82037734611677,57.51265369061829,56.64929077575586,56.973609924316406,41870000,GOOGL
2018-03-15,57.00733846980149,57.64853862654186,56.31754018699412,57.05891036987305,33382000,GOOGL
2018-03-16,57.29396905727139,57.36636872328307,56.104300590504835,56.256046295166016,58656000,GOOGL
2018-03-19,55.42987575383927,55.50971364000211,53.99969477458665,54.55262756347656,63656000,GOOGL
2018-03-20,54.469801528272725,54.824372954787925,53.67735139651554,54.34086990356445,54598000,GOOGL
2018-03-21,54.18070083702967,54.980589276264126,53.91489614445986,54.25161361694336,44898000,GOOGL
2018-03-22,53.557842536859184,53.75173939363929,52.05178883452295,52.225852966308594,69312000,GOOGL
2018-03-23,52.137589650148506,52.90177394256049,50.82345009162017,50.906761169433594,49880000,GOOGL
2018-03-26,52.09939566186596,52.5293443201654,50.11479896430372,52.272464752197266,65984000,GOOGL
2018-03-27,52.75894960278236,52.79068877546152,49.4721159433285,49.934295654296875,60816000,GOOGL
2018-03-28,49.68485388033702,50.82939354831861,48.79669436686432,49.84701156616211,77698000,GOOGL
2018-03-29,50.14604189126443,51.972941540520445,49.79047919799269,51.43191146850586,69338000,GOOGL
2018-04-02,50.959817615214966,51.55043709116375,49.304995725569974,50.216461181640625,65068000,GOOGL
2018-04-03,50.39102106650688,50.829894876753684,49.453767697795094,50.516483306884766,51322000,GOOGL
2018-04-04,49.50236245886498,51.2137201179156,49.41706887438984,51.06346130371094,50724000,GOOGL
2018-04-05,51.89062756065063,51.90649525559335,50.78030509168495,51.208763122558594,35836000,GOOGL
2018-04-06,50.73566868177713,51.37538191226471,49.90007607203774,50.083560943603516,40134000,GOOGL
2018-04-09,50.58392477939644,51.80136361150486,50.542269243842824,50.58640670776367,33220000,GOOGL
2018-04-10,51.09073807094484,51.63375070876464,50.3543241899875,51.40018081665039,36620000,GOOGL
2018-04-11,51.177022357273046,51.36893671133409,50.54226917817933,50.83286666870117,34060000,GOOGL
2018-04-12,51.150738957977,51.804333558003776,50.88196051268836,51.43935012817383,32896000,GOOGL
2018-04-13,51.91541758840648,52.21741830032065,51.0852769479233,51.37736129760742,25410000,GOOGL
2018-04-16,51.84896886410997,52.14055760390715,51.272234561158584,51.876243591308594,29776000,GOOGL
2018-04-17,52.625050281668095,53.80529408010115,52.42123329225185,53.525604248046875,54584000,GOOGL
2018-04-18,53.50825905100342,53.656531576402124,53.08723923405093,53.32874298095703,31126000,GOOGL
2018-04-19,53.012851887323954,54.42567449731254,53.012851887323954,54.025978088378906,39884000,GOOGL
2018-04-20,53.76910123700116,54.28880417094214,53.16558781994128,53.4244499206543,42434000,GOOGL
2018-04-23,53.70512291892227,53.95406863635697,52.89680507681569,53.25038146972656,69590000,GOOGL
2018-04-24,52.52587472547553,52.78820622986512,50.227870118170934,50.712860107421875,128220000,GOOGL
2018-04-25,51.06544376987916,51.378855318134626,50.433664383643524,50.73021697998047,57860000,GOOGL
2018-04-26,51.23751872622358,52.16981568812195,50.60425248870009,51.737884521484375,50926000,GOOGL
2018-04-27,51.84846920402665,52.15394309815945,50.95832720541133,51.149742126464844,40746000,GOOGL
2018-04-30,51.297031813913144,51.49291119658889,50.4976390221724,50.51152420043945,34492000,GOOGL
2018-05-01,50.398460199378235,51.659537153404955,50.116292168946714,51.610939025878906,35326000,GOOGL
2018-05-02,51.27620250432645,51.77111261726517,50.7386455999112,50.881961822509766,34698000,GOOGL
2018-05-03,50.84823576896369,51.112054125446285,49.981399702318726,50.894351959228516,39282000,GOOGL
2018-05-04,50.56259783900899,52.162874009608664,50.48523810460643,52.119232177734375,36892000,GOOGL
2018-05-07,52.26254829014382,52.81349473022608,52.08303224033629,52.53876495361328,34400000,GOOGL
2018-05-08,52.79464766280065,52.82489994498031,52.150969446253896,52.49562072753906,26030000,GOOGL
2018-05-09,52.768871028972896,54.25161519042565,52.670184105592654,54.001182556152344,47160000,GOOGL
2018-05-10,54.301196801902826,55.015791572078946,54.245656093888606,54.820404052734375,36414000,GOOGL
2018-05-11,54.56948129284038,54.99595676164047,54.41128863921936,54.71676254272461,30504000,GOOGL
2018-05-14,54.825365721168026,55.449211230043865,54.78718337501046,54.87644577026367,39338000,GOOGL
2018-05-15,54.39542566367748,54.50551583478358,53.496850300827376,53.79885482788086,35738000,GOOGL
2018-05-16,53.80976696492129,54.27045979457805,53.638184745600924,53.76017379760742,25628000,GOOGL
2018-05-17,53.62975504669495,54.10284238278998,53.37981804544918,53.619834899902344,25738000,GOOGL
2018-05-18,52.86309084433973,53.24642394515958,52.797633763463644,53.04359817504883,35482000,GOOGL
2018-05-21,53.50776019100628,54.21689932279822,53.45817080919839,53.75620651245117,25180000,GOOGL
2018-05-22,54.043335542942394,54.142514308298246,53.173521804708045,53.324771881103516,22226000,GOOGL
2018-05-23,53.06144635744468,53.954070332903406,52.91069191788155,53.8529052734375,23740000,GOOGL
2018-05-24,53.899517828852964,53.910425448806265,53.17550232681941,53.82761001586914,20604000,GOOGL
2018-05-25,53.882162527365246,54.03192570903824,53.686283151739836,53.759674072265625,22224000,GOOGL
2018-05-29,53.358981963082684,53.62379535982759,52.7182775401866,52.96573257446289,36076000,GOOGL
2018-05-30,53.23401909347628,53.5072619843756,52.890359056796385,53.431884765625,28686000,GOOGL
2018-05-31,53.65653211977439,55.045057608864525,53.45817457855658,54.549156188964844,79368000,GOOGL
2018-06-01,55.187380581436216,56.4415148938306,55.14473000386579,56.28480911254883,63202000,GOOGL
2018-06-04,56.45836729205581,57.41843459494739,56.38398133372516,57.17940902709961,44754000,GOOGL
2018-06-05,57.259746162219145,57.579105234789964,56.902696589933235,57.0792350769043,32964000,GOOGL
2018-06-06,57.16602203245919,57.26222701862071,56.35026594935218,56.87740707397461,34934000,GOOGL
2018-06-07,56.759881533622824,56.82385172347052,55.84444723238327,56.256046295166016,36108000,GOOGL
2018-06-08,56.09685580358714,56.47225120597935,55.701124481501935,56.171241760253906,27284000,GOOGL
2018-06-11,56.1826524304794,56.91658816528668,56.1062839480188,56.577388763427734,24796000,GOOGL
2018-06-12,56.583341076973774,56.96667416633421,56.583341076973774,56.93890380859375,26092000,GOOGL
2018-06-13,57.141720123312105,57.30834603666052,56.700368217230384,56.74251937866211,34302000,GOOGL
2018-06-14,57.13825529447141,57.82160660348666,57.05841362577938,57.5300178527832,35422000,GOOGL
2018-06-15,57.52058855939883,57.718454229804756,57.21164525280323,57.48835754394531,44438000,GOOGL
2018-06-18,57.162051906971335,58.72116815848394,57.07824521357775,58.69389343261719,33038000,GOOGL
2018-06-19,58.025916529943856,58.65570961097429,57.604401118221695,58.45140075683594,47282000,GOOGL
2018-06-20,58.680010706447035,59.582055430097064,58.61703177653395,58.71819305419922,51686000,GOOGL
2018-06-21,58.78959794248259,59.02861971240183,57.697125894430755,57.99268341064453,44966000,GOOGL
2018-06-22,58.094351288368564,58.268411642139256,57.50720121442879,57.985252380371094,34220000,GOOGL
2018-06-25,57.27660748631316,57.32570123702275,55.535992641005855,56.49705123901367,57682000,GOOGL
2018-06-26,56.73806097837221,56.87343957261279,55.98726632248707,56.16678237915039,34688000,GOOGL
2018-06-27,56.33439303520849,56.840710163752625,55.377303271033774,55.38920593261719,34538000,GOOGL
2018-06-28,55.16357460022306,56.23521906056949,54.85016682481249,55.87717819213867,29726000,GOOGL
2018-06-29,56.151408280296124,56.600198405698514,55.88907679382652,55.99668502807617,31562000,GOOGL
2018-07-02,55.31036435023385,56.68103578672124,54.87645062613455,56.637393951416016,23216000,GOOGL
2018-07-03,56.999894409332576,57.02419157816207,55.264735289782664,55.356475830078125,16448000,GOOGL
2018-07-05,55.76906672616169,56.73805916810667,55.695672023074046,56.59672546386719,28594000,GOOGL
2018-07-06,56.62052946544287,57.336115507701486,56.39588470082702,57.280574798583984,21820000,GOOGL
2018-07-09,57.5245597123931,57.91780914101105,57.387194819139,57.88557434082031,21584000,GOOGL
2018-07-10,58.019969123860406,58.19402948902671,57.65151247076187,57.87863540649414,21334000,GOOGL
2018-07-11,57.30735360137686,58.53818194817805,57.29495909360109,58.092864990234375,33252000,GOOGL
2018-07-12,58.261472599257694,59.606851842127064,58.17419271086194,59.57065200805664,44148000,GOOGL
2018-07-13,59.6470186605164,60.02588729269595,59.27459698855449,59.72735595703125,32612000,GOOGL
2018-07-16,59.69710416604418,59.94009857353567,59.18087063251283,59.33509826660156,26784000,GOOGL
2018-07-17,58.65224377865796,60.43847933719523,58.6155445322406,60.15680694580078,40162000,GOOGL
2018-07-18,59.93116229582172,60.57880931643546,59.7342916759033,60.14836883544922,38948000,GOOGL
2018-07-19,59.8379394825147,60.325411378483885,59.3955963063549,59.46353530883789,38338000,GOOGL
2018-07-20,59.47047758336647,60.04225180149662,59.33906023978065,59.40303421020508,37938000,GOOGL
2018-07-23,59.29294649496772,60.256978917546036,59.11193976367233,60.05365753173828,65446000,GOOGL
2018-07-24,63.02906172072626,63.227423020220215,61.69707215887038,62.39183044433594,107600000,GOOGL
2018-07-25,62.117597865204,63.38809541844173,61.940559956385655,63.27404022216797,51104000,GOOGL
2018-07-26,62.839627727838064,63.84234182040767,62.63234132902849,63.74811935424805,54686000,GOOGL
2018-07-27,63.92764032936621,64.04268678664052,61.71442994578182,62.13098907470703,48362000,GOOGL
2018-07-30,61.742200025261354,62.13098879607649,60.70675921387237,60.99785232543945,43896000,GOOGL
2018-07-31,61.080667817479224,61.55177639947601,60.31103168905278,60.858009338378906,39382000,GOOGL
2018-08-01,61.44762970037204,61.784343335293414,60.74493762423114,61.14413833618164,36994000,GOOGL
2018-08-02,60.425584496741564,61.7104667119602,60.4037654708789,61.54780960083008,34704000,GOOGL
2018-08-03,61.74864867459752,61.815100793177606,60.967109863223676,61.40052795410156,21264000,GOOGL
2018-08-06,61.571612050334366,61.61376321311959,61.022152480370046,61.376224517822266,22114000,GOOGL
2018-08-07,62.08735086996037,62.78508678959442,62.07693887742796,62.27728271484375,42506000,GOOGL
2018-08-08,62.32092023809937,63.06477234944003,62.092806044632866,62.54953384399414,34344000,GOOGL
2018-08-09,62.61895703178096,63.076672285932354,62.48853472509049,62.70474624633789,27326000,GOOGL
2018-08-10,62.442914440189575,62.54308825195144,61.84684299344489,62.11214828491211,26602000,GOOGL
2018-08-13,62.047183771312895,62.77962882865743,61.840392980843816,61.920230865478516,27500000,GOOGL
2018-08-14,62.11164468649074,62.51282794421975,61.46895771112205,62.391334533691406,28080000,GOOGL
2018-08-15,61.70401855503376,62.085860958793766,60.809412028021946,61.105960845947266,37052000,GOOGL
2018-08-16,61.59045622905311,61.675257970750934,60.48162067754189,60.7013053894043,32176000,GOOGL
2018-08-17,60.60113881029024,60.84462507775338,59.706532217482575,60.29417419433594,33092000,GOOGL
2018-08-20,60.5326942451203,60.7930432067611,59.93959666290858,60.59666442871094,22218000,GOOGL
2018-08-21,60.64973160024402,61.13273906052275,60.25350461148751,60.37152862548828,23082000,GOOGL
2018-08-22,60.21333713228483,60.823793135762685,60.163747749963264,60.586753845214844,22296000,GOOGL
2018-08-23,60.49401674337012,61.252249616869754,60.46773327420355,60.557491302490234,24666000,GOOGL
2018-08-24,60.7975083008106,61.36283557012292,60.57038537845587,61.330604553222656,24454000,GOOGL
2018-08-27,61.69706839037308,62.37794145678871,61.525486198382474,62.2985954284668,28580000,GOOGL
2018-08-28,62.280251594971496,62.31298202386681,61.639051483139156,61.78236770629883,27330000,GOOGL
2018-08-29,62.235621729462196,62.83913511732767,62.126522823074154,62.71416473388672,36926000,GOOGL
2018-08-30,62.65218094105127,62.95418546815909,61.849318724961755,62.207855224609375,30104000,GOOGL
2018-08-31,62.09726750466906,62.114126456740365,60.78511059701387,61.08513259887695,42308000,GOOGL
2018-09-04,60.62493731993848,60.89024638459833,59.83347835374634,60.06903076171875,41458000,GOOGL
2018-09-05,59.96538422822053,60.24556971398544,58.28527013841559,59.46353530883789,53988000,GOOGL
2018-09-06,59.43725776135782,59.4580855302462,57.703585303195204,58.7142333984375,46854000,GOOGL
2018-09-07,58.11963507921533,58.940354968562986,57.98425649638422,58.396846771240234,32658000,GOOGL
2018-09-10,58.724643619292685,58.84663645485562,58.05071303312725,58.27138900756836,27670000,GOOGL
2018-09-11,58.07501817676469,59.058887212798616,57.81962923680244,59.011775970458984,29254000,GOOGL
2018-09-12,58.61554184719363,59.04648178265225,57.83003423960073,58.09980773925781,35716000,GOOGL
2018-09-13,58.501484515976244,58.90614096728705,57.98177782832389,58.62248229980469,40068000,GOOGL
2018-09-14,58.91309138715943,58.91309138715943,58.19502330177372,58.416194915771484,24176000,GOOGL
2018-09-17,58.40577882192011,58.60661828158501,57.44819334906225,57.51613235473633,34096000,GOOGL
2018-09-18,57.656467902342634,58.58231793606274,57.5954714892381,57.87714385986328,32314000,GOOGL
2018-09-19,57.96888931276128,58.3313908288517,57.456125199601075,58.23221206665039,25962000,GOOGL
2018-09-20,58.54958395102467,59.210620525510706,58.33039489370249,59.09011459350586,29244000,GOOGL
2018-09-21,59.25624581376571,59.338565624059825,58.12261750425086,58.12559127807617,91222000,GOOGL
2018-09-24,57.49530023539939,58.773731604603434,57.10304207996326,58.49454116821289,31150000,GOOGL
2018-09-25,58.72712229225433,59.352450934388095,58.223283283094446,59.205169677734375,33152000,GOOGL
2018-09-26,59.19525050604648,59.86719472365438,58.78414710213742,59.21359634399414,37650000,GOOGL
2018-09-27,59.50816642084424,60.344254675953586,59.41146580174746,59.87314987182617,36274000,GOOGL
2018-09-28,59.71098807412837,59.927203377959636,59.40055408003131,59.8592643737793,35612000,GOOGL
2018-10-01,60.15283860556352,60.70824572698339,59.66635796192312,59.93116760253906,33164000,GOOGL
2018-10-02,59.83893287455786,60.72411867083924,59.49130778630442,59.88703536987305,40180000,GOOGL
2018-10-03,60.10324289211977,60.211350537994456,59.61477975331187,60.07993698120117,26246000,GOOGL
2018-10-04,59.75760228989109,59.80074471048589,57.715482313943795,58.371063232421875,46576000,GOOGL
2018-10-05,58.31800151953087,58.61554159078529,57.24288769111712,57.91284942626953,31852000,GOOGL
2018-10-08,57.52456145272138,58.31106033375174,56.3046444828215,57.322235107421875,46190000,GOOGL
2018-10-09,57.09361762617503,57.601421645972316,56.73954560012242,56.78913497924805,33690000,GOOGL
2018-10-10,56.35423173524925,56.384979648297815,54.128131258402064,54.16036605834961,58980000,GOOGL
2018-10-11,53.50973925718462,55.34556779109662,53.35352912030459,54.089942932128906,67696000,GOOGL
2018-10-12,55.52310448461403,55.83006909493526,54.302691828734865,55.5677375793457,49370000,GOOGL
2018-10-15,55.44178088322421,55.63022206287671,54.460885654082006,54.67015838623047,30074000,GOOGL
2018-10-16,55.217627994318065,56.35274700722505,55.13183877872976,56.18959426879883,38378000,GOOGL
2018-10-17,56.532759256237064,56.87988872075528,55.24341638076275,55.9173469543457,35652000,GOOGL
2018-10-18,56.0368543512586,56.15339147492875,53.87175031932943,54.44550704956055,46152000,GOOGL
2018-10-19,54.73313878615996,55.58807238229022,54.401876988282474,54.806034088134766,41286000,GOOGL
2018-10-22,55.16952712111262,55.62476424922726,54.54915473377439,55.11299514770508,27116000,GOOGL
2018-10-23,54.11722105929459,55.44177625930868,53.50825573348647,55.28853988647461,37686000,GOOGL
2018-10-24,55.29300386341311,55.3733411581951,52.32056935760662,52.422725677490234,49286000,GOOGL
2018-10-25,53.57222873103137,55.432850277026816,53.33667631790497,54.7271842956543,72956000,GOOGL
2018-10-26,51.98683021310207,55.39218343469779,51.68433006424773,53.74331283569336,106438000,GOOGL
2018-10-29,54.377562936883656,54.987027595454904,49.9471814882782,51.31239700317383,81290000,GOOGL
2018-10-30,50.582434003073345,52.11427175000046,50.2829114299939,52.04534149169922,59768000,GOOGL
2018-10-31,52.97218539969845,54.94587456200168,52.97218539969845,54.08201217651367,70916000,GOOGL
2018-11-01,54.12267938183399,54.544194822068334,53.44924442209076,53.85390090942383,40132000,GOOGL
2018-11-02,54.0036608708647,54.4499728681632,52.94540599746691,53.135337829589844,43438000,GOOGL
2018-11-05,53.18690854656396,53.22757282190439,51.276202151660776,52.35379409790039,45358000,GOOGL
2018-11-06,52.3185931129103,53.548430347286896,52.248671585038394,53.040130615234375,28660000,GOOGL
2018-11-07,53.73041618700617,55.04157799583169,53.58660433801506,54.95777130126953,43388000,GOOGL
2018-11-08,54.91116216518148,54.956782731858674,53.7735612372915,54.28285217285156,33694000,GOOGL
2018-11-09,53.75670205685472,53.97142669030988,52.77680195086009,53.40957260131836,34860000,GOOGL
2018-11-12,53.21666748640021,53.26476998164376,51.59110279461373,52.037906646728516,34002000,GOOGL
2018-11-13,52.308178293181584,52.89631588540383,51.59358341935655,51.96897888183594,25750000,GOOGL
2018-11-14,52.565546647513486,52.85267472897026,51.628788964411534,52.29676818847656,34666000,GOOGL
2018-11-15,52.14205090644146,53.50131532395517,51.63771624229382,53.113521575927734,41584000,GOOGL
2018-11-16,52.824903973568865,53.18244920128964,52.312635487457975,52.97565841674805,35366000,GOOGL
2018-11-19,52.73365903127733,52.962272640624455,50.7242693123681,50.94990158081055,45684000,GOOGL
2018-11-20,49.9516463854331,51.44232802676677,49.69973067309953,51.100154876708984,54458000,GOOGL
2018-11-21,51.83706287462621,52.30321135194461,51.546961040367535,51.74383544921875,29698000,GOOGL
2018-11-23,51.251414125277314,51.72252277305887,51.004454658245834,51.08280944824219,14178000,GOOGL
2018-11-26,51.77210565786005,52.41677519212862,51.56233731257599,52.36421203613281,31558000,GOOGL
2018-11-27,52.136096916276294,52.900776751961324,51.846490692518564,52.182708740234375,33048000,GOOGL
2018-11-28,52.439588587382175,54.195079932226704,51.72003368504357,54.14201736450195,46042000,GOOGL
2018-11-29,53.73239993732191,54.556589291132255,53.656527087727646,54.280372619628906,31004000,GOOGL
2018-11-30,54.33244830687817,55.0276985168457,53.715049685217814,55.0276985168457,59668000,GOOGL
2018-12-03,56.14396427652562,56.284798553260806,55.130834482349165,55.36043930053711,57532000,GOOGL
2018-12-04,55.193328765578826,55.25531643727826,52.60422736109533,52.68803405761719,45630000,GOOGL
2018-12-06,51.82169421560711,53.528587431634996,51.696727612647116,53.462135314941406,47436000,GOOGL
2018-12-07,53.17203169584198,53.80678483588291,51.542498271462186,51.90004348754883,42682000,GOOGL
2018-12-10,51.71954044563596,52.54571236714273,51.22661659854662,52.22734451293945,33652000,GOOGL
2018-12-11,52.90969704277266,53.08127923725199,52.074600134734276,52.64736557006836,33852000,GOOGL
2018-12-12,53.412544503125076,54.13903818940161,53.159138117751525,53.24641799926758,28960000,GOOGL
2018-12-13,53.34262138246807,53.97489636278755,52.81299834519464,53.23699188232422,24986000,GOOGL
2018-12-14,52.56653650781619,53.14674020302357,52.03840033776918,52.154441833496094,36358000,GOOGL
2018-12-17,51.92137162429705,52.683573360961546,50.4148259287533,50.86212921142578,49932000,GOOGL
2018-12-18,51.27620708734032,52.55017794403333,51.10164730726494,51.74285125732422,43640000,GOOGL
2018-12-19,51.93525681051132,53.34461003728609,50.55367772499498,51.34860610961914,58264000,GOOGL
2018-12-20,50.87947841740383,51.942693316807016,49.979915657086195,50.75947189331055,53674000,GOOGL
2018-12-21,51.17900219393605,51.45819261563944,48.65734437739883,49.156219482421875,104656000,GOOGL
2018-12-24,48.81257098506387,50.19117640653945,48.482300438759765,48.82992935180664,36360000,GOOGL
2018-12-26,49.49046364150032,51.99278082622474,49.22565021595134,51.96302795410156,46318000,GOOGL
2018-12-27,50.8894031809876,52.23527804094149,49.93726961475843,52.21345901489258,45996000,GOOGL
2018-12-28,52.54075470295131,52.77531586616497,51.672927205277276,51.90501022338867,34398000,GOOGL
2018-12-31,52.457936179774954,52.71382450957579,51.22859846003051,51.8197135925293,33110000,GOOGL
2019-01-02,50.93898977352967,52.6047230648871,50.843776043780714,52.301727294921875,31868000,GOOGL
2019-01-03,52.10287655026425,52.87598594636795,50.699474586222124,50.85320281982422,41960000,GOOGL
2019-01-04,51.700688682993224,53.557344942092904,51.41802506935815,53.46163558959961,46022000,GOOGL
2019-01-07,53.60545509662506,53.69124431582315,52.696467715878086,53.35502624511719,47446000,GOOGL
2019-01-08,53.8548939366267,54.21938178625841,52.97962822517848,53.82365417480469,35414000,GOOGL
2019-01-09,53.95357823458152,54.13458118632317,53.27815698611534,53.63917541503906,26998000,GOOGL
2019-01-10,53.30642301238766,53.54792673522367,52.797627727154754,53.49932861328125,26598000,GOOGL
2019-01-11,53.05648645219858,53.228564287913436,52.38850724708884,52.78721237182617,30864000,GOOGL
2019-01-14,52.235272902263915,52.48867928043949,51.99773800063954,52.14452362060547,28490000,GOOGL
2019-01-15,52.46686963712235,53.96746788292296,52.28983170266617,53.88018798828125,37518000,GOOGL
2019-01-16,54.05325450748139,54.6661886897786,53.95457136636317,54.028953552246094,38280000,GOOGL
2019-01-17,53.95357830753692,54.58386705102719,53.71901337333294,54.505516052246094,24896000,GOOGL
2019-01-18,54.97512970149426,55.44177382173564,54.51344565423578,54.91115951538086,44892000,GOOGL
2019-01-22,54.35079086117299,54.498075902626475,53.10558170056644,53.489410400390625,39632000,GOOGL
2019-01-23,53.89753253264309,54.19953702925566,52.9409421901349,53.776039123535156,25194000,GOOGL
2019-01-24,53.68182026674649,53.95407191142613,53.06243916780323,53.75571060180664,29114000,GOOGL
2019-01-25,54.263016457589686,54.71577542869572,54.14251429554499,54.6240348815918,23260000,GOOGL
2019-01-28,54.05672457402515,54.22036915695017,53.29005842382145,53.55040740966797,29334000,GOOGL
2019-01-29,53.608914415151666,53.7919036365498,52.86407117782275,53.064414978027344,19704000,GOOGL
2019-01-30,53.426431833040915,54.525351001051796,53.390727629345626,54.44947814941406,29452000,GOOGL
2019-01-31,55.1561302445522,55.92130565019333,54.80949644829899,55.83303451538086,40232000,GOOGL
2019-02-01,55.65451311988307,56.25505273717581,55.25581177728074,55.47251892089844,33116000,GOOGL
2019-02-04,55.49185868396291,56.648796650028686,55.41747272312424,56.603172302246094,78408000,GOOGL
2019-02-05,56.01850709621822,57.16602438858918,55.71948013382828,57.12139129638672,82296000,GOOGL
2019-02-06,56.99245699091347,57.227018124056855,55.459624180838055,55.684268951416016,48256000,GOOGL
2019-02-07,55.13531121558473,55.143740692226345,54.231283896619765,54.84223556518555,38298000,GOOGL
2019-02-08,54.29524926151284,54.80206204094916,54.263513873819036,54.66717529296875,21766000,GOOGL
2019-02-11,54.73511453956528,55.21514822312965,54.54915152300957,54.65428161621094,18498000,GOOGL
2019-02-12,55.095139799771296,56.178686919455295,55.095139799771296,55.91685104370117,35036000,GOOGL
2019-02-13,56.18760746750366,56.674088088339815,55.83849173367112,55.96891403198242,28042000,GOOGL
2019-02-14,55.78890707502711,56.34084481447658,55.39664888901063,55.99718475341797,21106000,GOOGL
2019-02-15,56.49804146814514,56.49804146814514,55.37829460553834,55.52260208129883,27826000,GOOGL
2019-02-19,55.37433795065164,56.0190075389514,55.37433795065164,55.863792419433594,21980000,GOOGL
2019-02-20,55.981312910608274,56.08297359732325,55.13183515305827,55.57020950317383,24090000,GOOGL
2019-02-21,55.48045563907056,55.498805261978845,54.44897982598099,54.75792694091797,33272000,GOOGL
2019-02-22,55.030174478552766,55.40457864300607,54.57394613575661,55.370361328125,29436000,GOOGL
2019-02-25,55.63666444539481,55.808742286415196,55.24887071273336,55.40855026245117,26208000,GOOGL
2019-02-26,55.2617564028547,55.86030968921441,54.881400918895295,55.640625,35026000,GOOGL
2019-02-27,55.243908298338845,55.82510324372257,54.97364296316191,55.684268951416016,22092000,GOOGL
2019-02-28,55.49136804808821,56.23472452755319,55.46211080344531,55.86577224731445,27422000,GOOGL
2019-03-01,56.08645011269494,57.02866357187226,56.08645011269494,56.95526885986328,34086000,GOOGL
2019-03-04,57.25479323418652,57.798301506845725,56.44597589388642,57.19826126098633,35490000,GOOGL
2019-03-05,57.32619922743179,58.34230294891412,57.17842234025884,57.98029327392578,40094000,GOOGL
2019-03-06,58.10774323810325,58.255520128917794,57.67581203241563,57.76953887939453,23602000,GOOGL
2019-03-07,57.54935904423013,57.70209600970842,56.61755761884441,57.0708122253418,30086000,GOOGL
2019-03-08,56.2302536858285,57.1997417315838,56.04676882458191,57.02716827392578,23694000,GOOGL
2019-03-11,57.127837740777274,58.511898680700604,57.106514344542475,58.47966766357422,30032000,GOOGL
2019-03-12,58.63042169944413,59.791324739143484,58.63042169944413,59.37179183959961,42220000,GOOGL
2019-03-13,59.80223411527283,59.86124422838143,59.40452025427546,59.4615478515625,25888000,GOOGL
2019-03-14,59.459566851406144,59.74123922576075,59.07326001338981,59.137725830078125,27302000,GOOGL
2019-03-15,59.40898391890877,59.59345625699959,58.86398502991321,59.027137756347656,51886000,GOOGL
2019-03-18,58.99689299412043,59.257737607989256,58.58975837909338,58.94036102294922,24442000,GOOGL
2019-03-19,59.0975568546802,59.677268706394294,58.985484173693706,59.630157470703125,29788000,GOOGL
2019-03-20,59.57759204890789,60.99537468269679,59.48783401935632,60.81883239746094,41508000,GOOGL
2019-03-21,60.49996213477883,61.31522252731033,60.330362457701355,61.29985046386719,28150000,GOOGL
2019-03-22,60.938839711547274,61.17587898783279,59.805703287370676,59.88752746582031,34422000,GOOGL
2019-03-25,59.48635015017521,59.97630022851634,59.01226776678589,59.37824249267578,27576000,GOOGL
2019-03-26,59.765536323392006,59.88752915106915,58.60364203693624,59.004329681396484,30752000,GOOGL
2019-03-27,59.10747706719448,59.10747706719448,57.73432377537689,58.41767883300781,29428000,GOOGL
2019-03-28,58.293205073603154,58.37998553960002,57.69465178230228,58.133026123046875,22402000,GOOGL
2019-03-29,58.525285785823435,58.713235095709805,57.8409432687041,58.36213684082031,30890000,GOOGL
2019-04-01,58.89027081678806,59.518081382666765,58.831756331098426,59.457584381103516,27706000,GOOGL
2019-04-02,59.51064629415848,59.79628749892426,59.07375879410385,59.78289794921875,18288000,GOOGL
2019-04-03,60.13796211001895,60.52972467652331,59.76008850583736,60.04423904418945,22180000,GOOGL
2019-04-04,60.06803792748894,60.527243852136195,59.956460872264365,60.472694396972656,21022000,GOOGL
2019-04-05,60.46525024742482,60.51930406830637,60.00554873889316,60.075965881347656,20012000,GOOGL
2019-04-08,60.05911614332501,60.19995044983661,59.74124391223257,59.91877746582031,21750000,GOOGL
2019-04-09,59.601894179377005,59.862735013703436,59.42783003559365,59.641563415527344,19668000,GOOGL
2019-04-10,59.76057859967975,59.951497900092924,59.540893902709925,59.82801818847656,15510000,GOOGL
2019-04-11,59.94951681497526,60.13994427440462,59.7333052989614,59.983734130859375,16998000,GOOGL
2019-04-12,60.282767929038975,60.65122459868756,60.167225831691304,60.63535690307617,24312000,GOOGL
2019-04-15,60.70278993353485,60.961156397142275,60.23019825206835,60.82379150390625,23796000,GOOGL
2019-04-16,60.99586951444709,61.29241832671857,60.74990134124958,61.0905876159668,22622000,GOOGL
2019-04-17,61.34300373376792,61.74468645403449,61.139686120298784,61.49871826171875,30366000,GOOGL
2019-04-18,61.739722177019004,61.78633778477125,61.46251424224108,61.56467056274414,24750000,GOOGL
2019-04-22,61.3266379946004,62.20289491593463,61.1629896255075,62.17413330078125,19084000,GOOGL
2019-04-23,62.316951088907196,63.199159301729445,62.08536372430836,63.008731842041016,31868000,GOOGL
2019-04-24,63.0087378037284,63.177841883509664,62.47415840170821,62.48605728149414,23396000,GOOGL
2019-04-25,62.99435414572165,63.118329495542696,62.38439754332146,62.84756851196289,31344000,GOOGL
2019-04-26,63.14708736238461,63.42132151606078,62.73152328568411,63.34743118286133,27228000,GOOGL
2019-04-29,63.50067047663686,64.3169298473822,63.06427858710066,64.27873992919922,72368000,GOOGL
2019-04-30,59.04350662741325,59.55676257846437,58.66513363960765,59.45659255981445,133178000,GOOGL
2019-05-01,59.38418971821205,59.470973972298495,58.10377200341703,58.18510055541992,74340000,GOOGL
2019-05-02,58.149393720291656,58.48561553382337,57.44174152090412,57.847389221191406,45098000,GOOGL
2019-05-03,58.38792177079416,59.08168881529715,58.19650683878489,58.98994827270508,41588000,GOOGL
2019-05-06,58.11964682080491,59.281545036214155,58.077991281760376,59.18385314941406,31774000,GOOGL
2019-05-07,58.80447871053947,59.2488043837092,57.77250736398423,58.4598274230957,36604000,GOOGL
2019-05-08,58.38197156478098,58.72811354197233,57.902932921424046,58.05914306640625,25520000,GOOGL
2019-05-09,57.653495645746986,58.22229232054152,57.25875554325852,57.91979217529297,29556000,GOOGL
2019-05-10,57.962940468651176,58.33188896062332,56.84864920756702,57.9034309387207,31650000,GOOGL
2019-05-13,56.79260867834261,57.126348570122865,55.81369987286874,56.363651275634766,45626000,GOOGL
2019-05-14,56.64780825816616,56.774261749590714,55.716006859862674,55.78196334838867,40392000,GOOGL
2019-05-15,55.66741209976144,58.43206476445081,55.610384496272225,58.06013870239258,59302000,GOOGL
2019-05-16,58.11170286316471,59.2185557963173,57.94359384914411,58.7395133972168,35308000,GOOGL
2019-05-17,58.30956848230212,58.82828011356767,57.842924374026744,57.959957122802734,25362000,GOOGL
2019-05-20,57.17742890795264,57.17742890795264,56.440519449165286,56.76384735107422,30602000,GOOGL
2019-05-21,57.250819033139784,57.42537879315505,56.69689882020132,57.248836517333984,20562000,GOOGL
2019-05-22,57.090645739951604,57.712009344986775,57.07824744890352,57.31875991821289,18826000,GOOGL
2019-05-23,56.83376907485774,57.03113533695104,56.19356022860048,56.79756546020508,25214000,GOOGL
2019-05-24,57.12783560846031,57.24486836060925,56.36960275599148,56.46382522583008,18554000,GOOGL
2019-05-28,56.606154286403545,57.35050201510359,56.46680308738616,56.51094055175781,20948000,GOOGL
2019-05-29,56.170749826952495,56.28480881348524,55.14175593690512,55.53798294067383,36230000,GOOGL
2019-05-30,55.54839087669086,55.87816573711446,55.337631284033925,55.61087417602539,18088000,GOOGL
2019-05-31,54.82884368467994,55.21365987061157,54.715280327354535,54.871490478515625,31582000,GOOGL
2019-06-03,52.90920711845489,52.912676521319256,50.930561642121816,51.511260986328125,96890000,GOOGL
2019-06-04,51.79639981884811,52.488184333554216,51.376866936082195,52.292301177978516,60512000,GOOGL
2019-06-05,52.317588309638154,52.407346325858015,51.226606938826826,51.8038330078125,46988000,GOOGL
2019-06-06,51.88170064785095,52.069646185885304,51.35108630948426,51.95856475830078,29020000,GOOGL
2019-06-07,52.281894136993586,53.23154578365972,52.126675241378294,52.98061752319336,43828000,GOOGL
2019-06-10,53.40858028707478,54.29327049002996,53.32328669748126,53.69422149658203,28510000,GOOGL
2019-06-11,54.39988435915306,54.74800885389501,53.53602575753216,53.60892105102539,33508000,GOOGL
2019-06-12,53.5548731804683,53.68231793371937,53.04161341422099,53.51272201538086,23670000,GOOGL
2019-06-13,53.79091602897306,54.38004480880094,53.68479468300071,54.10333251953125,20814000,GOOGL
2019-06-14,54.04035336322797,54.28929529672534,53.63074063290041,53.8697624206543,24582000,GOOGL
2019-06-17,54.00862367387797,54.61262895010507,53.954074216816096,54.246158599853516,19770000,GOOGL
2019-06-18,55.11944356839526,55.480458228109946,54.588333571524295,54.80900955200195,34526000,GOOGL
2019-06-19,54.90818664522496,55.01678993060054,54.3522800809747,54.772804260253906,26714000,GOOGL
2019-06-20,55.625254564981795,55.675838985558876,54.89627896145822,55.203739166259766,24018000,GOOGL
2019-06-21,55.03811051103241,55.8667605353799,55.031167921989905,55.807254791259766,50774000,GOOGL
2019-06-24,55.54094860833747,55.7179865019209,55.20919125628374,55.37730026245117,24236000,GOOGL
2019-06-25,55.29697547638443,55.32771960798602,53.78546593566501,53.93324661254883,31644000,GOOGL
2019-06-26,54.10283853958426,54.30715117461106,53.244435661949076,53.57321548461914,34698000,GOOGL
2019-06-27,53.89208480492423,53.97688276176525,53.35155032511696,53.39023208618164,24078000,GOOGL
2019-06-28,53.41998464668975,53.69620132446289,53.24988932159318,53.69620132446289,33672000,GOOGL
2019-07-01,54.60072809032175,54.97513608373966,54.31756880330292,54.549156188964844,29196000,GOOGL
2019-07-02,54.78866897188339,55.18836533360532,54.53278445376274,55.17398452758789,20630000,GOOGL
2019-07-03,55.46656580697558,55.93717873539222,55.28556287173762,55.68922805786133,20154000,GOOGL
2019-07-05,55.509712175195695,56.267449439103345,55.41698037071205,56.16926193237305,29794000,GOOGL
2019-07-08,55.83205196746353,55.89850408926336,55.132337306230035,55.38177490234375,29888000,GOOGL
2019-07-09,55.060920642793654,55.93073435346147,54.903719240110554,55.75369644165039,29472000,GOOGL
2019-07-10,56.151908609835765,56.64880126928357,56.06958879558915,56.57788848876953,30710000,GOOGL
2019-07-11,56.83822446985602,57.18932269588851,56.50944467867053,56.735076904296875,26004000,GOOGL
2019-07-12,56.678054562551374,56.90468185042832,56.46134742073141,56.79756546020508,21878000,GOOGL
2019-07-15,56.797567312446006,57.06238073945204,56.53275766886727,57.053951263427734,21164000,GOOGL
2019-07-16,56.86649360846176,57.45413927913533,56.86649360846176,57.20023727416992,25352000,GOOGL
2019-07-17,57.07428317923879,57.44720047303278,56.861045434017086,56.86699676513672,19538000,GOOGL
2019-07-18,56.63193133752923,56.93790464260632,56.178680571195635,56.89178466796875,25450000,GOOGL
2019-07-19,56.99493690261568,57.10700958518703,56.09884350416264,56.11371994018555,23184000,GOOGL
2019-07-22,56.30810867401834,56.53374469444115,55.79931719223764,56.49357604980469,28914000,GOOGL
2019-07-23,56.703846866852054,56.97212970906677,56.178192587258984,56.93196105957031,20648000,GOOGL
2019-07-24,56.166778275804454,56.80351390354513,55.96296128073613,56.51936340332031,27192000,GOOGL
2019-07-25,56.480684667806266,56.710785142445566,55.72493373698606,56.3314208984375,54762000,GOOGL
2019-07-26,60.89669100249889,62.899633620136136,60.89669100249889,61.750633239746094,121216000,GOOGL
2019-07-29,61.615749687673656,61.93759072921905,61.00578929366304,61.5830192565918,41382000,GOOGL
2019-07-30,60.847097204406246,61.33853791873472,60.76378613660804,60.896690368652344,28616000,GOOGL
2019-07-31,60.741464022739834,61.23934785250795,59.91380536505842,60.41069793701172,39960000,GOOGL
2019-08-01,60.38243658431256,61.30828280460863,59.85529169146404,60.09233474731445,35426000,GOOGL
2019-08-02,59.656933888081014,59.97926673867572,59.012260620037516,59.3256721496582,34910000,GOOGL
2019-08-05,58.16774134419946,58.361641987549525,56.669129618729926,57.26420974731445,47840000,GOOGL
2019-08-06,57.7982955394837,58.58578561785265,57.600429870284124,58.07401657104492,36014000,GOOGL
2019-08-07,57.41546170450556,58.50991642354329,57.07031476456262,58.313541412353516,30686000,GOOGL
2019-08-08,58.835231980116845,59.81959661699975,58.21882838192546,59.81513595581055,30116000,GOOGL
2019-08-09,59.5076692799245,59.72933649805951,58.75885714546131,58.95771408081055,20418000,GOOGL
2019-08-12,58.51636146272874,58.794560647257406,57.95698553647479,58.243614196777344,22064000,GOOGL
2019-08-13,58.236177705409375,59.77744005135375,58.16873811379174,59.346004486083984,28434000,GOOGL
2019-08-14,58.32147224303826,58.654716503422996,57.577620204599086,57.73531723022461,35430000,GOOGL
2019-08-15,57.94260262107063,58.338825802295844,57.67332855107692,57.98673629760742,28506000,GOOGL
2019-08-16,58.55553907300545,58.706789142255424,58.169232238556425,58.4771842956543,24916000,GOOGL
2019-08-19,59.10301240998297,59.97381736609162,59.03209963385325,59.52998352050781,24450000,GOOGL
2019-08-20,59.2775765475695,59.40899011785179,58.667616151780344,58.6914176940918,20206000,GOOGL
2019-08-21,59.30087445828363,59.535931209383754,58.90911194530776,59.09061050415039,14152000,GOOGL
2019-08-22,59.200698968768506,59.44765837406731,58.46230268089666,59.0876350402832,17352000,GOOGL
2019-08-23,58.7727427748867,59.29344073521031,57.02865847577189,57.20619201660156,36254000,GOOGL
2019-08-26,57.49728508668494,58.11269736465062,57.26917090695185,58.078975677490234,21166000,GOOGL
2019-08-27,58.66513575010437,58.764314514394854,57.75069271231088,58.061126708984375,23460000,GOOGL
2019-08-28,57.7660678296099,58.44198094303764,57.53696237493225,58.20642852783203,16810000,GOOGL
2019-08-29,58.83472525889241,59.46799147469081,58.77819329373275,59.2225227355957,19636000,GOOGL
2019-08-30,59.52552763565574,59.52552763565574,58.80002135977353,59.038551330566406,18064000,GOOGL
2019-09-03,58.60810648275048,58.96664298757155,57.70854363220149,57.99814987182617,25908000,GOOGL
2019-09-04,58.48908229838995,58.758356357752525,58.09632853527568,58.62892532348633,21312000,GOOGL
2019-09-05,59.19376342201617,60.202428928101156,59.145660927110434,60.1126708984375,26394000,GOOGL
2019-09-06,59.96141437554046,60.150351148565804,59.66982188016948,59.821571350097656,18972000,GOOGL
2019-09-09,59.859262573889204,60.52724177884461,59.16946434430124,59.76950454711914,31854000,GOOGL
2019-09-10,59.31426820929978,60.00406644767936,59.31029939412183,59.790828704833984,27922000,GOOGL
2019-09-11,59.70107231415297,60.62245794277462,59.62123064685338,60.499969482421875,23522000,GOOGL
2019-09-12,60.67204890408515,61.6117803963693,60.626920181517946,61.24233627319336,31644000,GOOGL
2019-09-13,61.10050940901822,61.54384767162575,60.85107181085259,61.493263244628906,23676000,GOOGL
2019-09-16,61.01769203079815,61.44317628509797,60.7573430356787,61.07670593261719,28218000,GOOGL
2019-09-17,61.0767020090676,61.24381977351142,60.66609421799294,60.98991775512695,20806000,GOOGL
2019-09-18,61.0077626778063,61.30530270169409,60.324907131204405,61.12727355957031,17440000,GOOGL
2019-09-19,61.11091940299707,61.70699079794406,61.11042377402852,61.42978286743164,16554000,GOOGL
2019-09-20,61.176375269413754,61.63062110183723,60.677500130138256,60.98793411254883,37692000,GOOGL
2019-09-23,60.82577681081877,61.47590584591397,60.68742065329418,61.228450775146484,20798000,GOOGL
2019-09-24,61.49176671272495,61.84435184221623,60.035801848501244,60.41714859008789,35804000,GOOGL
2019-09-25,60.30210403560612,61.88948638631289,59.96439530930563,61.786338806152344,26798000,GOOGL
2019-09-26,61.597893202784334,61.72335921962047,61.08612412271206,61.60533142089844,23166000,GOOGL
2019-09-27,61.63210816601724,61.73922455625371,60.261932446996404,60.79502868652344,34122000,GOOGL
2019-09-30,60.52971657030249,60.8674252630036,60.17366204015003,60.556495666503906,24470000,GOOGL
2019-10-01,60.62344843370685,61.1376994390325,59.78339136996081,59.80570602416992,24504000,GOOGL
2019-10-02,59.33459350491321,59.44666617378267,58.15087654331309,58.4132080078125,33030000,GOOGL
2019-10-03,58.681989038860266,59.061848890561826,57.68026999586503,58.98399353027344,28368000,GOOGL
2019-10-04,59.225010141084695,60.126063672322324,59.060370509137265,60.05167770385742,24282000,GOOGL
2019-10-07,59.85529062188351,60.44591006003329,59.72437269752204,59.91727828979492,17040000,GOOGL
2019-10-08,59.44716525241089,59.848844132939014,58.986472477126554,59.018707275390625,20086000,GOOGL
2019-10-09,59.57412322169878,59.927699641137494,59.41493551600524,59.62718200683594,15948000,GOOGL
2019-10-10,59.438743185067274,60.282765324995786,59.402047721765705,59.977787017822266,12842000,GOOGL
2019-10-11,60.699817951472276,60.933883468749734,60.18457567938561,60.287227630615234,22330000,GOOGL
2019-10-14,60.19697523733652,60.791559777175,60.09730084134501,60.38938522338867,13296000,GOOGL
2019-10-15,60.57435365782563,61.8453468528773,60.545592043984996,61.60285186767578,27584000,GOOGL
2019-10-16,61.58152717988631,62.19545255415238,61.41887007961055,61.640541076660156,22986000,GOOGL
2019-10-17,62.0570923657261,62.66953081324182,61.98121952248703,62.12651824951172,20958000,GOOGL
2019-10-18,62.22024718869601,62.38984308906814,61.498709818420544,61.7104606628418,31624000,GOOGL
2019-10-21,61.92320671511835,62.161732887897436,61.4912755232847,61.704017639160156,18094000,GOOGL
2019-10-22,61.71393812303444,61.92469773708948,61.484337039873836,61.55128479003906,22862000,GOOGL
2019-10-23,61.502192048052436,62.38638286010281,61.502192048052436,62.366050720214844,21282000,GOOGL
2019-10-24,62.4394416809082,62.62738721875629,62.10421109911762,62.4394416809082,20224000,GOOGL
2019-10-25,62.086851313418414,62.880296548809305,61.945521387384986,62.69681167602539,27104000,GOOGL
2019-10-28,63.22742858237016,64.42949157988647,63.094032497897665,63.92069625854492,65428000,GOOGL
2019-10-29,63.27701503448946,63.515049360480866,62.26587139899458,62.51630401611328,52654000,GOOGL
2019-10-30,62.24306603568905,62.881292430431635,62.01991191146884,62.51829147338867,29204000,GOOGL
2019-10-31,62.4835741641349,62.80690207723711,61.96188494144521,62.42406463623047,31904000,GOOGL
2019-11-01,62.771202075474406,63.12825169994562,62.46919753838538,63.09105682373047,28812000,GOOGL
2019-11-04,63.28247628200852,64.09525868097215,63.28247628200852,63.951942443847656,30632000,GOOGL
2019-11-05,64.03077617220687,64.3303025073274,63.94052630865132,64.04267883300781,25148000,GOOGL
2019-11-06,63.975756987019075,64.11956509044826,63.587963169989735,64.02137756347656,24626000,GOOGL
2019-11-07,64.1835183702277,65.59039331831046,64.15723868532784,64.81133270263672,45140000,GOOGL
2019-11-08,64.5425403314456,65.31565327819261,64.5425403314456,64.9134750366211,30392000,GOOGL
2019-11-11,64.6655328055786,64.71016967774435,64.26237082066733,64.38188171386719,17234000,GOOGL
2019-11-12,64.39625501194314,64.93083808744214,64.1815304063855,64.32881164550781,28852000,GOOGL
2019-11-13,64.12896855743497,64.59214327190867,64.0778922913603,64.27774047851562,20538000,GOOGL
2019-11-14,64.21923179805225,65.2467425940979,64.16666485694327,64.92092895507812,28948000,GOOGL
2019-11-15,65.21351099535102,66.13043212890625,65.0568014433281,66.13043212890625,39286000,GOOGL
2019-11-18,66.07091887799594,66.14927365407613,65.26855235059708,65.45104217529297,27984000,GOOGL
2019-11-19,65.78774823356906,65.78774823356906,65.05084269014203,65.09150695800781,21864000,GOOGL
2019-11-20,65.03053019539448,65.12227074851963,63.93211035270607,64.5594253540039,28892000,GOOGL
2019-11-21,64.429983634344,65.01861677417807,64.0084644651908,64.47412109375,25546000,GOOGL
2019-11-22,64.61594984719095,64.80935107828645,63.93954116731855,64.15327453613281,27776000,GOOGL
2019-11-25,64.28170706949543,64.98340409753318,64.24947227347415,64.74685668945312,23590000,GOOGL
2019-11-26,64.95861817732126,65.1619395649303,64.66752884126126,65.11185455322266,21910000,GOOGL
2019-11-27,65.23186685461462,65.34195702798004,64.93680491082387,65.06871032714844,18808000,GOOGL
2019-11-29,64.79447292018561,64.9605956368257,64.62735137879393,64.66999816894531,12802000,GOOGL
2019-12-02,64.59412393713073,64.73694830669217,63.49421360414629,63.91474151611328,26538000,GOOGL
2019-12-03,63.40892668143017,64.32982047875444,63.32908879632184,64.20633697509766,25270000,GOOGL
2019-12-04,64.76968214417802,65.6707356536874,64.61842828244268,65.40641784667969,35506000,GOOGL
2019-12-05,65.80611307013608,65.85471497800788,65.17731500969089,65.80413055419922,24408000,GOOGL
2019-12-06,66.09124539427988,66.57326153784028,66.01587196519705,66.42052459716797,32968000,GOOGL
2019-12-09,66.39426317112083,67.32110462746992,66.25590321431444,66.59906768798828,30842000,GOOGL
2019-12-10,66.44781095349515,66.84750734354655,66.15324087344685,66.59410095214844,17606000,GOOGL
2019-12-11,66.86238425419971,66.9412308789754,66.50533465375199,66.66154479980469,20480000,GOOGL
2019-12-12,66.6099522221171,67.17378868163621,66.36150974854984,66.87178802490234,29114000,GOOGL
2019-12-13,66.84254202624732,67.01362860346082,66.53310308380729,66.79146575927734,33170000,GOOGL
2019-12-16,67.19464273779465,67.6176450772123,66.97694431367663,67.47731018066406,28128000,GOOGL
2019-12-17,67.56209574408568,67.65730947093114,66.98486583558378,67.18917846679688,32948000,GOOGL
2019-12-18,67.29382753188531,67.41432971173835,66.96951208896532,67.04141235351562,23330000,GOOGL
2019-12-19,67.04140744524219,67.32010986052664,66.88470543834259,67.26605224609375,28922000,GOOGL
2019-12-20,67.59631951614024,67.64094882668455,66.9828897183772,67.00718688964844,50090000,GOOGL
2019-12-23,67.37960705864413,67.53432652981114,66.84750585981473,66.9779281616211,19936000,GOOGL
2019-12-24,66.95708834049306,67.0463545103904,66.65756958122826,66.67045593261719,13468000,GOOGL
2019-12-26,66.7755984844462,67.60127850432504,66.72402280476463,67.56507110595703,23662000,GOOGL
2019-12-27,67.64093908382699,67.79219292580306,67.09545215530571,67.1767807006836,23212000,GOOGL
2019-12-30,67.28439606964862,67.29381680371453,66.34366956318935,66.4364013671875,19994000,GOOGL
2019-12-31,66.24199981929917,66.48350351999262,66.06050126795084,66.42052459716797,19514000,GOOGL
2020-01-02,66.86783552352698,67.8730239868164,66.77262179859589,67.8730239868164,27278000,GOOGL
2020-01-03,66.8475211362902,68.12446593619062,66.81379565868565,67.51797485351562,23408000,GOOGL
2020-01-06,67.02751070483214,69.34287723228258,66.99627473144326,69.31758880615234,46768000,GOOGL
2020-01-07,69.44900962487809,69.59976407326137,69.00765768436452,69.18370056152344,34330000,GOOGL
2020-01-08,69.16931937572167,70.01384094895226,69.06071987013958,69.67613220214844,35314000,GOOGL
2020-01-09,70.51370271406968,70.84843766453115,69.93250773983897,70.40758514404297,33200000,GOOGL
2020-01-10,70.88763120468502,71.1588878585611,70.39817669120252,70.86233520507812,26258000,GOOGL
2020-01-13,71.17423856104631,71.48318564833806,70.68429232295442,71.41128540039062,30730000,GOOGL
2020-01-14,71.40980906115557,71.54023138512193,70.8033180140317,70.94316864013672,26076000,GOOGL
2020-01-15,71.06365204779961,71.44847195705131,70.99620868121237,71.3701171875,21550000,GOOGL
2020-01-16,71.68006159560105,71.94041435124791,71.40979626083083,71.91363525390625,26080000,GOOGL
2020-01-17,72.52755127820197,73.42066702183358,72.23050686888229,73.36959075927734,52424000,GOOGL
2020-01-21,73.34380799940449,73.88335497384024,72.90791179429193,73.5049819946289,48930000,GOOGL
2020-01-22,73.87590926772613,74.4139579504841,73.52530667909919,73.5853042602539,28458000,GOOGL
2020-01-23,73.76780967939291,74.06287159574599,73.4092694223647,73.6259765625,26650000,GOOGL
2020-01-24,74.02914675123824,74.097581382054,72.559292859008,72.70757293701172,29786000,GOOGL
2020-01-27,70.99027408970458,71.2402073113937,70.3932038265922,70.99969482421875,34132000,GOOGL
2020-01-28,71.49609068205544,72.14373782775851,70.93175461327948,71.93050384521484,29724000,GOOGL
2020-01-29,72.32522164792377,72.60689777918915,71.67708278899732,72.23794555664062,21566000,GOOGL
2020-01-30,71.31557167668379,72.16604067283447,71.16184346943253,72.116455078125,27110000,GOOGL
2020-01-31,72.79136204066407,72.8811200500344,70.76808393819371,71.05174255371094,43822000,GOOGL
2020-02-03,72.4834173068673,73.70581988228172,72.23348411673724,73.52233123779297,71636000,GOOGL
2020-02-04,72.12837384210876,72.7656014660211,70.51867661680065,71.67809295654297,95880000,GOOGL
2020-02-05,72.58061715621994,72.62871964997271,70.89802869966074,71.7098159790039,36376000,GOOGL
2020-02-06,72.00388927199774,73.4707694622342,71.92950709001718,73.19355773925781,37822000,GOOGL
2020-02-07,72.76807109346798,73.65374870960305,72.66988358975605,73.3492660522461,28360000,GOOGL
2020-02-10,73.25603098424601,74.82555526232004,73.15536156795983,74.81464385986328,38302000,GOOGL
2020-02-11,75.0432628919805,75.86696037630945,74.65546917942103,74.88407897949219,34852000,GOOGL
2020-02-12,75.17171334002595,75.39189369571822,74.81516311800998,75.30908203125,31042000,GOOGL
2020-02-13,74.88111203769492,75.67207538277923,74.58356816841906,75.04922485351562,22914000,GOOGL
2020-02-14,75.1057482210196,75.37948673334321,74.66042372612603,75.31402587890625,23198000,GOOGL
2020-02-18,75.09634377549567,75.90069296923276,74.93120471676399,75.34925079345703,25642000,GOOGL
2020-02-19,75.73406088600595,75.90961191518042,75.42561318763357,75.61851501464844,22746000,GOOGL
2020-02-20,75.32791507548832,75.72761146175247,74.59645752229817,75.22774505615234,25962000,GOOGL
2020-02-21,74.6123229813126,74.92821644497522,73.31851954400152,73.56497955322266,42520000,GOOGL
2020-02-24,70.56924154888083,71.23028195609393,69.76290996883232,70.41104888916016,49560000,GOOGL
2020-02-25,70.96348339912412,71.25358143993788,68.45521513612178,68.74779510498047,51580000,GOOGL
2020-02-26,69.17725919757333,70.1041006176885,68.26331169909781,68.95360565185547,49776000,GOOGL
2020-02-27,67.39994872991234,67.90874408927081,65.1733485505735,65.20855712890625,62290000,GOOGL
2020-02-28,63.19321175186874,66.57228162159925,62.890711592468215,66.4135971069336,80198000,GOOGL
2020-03-02,67.0156136346648,68.80481891518373,65.7168464160506,68.74779510498047,55430000,GOOGL
2020-03-03,69.31114862306558,69.83233844511692,65.9171948251204,66.33772277832031,56602000,GOOGL
2020-03-04,67.39101599549596,68.57225502928063,66.30201692418471,68.51374053955078,47598000,GOOGL
2020-03-05,66.72601271363625,67.12670796663788,64.5485139115482,65.19913482666016,54380000,GOOGL
2020-03-06,62.9769971984103,64.6035493381855,62.34521781036266,64.25592803955078,64640000,GOOGL
2020-03-09,59.754129850992335,62.12305079959445,59.41096545267935,60.29119110107422,69252000,GOOGL
2020-03-10,62.20537812329449,63.26958060641454,60.227720041786434,63.23585891723633,54872000,GOOGL
2020-03-11,61.901885489595976,62.33133476819371,59.06879829263046,60.04869842529297,54732000,GOOGL
2020-03-12,55.67087782381842,58.95027293420525,54.96917696011716,55.12191390991211,94326000,GOOGL
2020-03-13,58.2679152243598,60.22226345773861,55.158611522233514,60.215816497802734,79400000,GOOGL
2020-03-16,54.03391030090798,56.804014722190885,52.91664529324998,53.21022033691406,96520000,GOOGL
2020-03-17,54.08499542768201,55.838500656792085,52.02502120581383,55.44475555419922,83194000,GOOGL
2020-03-18,52.56257466439651,54.79660911099285,51.42497370415476,54.112266540527344,93044000,GOOGL
2020-03-19,53.96497557597738,57.15808582583962,52.3448667261516,55.127864837646484,74064000,GOOGL
2020-03-20,56.08148743290861,56.45738229776542,52.669687167629704,52.97268295288086,82878000,GOOGL
2020-03-23,52.385533632275504,52.90821410094761,50.030002120502026,52.274452209472656,83672000,GOOGL
2020-03-24,54.74652002572422,56.20198931680837,53.87621071144316,56.037349700927734,72468000,GOOGL
2020-03-25,55.76808219769024,56.83873167265164,53.706621136908296,54.629493713378906,90324000,GOOGL
2020-03-26,55.27912035694048,58.09385791556648,54.15392148412994,57.66936492919922,76562000,GOOGL
2020-03-27,55.91139183073007,57.08072809299469,54.747511270415124,55.057945251464844,62794000,GOOGL
2020-03-30,56.16777321835151,57.078247414984624,54.474269571410154,56.84566879272461,58736000,GOOGL
2020-03-31,56.96567688694709,58.18906316864204,56.370097362055304,57.62125778198242,65228000,GOOGL
2020-04-01,55.73931501110959,56.008093464132045,54.22631868304361,54.653289794921875,51970000,GOOGL
2020-04-02,54.549151445625526,55.6783190924219,54.208468955289,55.393672943115234,56410000,GOOGL
2020-04-03,55.27862233919662,55.48094867701905,53.31336646721793,54.18714141845703,51374000,GOOGL
2020-04-06,56.18562904604569,59.049456548881885,55.78890642035224,58.674556732177734,63320000,GOOGL
2020-04-07,60.35169060850497,60.5386486628773,58.37998779819019,58.643310546875,61620000,GOOGL
2020-04-08,59.66189584651864,60.24705964616023,58.71224421750471,59.85529708862305,40334000,GOOGL
2020-04-09,60.40971213758575,60.59864892090374,59.132268239290795,59.83396911621094,54028000,GOOGL
2020-04-13,59.58255503814354,60.228219641111785,58.63191212805063,60.0244026184082,38702000,GOOGL
2020-04-14,61.49028400054519,63.26461680088407,60.923466061815894,62.7429313659668,63358000,GOOGL
2020-04-15,61.81460308752658,63.23288132977035,61.194230736716015,62.34968185424805,42236000,GOOGL
2020-04-16,62.837645447215486,63.14609692046677,61.40250825663297,62.35612487792969,57896000,GOOGL
2020-04-17,63.55967676795776,63.971275807142504,62.78111177962652,63.425785064697266,51050000,GOOGL
2020-04-20,62.97402557231371,63.317685654952015,62.30703754716347,62.54060745239258,35292000,GOOGL
2020-04-21,61.62616593937416,61.98767622078113,59.75611987683301,60.11118698120117,49648000,GOOGL
2020-04-22,61.54681311207686,63.46942212095462,61.352916257316856,62.40472412109375,46296000,GOOGL
2020-04-23,62.76821677257481,63.879534159122194,62.50985410412235,63.03749084472656,34202000,GOOGL
2020-04-24,62.23562530613796,63.36181922472336,61.69013452627562,63.3067741394043,37402000,GOOGL
2020-04-27,64.07045227129784,64.17459488318094,62.734493926575716,63.022117614746094,44186000,GOOGL
2020-04-28,63.634064753405866,63.711420702689196,61.0147111939967,61.124305725097656,80700000,GOOGL
2020-04-29,66.6987343327068,67.45002460634528,65.7927245869815,66.55889129638672,108358000,GOOGL
2020-04-30,66.02233182914512,66.9466912833189,65.53336921837345,66.78304290771484,55842000,GOOGL
2020-05-01,65.66181420599857,67.01761314548959,64.94623179479512,65.32608795166016,48872000,GOOGL
2020-05-04,64.87034202825359,65.68064612813664,64.26930683547664,65.602783203125,30806000,GOOGL
2020-05-05,66.32680414700387,67.98856850629761,66.20431948237466,66.89807891845703,39666000,GOOGL
2020-05-06,67.34340449678658,67.87352315827798,66.70517819138973,66.72005462646484,31732000,GOOGL
2020-05-07,67.50756186268677,68.23604578852895,67.07265681518872,67.90279388427734,30652000,GOOGL
2020-05-08,68.52463821205002,69.25956128997706,68.03815763461286,68.64960479736328,33326000,GOOGL
2020-05-11,68.27520548318408,70.19632388908829,68.2112352957633,69.60421752929688,32718000,GOOGL
2020-05-12,69.83383223606998,70.13682424784653,68.16214747442724,68.19537353515625,33918000,GOOGL
2020-05-13,68.24396464855478,68.69870991776949,65.8561982347185,66.8638687133789,40368000,GOOGL
2020-05-14,66.1294392946917,67.3121612901518,65.62262654118136,67.28687286376953,36660000,GOOGL
2020-05-15,66.86040707156998,68.16561392304912,66.40119733074029,68.09024047851562,41544000,GOOGL
2020-05-18,67.52094887953119,69.0671676528227,67.15497035740877,68.69127655029297,47094000,GOOGL
2020-05-19,68.70613674497264,69.05375799402235,68.12494186258233,68.15667724609375,31586000,GOOGL
2020-05-20,68.88864450929839,70.02277237197698,68.80235965652768,69.88044738769531,38262000,GOOGL
2020-05-21,69.9711931242331,70.24244974483369,69.14799496101227,69.76093292236328,30894000,GOOGL
2020-05-22,69.61959655312397,70.26922616998684,69.22535585205502,70.08277130126953,28544000,GOOGL
2020-05-26,71.50700292608954,71.66321308887383,70.38825092272327,70.4859390258789,44590000,GOOGL
2020-05-27,70.41800721469514,70.68331631144378,69.1584208375953,70.43189239501953,31684000,GOOGL
2020-05-28,69.426192345688,71.63096943029363,69.38057178014799,70.33071899414062,35170000,GOOGL
2020-05-29,70.4393250257835,71.24764676163868,70.218652828686,71.08846282958984,37044000,GOOGL
2020-06-01,70.70066543276502,71.48815557585249,70.53106194988158,71.15540313720703,25162000,GOOGL
2020-06-02,71.16185531852858,71.55857797653256,70.49784106291007,71.52436065673828,23442000,GOOGL
2020-06-03,71.5436985914345,71.85661074693132,70.99423898126727,71.37261199951172,27732000,GOOGL
2020-06-04,71.2501248242787,71.47526904447197,69.72423813412438,70.13533782958984,26982000,GOOGL
2020-06-05,70.201772677835,71.72221085779697,69.80405884772759,71.41078186035156,42642000,GOOGL
2020-06-08,70.72941584698744,71.85609764370997,70.64014967536586,71.8084945678711,33878000,GOOGL
2020-06-09,71.66965065277674,72.78840250945899,71.52682627591334,72.00884246826172,33624000,GOOGL
2020-06-10,72.47647380181667,73.03485462843723,72.12190617651635,72.6346664428711,31762000,GOOGL
2020-06-11,71.46088343383067,71.98505464439063,69.34735477136469,69.52042388916016,47144000,GOOGL
2020-06-12,70.70860183286206,71.13755930153172,68.7220223032862,70.06690979003906,36676000,GOOGL
2020-06-15,68.90501227244624,70.66595575731058,68.79144890467562,70.45470428466797,30468000,GOOGL
2020-06-16,71.85611030985311,72.26126242222357,70.86381565770579,71.73065185546875,30648000,GOOGL
2020-06-17,72.0514946495563,72.51069676200414,71.16829143028149,72.03165435791016,30610000,GOOGL
2020-06-18,71.8982617395041,72.05298121424725,70.72743476994945,71.11820983886719,34862000,GOOGL
2020-06-19,71.40979643273978,71.63295053322123,70.36840054135394,70.6480941772461,52784000,GOOGL
2020-06-22,70.66645003115394,71.95281537744636,70.37783504857579,71.93843078613281,29442000,GOOGL
2020-06-23,72.00487961496944,73.15537446068053,71.65775015871338,72.59896850585938,37752000,GOOGL
2020-06-24,72.56426402456245,73.18463264160842,70.91390265538281,71.04779815673828,31592000,GOOGL
2020-06-25,70.97439400933185,71.52484484122479,70.39518156341698,71.46434783935547,23958000,GOOGL
2020-06-26,71.04431642722474,71.26201482286062,67.19463394651147,67.56854248046875,97640000,GOOGL
2020-06-29,67.45945384242283,69.32702184746623,67.02851386270075,69.28585815429688,45074000,GOOGL
2020-06-30,69.27147878140379,70.61635863988086,68.77805172682511,70.32129669189453,40286000,GOOGL
2020-07-01,70.37682709896178,71.8303136595721,70.129368299301,71.50896453857422,42182000,GOOGL
2020-07-02,71.99694685942596,73.81591270905315,71.9587569455247,72.89402770996094,57218000,GOOGL
2020-07-06,73.79756767696199,74.88111101976311,73.24364363672055,74.36785125732422,44712000,GOOGL
2020-07-07,74.19330132589292,75.44247559216144,73.87443405399931,73.88534545898438,42364000,GOOGL
2020-07-08,74.42487655792402,74.9391275363047,74.00335737778137,74.56372833251953,31766000,GOOGL
2020-07-09,74.87763207288506,75.83026118715777,74.16651424532147,75.31055450439453,41836000,GOOGL
2020-07-10,75.04227347746796,76.43526327419461,74.42091366005153,76.31971740722656,35918000,GOOGL
2020-07-13,76.86174923666793,78.17191999043621,74.71053006647314,74.99170684814453,42954000,GOOGL
2020-07-14,74.0276563923416,75.51585219367827,73.68746578744671,75.41964721679688,38108000,GOOGL
2020-07-15,75.53719235159814,76.18682201246635,74.27760605217841,75.22229766845703,31026000,GOOGL
2020-07-16,74.45957915498776,75.17417766907114,73.80350268613957,75.12508392333984,26484000,GOOGL
2020-07-17,75.22377608107477,75.54710778770762,74.29098718634621,75.2208023071289,34264000,GOOGL
2020-07-20,75.12906443419325,77.80742846308635,74.5191078119618,77.5510482788086,30166000,GOOGL
2020-07-21,78.60186132798782,78.70203135101997,76.99463868090396,77.15828704833984,27486000,GOOGL
2020-07-22,77.14787303751817,77.70675334704666,76.52898757148118,77.60112762451172,24482000,GOOGL
2020-07-23,77.65468582028785,77.87387489576915,74.81118295355448,75.2158432006836,33910000,GOOGL
2020-07-24,74.34504365729109,75.15038400386956,73.76979622867519,74.79234313964844,29902000,GOOGL
2020-07-27,75.0427754818971,76.24781222334954,74.9966555026243,75.84464263916016,27124000,GOOGL
2020-07-28,75.62497000046984,75.67505501708273,74.41100423747882,74.56622314453125,30910000,GOOGL
2020-07-29,74.63315119222594,76.03803598682765,74.53446428373476,75.55106353759766,22676000,GOOGL
2020-07-30,74.28454828311527,76.41296100573945,74.14569648203324,76.28799438476562,36042000,GOOGL
2020-07-31,74.2389154953102,74.63414743431856,72.10405616294213,73.78764343261719,91468000,GOOGL
2020-08-03,73.93889871670713,74.27263483646993,72.982796377369,73.5302734375,45482000,GOOGL
2020-08-04,73.72615502792115,74.04353160138255,72.60144805958299,73.06114959716797,37212000,GOOGL
2020-08-05,73.23570970460068,73.88930432200833,72.95799858052132,73.34827423095703,29134000,GOOGL
2020-08-06,73.20247046408925,74.6961218565436,72.99171090587556,74.63066101074219,33306000,GOOGL
2020-08-07,74.83350979435441,75.38147873345969,73.70433828894927,74.30438232421875,27718000,GOOGL
2020-08-10,73.92898865059216,74.73978479263027,73.26893940537893,74.22752380371094,20546000,GOOGL
2020-08-11,74.08766106264545,74.9029290830015,73.30364415071575,73.42018127441406,31098000,GOOGL
2020-08-12,73.74648949020883,74.96392829740739,73.64135561207259,74.7442398071289,22512000,GOOGL
2020-08-13,74.79234620944766,76.21856217706964,74.79234620944766,75.21088409423828,22388000,GOOGL
2020-08-14,75.06012408061498,75.36659681987358,74.33561289996881,74.61480712890625,21942000,GOOGL
2020-08-17,75.17717361935591,75.56447556491348,74.63316965772786,75.19055938720703,19990000,GOOGL
2020-08-18,75.68050663430974,77.23019855885632,75.45983443901895,77.15135192871094,28378000,GOOGL
2020-08-19,76.98818722838891,77.79998205796244,76.36880993674055,76.59741973876953,30472000,GOOGL
2020-08-20,76.36731743172305,78.36084298271476,76.09407832961335,78.16645050048828,26382000,GOOGL
2020-08-21,77.9457743659373,78.94154971294752,77.47516898620518,78.13273620605469,34838000,GOOGL
2020-08-24,78.9708081393401,79.77962926395986,78.10645386630996,78.6078109741211,25638000,GOOGL
2020-08-25,78.35738608042723,79.78459343230226,78.24729589702297,79.63433837890625,25150000,GOOGL
2020-08-26,79.65664865706766,81.96209542076527,79.39283024801047,81.53263854980469,52188000,GOOGL
2020-08-27,81.6556259177035,81.72406055952304,80.27702050050969,80.758544921875,31350000,GOOGL
2020-08-28,80.80564922534911,81.3947742823975,80.61423049630892,81.299560546875,22418000,GOOGL
2020-08-31,81.50486573387329,81.55098571536558,80.60034658249602,80.80862426757812,26422000,GOOGL
2020-09-01,80.93904333000434,82.2809493495807,80.80862102170718,82.07564544677734,22652000,GOOGL
2020-09-02,82.71684835469105,85.59754248382305,82.32905460313435,85.16561126708984,49522000,GOOGL
2020-09-03,84.27942619556264,84.30323151911709,79.7265559132381,80.80762481689453,63726000,GOOGL
2020-09-04,79.79052798096303,81.07937516659749,76.26814209838817,78.41242218017578,55850000,GOOGL
2020-09-08,75.62496788954304,77.13994312238728,75.20344864833461,75.5555419921875,54032000,GOOGL
2020-09-09,76.81015997905173,77.29713244236171,75.63338552792708,76.72734832763672,39242000,GOOGL
2020-09-10,76.87363960393168,78.0380120006391,75.37700663755594,75.6770248413086,33024000,GOOGL
2020-09-11,75.78116905727127,76.30434137046228,74.03906730255125,75.166748046875,30706000,GOOGL
2020-09-14,75.9547432017758,77.21185520916106,74.6386248535236,74.8230972290039,42660000,GOOGL
2020-09-15,75.76827546976736,76.91380642864527,75.48115117831345,76.1268081665039,23042000,GOOGL
2020-09-16,76.49181715356195,77.08144175243756,74.95997513948409,74.98477172851562,22128000,GOOGL
2020-09-17,73.68151914994446,74.31875423371972,72.52359367520403,73.74251556396484,40008000,GOOGL
2020-09-18,73.80499256825979,74.14716568143275,70.99422431808284,71.9597396850586,63056000,GOOGL
2020-09-21,70.99423595541519,71.41277382224862,69.55909872730024,70.92084503173828,56908000,GOOGL
2020-09-22,71.92156489906783,72.59847297958909,70.88909790425686,72.39266967773438,33950000,GOOGL
2020-09-23,72.00934681768462,72.05844057241953,69.55910082477837,69.891845703125,37726000,GOOGL
2020-09-24,69.55910551414044,71.3101288291566,69.53281825836872,70.55982971191406,34552000,GOOGL
2020-09-25,70.66843135233466,71.70436404875389,69.8070508636011,71.36318969726562,30326000,GOOGL
2020-09-28,72.9961844081179,73.04577000235808,71.72122247765688,72.33514404296875,30784000,GOOGL
2020-09-29,72.59550743432801,72.99668695835517,72.1040628957375,72.70014190673828,31816000,GOOGL
2020-09-30,72.44820668393999,73.70085393963538,72.19133469589396,72.6792984008789,40924000,GOOGL
2020-10-01,73.57491129707402,74.14073804524459,73.23472061084361,73.78517150878906,32884000,GOOGL
2020-10-02,72.38325885946809,73.34530884042559,71.77429347982753,72.18341064453125,31222000,GOOGL
2020-10-05,72.53301318921578,73.62647661219141,72.40606407362094,73.53374481201172,21602000,GOOGL
2020-10-06,73.17025692104377,73.61755643574848,71.65825547079119,71.95629119873047,26096000,GOOGL
2020-10-07,72.36737722907078,72.84641961122173,71.07406570647528,72.35894775390625,36108000,GOOGL
2020-10-08,72.67186671262658,73.79160984769521,72.67186671262658,73.5634994506836,26076000,GOOGL
2020-10-09,74.03113521720735,74.97285301834012,73.74053771907792,74.90342712402344,32966000,GOOGL
2020-10-12,76.26962637160483,78.76995701320932,75.83818706732326,77.58822631835938,55344000,GOOGL
2020-10-13,78.20415508340002,78.60831596819463,77.29268950678924,77.71122741699219,39072000,GOOGL
2020-10-14,78.08463641146828,78.54333914498373,76.66139427283109,77.53120422363281,33174000,GOOGL
2020-10-15,76.59195961535212,77.92593541611845,76.42484564784411,77.1359634399414,31210000,GOOGL
2020-10-16,77.45135766010404,78.2388477100898,77.24457067731333,77.7424545288086,34194000,GOOGL
2020-10-19,78.15058813294185,78.5473107543964,75.52181743296583,75.87042999267578,29734000,GOOGL
2020-10-20,75.53123169395428,78.04693823643615,75.40180065658136,76.91826629638672,41670000,GOOGL
2020-10-21,77.8490682736484,80.09500878079854,77.71468095433627,78.64945220947266,60322000,GOOGL
2020-10-22,78.6003693037984,80.00971867518831,78.22745200812956,79.67449188232422,30512000,GOOGL
2020-10-23,80.0905474515832,81.03623014633379,79.93482916601648,80.97969818115234,30548000,GOOGL
2020-10-26,80.08806764416121,80.81108811639827,77.7464214200615,78.56515502929688,35826000,GOOGL
2020-10-27,78.79526157270044,79.44340050716269,78.20315519687098,79.28868103027344,25902000,GOOGL
2020-10-28,76.86520815058896,77.05364551687353,74.80572991828615,74.9207763671875,45174000,GOOGL
2020-10-29,75.22923522407544,78.78583875857211,75.20592931015136,77.20590209960938,55406000,GOOGL
2020-10-30,82.68858716235039,83.37689856838614,79.42208175772936,80.14311981201172,99878000,GOOGL
2020-11-02,80.51158068776404,82.23235921213355,80.050388434645,80.55026245117188,44228000,GOOGL
2020-11-03,80.86960946086896,82.27002983001302,79.9447507315101,81.6084976196289,31432000,GOOGL
2020-11-04,84.57995112111725,87.77603930665698,84.45201073795255,86.57695007324219,71342000,GOOGL
2020-11-05,87.79685909810694,88.85660464736164,86.33791656920567,87.40261840820312,39758000,GOOGL
2020-11-06,86.84920287648768,87.70017143027276,86.12220968092075,87.26526641845703,28622000,GOOGL
2020-11-09,89.0628840893324,90.09980782225318,87.15713426808405,87.34904479980469,53440000,GOOGL
2020-11-10,85.77953403684037,87.24789727172411,85.10262594054147,86.17377471923828,43022000,GOOGL
2020-11-11,86.70339318512825,87.42244865386503,86.43858355014122,86.64537811279297,31838000,GOOGL
2020-11-12,86.38601724295751,87.5256006507518,86.18616905114561,86.42668151855469,26474000,GOOGL
2020-11-13,86.68355780156224,88.12811565464587,86.08748643492731,87.88661193847656,29744000,GOOGL
2020-11-16,87.48394246884763,88.98156668140368,87.34459128225902,87.9743881225586,25468000,GOOGL
2020-11-17,87.66841834553581,88.12861930166262,87.25335367641775,87.3609619140625,21314000,GOOGL
2020-11-18,87.11202590924145,87.52659876109121,86.21592867248422,86.3185806274414,20108000,GOOGL
2020-11-19,85.9511281733209,87.45172648237379,85.79194422768198,87.2077407836914,20106000,GOOGL
2020-11-20,87.37782799467588,87.69322208223674,86.03889568471133,86.10733032226562,27694000,GOOGL
2020-11-23,86.29775148895854,86.58388452691703,84.80806483367506,85.66993713378906,22530000,GOOGL
2020-11-24,85.66697261307304,87.59999391838477,85.33124637413032,87.47205352783203,27984000,GOOGL
2020-11-25,87.6659416054076,87.79338256520208,86.70140982396333,87.48344421386719,19600000,GOOGL
2020-11-27,87.50377401389918,89.11397029438973,87.50377401389918,88.61856079101562,14790000,GOOGL
2020-11-30,88.05472883709749,88.28730367623308,86.67562420794934,87.00093841552734,32418000,GOOGL
2020-12-01,87.60891569180329,90.33934712767135,87.42890021723332,89.03215026855469,37350000,GOOGL
2020-12-02,89.03214790983743,90.88583053694929,88.52682579597574,90.5005111694336,29424000,GOOGL
2020-12-03,90.28082154312534,91.43577314265566,90.10527053443715,90.34529113769531,24728000,GOOGL
2020-12-04,90.26497019974981,90.72516363204076,89.93618277474572,90.44052124023438,20544000,GOOGL
2020-12-07,90.03337488446918,90.71474746268916,89.41300629000888,90.10677337646484,22288000,GOOGL
2020-12-08,89.68476067965364,90.05420479386552,88.82982716744417,89.82410430908203,19936000,GOOGL
2020-12-09,89.77599364104356,90.6691169876544,87.3778154633778,88.16431427001953,31728000,GOOGL
2020-12-10,87.40757975682408,88.02200081653986,85.9659955088699,87.65801239013672,28688000,GOOGL
2020-12-11,87.27863376575453,88.13704035719496,86.91861043056292,88.01256561279297,18628000,GOOGL
2020-12-14,87.81025159464944,88.75642621466821,86.7395946512999,86.89481353759766,33050000,GOOGL
2020-12-15,87.27169452904377,87.47699842212751,86.36965738505812,87.33219909667969,21352000,GOOGL
2020-12-16,87.7304049543823,87.7304049543823,86.73612785383081,87.13928985595703,24676000,GOOGL
2020-12-17,87.4735323654879,87.61139288477847,85.84796774736196,86.31212615966797,34880000,GOOGL
2020-12-18,86.59280578905347,86.70140527599254,85.047079145104,85.60347747802734,85256000,GOOGL
2020-12-21,84.7559825869956,86.13806088707005,84.00568362055076,86.01705932617188,33974000,GOOGL
2020-12-22,85.75771025470374,85.9203673555766,84.58986465657318,85.30594635009766,20370000,GOOGL
2020-12-23,85.48992157545021,86.49064556694626,85.3545354259629,85.70315551757812,22974000,GOOGL
2020-12-24,85.74134221937419,86.40634763890155,85.51074990274458,85.99723052978516,9312000,GOOGL
2020-12-28,86.5303238857838,88.61757255277705,86.3770950854727,87.97091674804688,27650000,GOOGL
2020-12-29,88.62899665277278,88.6904849203258,87.0361584425288,87.16757202148438,19726000,GOOGL
2020-12-30,87.52660005705403,87.66346933235681,85.69176632843582,86.10088348388672,21026000,GOOGL
2020-12-31,86.1514640567951,87.15467009608656,86.09294200196078,86.91366577148438,21070000,GOOGL
2021-01-04,87.27864427300177,87.402120207572,84.65731177627322,85.59902954101562,37324000,GOOGL
2021-01-05,85.54744478278593,86.62553228807558,85.14130146810675,86.28931427001953,20360000,GOOGL
2021-01-06,84.31612534175449,86.48371128165162,84.10983019384653,85.43785095214844,46588000,GOOGL
2021-01-07,85.63027965972994,88.16235395691919,85.63027965972994,87.98978424072266,41936000,GOOGL
2021-01-08,88.12961137899272,89.23051304839001,87.33913991776798,89.1546401977539,35484000,GOOGL
2021-01-11,88.12267587614072,88.48766315068418,86.88887738798617,87.09467315673828,34796000,GOOGL
2021-01-12,86.55264274953645,87.67040339276643,85.11552300350571,86.15939331054688,29528000,GOOGL
2021-01-13,85.65803281300867,87.09962451285838,85.65803281300867,86.64636993408203,23432000,GOOGL
2021-01-14,86.72670521887984,87.65305472805,85.59605062771794,85.83656311035156,29212000,GOOGL
2021-01-15,85.74233085394611,86.66470765909816,84.88393179958005,85.67290496826172,31444000,GOOGL
2021-01-19,86.43560673566675,89.45267036457545,85.93127591068698,88.49211120605469,41660000,GOOGL
2021-01-20,90.56993747642771,94.20737744445935,90.2297543947526,93.2329330444336,64152000,GOOGL
2021-01-21,93.90636166357693,95.81210413081008,93.20019257350067,93.43524932861328,58634000,GOOGL
2021-01-22,93.7977531010892,94.43895317174821,93.05588360537828,93.85230255126953,32744000,GOOGL
2021-01-25,94.8530372036717,95.30331799676104,92.19599688493652,93.9375991821289,50586000,GOOGL
2021-01-26,93.5265024141675,95.00230386878823,93.03754741432294,94.6155014038086,31462000,GOOGL
2021-01-27,92.97705264284299,93.25277371377656,89.1273696425718,90.20149230957031,82512000,GOOGL
2021-01-28,90.79954240185926,93.62567923928557,90.79954240185926,91.90044403076172,55278000,GOOGL
2021-01-29,90.94931198226257,91.61977320852743,89.33962239135802,90.6190414428711,44530000,GOOGL
2021-02-01,91.47347570612914,94.99189672698161,91.47347570612914,93.87760925292969,40252000,GOOGL
2021-02-02,94.87238152496506,96.6695245972113,94.53714717102395,95.16942596435547,66332000,GOOGL
2021-02-03,102.43387946476706,104.46756984039983,99.85221265777069,102.10013580322266,97882000,GOOGL
2021-02-04,102.18643566787544,102.61687621970769,100.92089428767255,101.83980560302734,48596000,GOOGL
2021-02-05,102.13386099437315,103.9379504485251,101.6597824251192,103.58536529541016,29866000,GOOGL
2021-02-08,104.13929285394818,104.8831449457621,102.32181757236562,103.37163543701172,28828000,GOOGL
2021-02-09,102.88961562155747,104.06539887651223,102.65158507922345,102.91887664794922,21892000,GOOGL
2021-02-10,103.30319541840504,104.08374671519705,101.77086200517664,103.46882629394531,25102000,GOOGL
2021-02-11,103.6929788445471,103.8417432011322,102.59505097845204,103.5813980102539,20480000,GOOGL
2021-02-12,103.13608390402558,104.1144933325463,102.82861990262512,103.89282989501953,18990000,GOOGL
2021-02-16,103.73017139399565,106.37779106891139,103.73017139399565,104.66990661621094,31004000,GOOGL
2021-02-17,103.84075695054456,105.2520964251539,103.56157027886391,105.06266021728516,20294000,GOOGL
2021-02-18,104.38724907315866,105.2297881295189,103.80852842248879,104.42741394042969,22546000,GOOGL
2021-02-19,104.52559936877174,105.06067434938426,103.31758131898079,103.5843734741211,37938000,GOOGL
2021-02-22,101.83830606942489,103.1638524951323,101.56060251176662,101.87103271484375,29466000,GOOGL
2021-02-23,99.874032566136,102.77555020656679,98.69576750003357,102.16162109375,34658000,GOOGL
2021-02-24,100.66994969043266,103.56006401368582,100.54548251591704,103.33641052246094,22608000,GOOGL
2021-02-25,101.95384362185172,103.29624888975523,99.50210731725423,99.97122955322266,41548000,GOOGL
2021-02-26,100.66551274698598,101.98312175373609,99.23037533834507,100.26680755615234,40042000,GOOGL
2021-03-01,101.5606124488339,102.96054119058313,100.88717747219397,102.63473510742188,26060000,GOOGL
2021-03-02,102.39570360453789,103.87845154552576,101.99055905326092,102.37785339355469,25564000,GOOGL
2021-03-03,101.75647818822056,102.94862088260737,98.88272328965242,99.74609375,33892000,GOOGL
2021-03-04,99.91767835282445,102.87920137299997,99.44954734195224,100.86286926269531,49216000,GOOGL
2021-03-05,102.21272019148002,104.44675086190153,100.5578944284976,103.9939956665039,53100000,GOOGL
2021-03-08,103.34882412283017,104.8206529765834,99.43764570827803,99.55220031738281,36868000,GOOGL
2021-03-09,101.6473888421462,102.35007722648686,100.94568414890182,101.18173217773438,33920000,GOOGL
2021-03-10,102.22510279057674,102.22510279057674,100.13884547232114,100.97493743896484,27100000,GOOGL
2021-03-11,102.06742452714884,104.69817791198817,101.97964900779091,104.16607666015625,27702000,GOOGL
2021-03-12,102.96946115627736,103.02896690019689,100.78798996708696,101.65978240966797,33818000,GOOGL
2021-03-15,101.41083684371416,101.90723004915033,100.5583853117007,101.87995910644531,26168000,GOOGL
2021-03-16,102.45273295151992,104.81768533806229,102.12047992122729,103.34040069580078,31900000,GOOGL
2021-03-17,102.57571159931345,104.0896954073164,101.36819296395524,103.25757598876953,26382000,GOOGL
2021-03-18,101.56952763068206,102.58960018110442,100.13141662467372,100.23853302001953,31700000,GOOGL
2021-03-19,100.65459585242806,101.0170935919781,99.32557619974676,100.51722717285156,46072000,GOOGL
2021-03-22,100.55045613544077,101.57746751441745,99.87453925617409,100.70220184326172,33536000,GOOGL
2021-03-23,101.16140850104202,102.35950652224362,100.56881023451596,101.22984313964844,28510000,GOOGL
2021-03-24,101.74705457606407,102.53256214622269,100.61838259998439,100.79344177246094,25218000,GOOGL
2021-03-25,100.62085872011362,101.44355733129613,98.98636533405625,100.78996276855469,35616000,GOOGL
2021-03-26,100.75674996559889,101.1336323017579,99.37119832005897,100.40664672851562,27978000,GOOGL
2021-03-29,100.27919338600256,101.6206075032876,99.45053959162658,101.45100402832031,26492000,GOOGL
2021-03-30,101.80755056417289,102.28807603433674,100.97294931413096,101.4847183227539,27312000,GOOGL
2021-03-31,101.87797712697532,103.45792116829037,101.51100739464236,102.28064727783203,42570000,GOOGL
2021-04-01,103.7549679821722,105.91213441854954,103.71430370630291,105.61608123779297,39880000,GOOGL
2021-04-05,106.47745344357371,110.53591281873764,106.38124846341006,110.03852081298828,48510000,GOOGL
2021-04-06,109.63983019014792,110.48683365729421,109.1870749956329,109.55751037597656,35240000,GOOGL
2021-04-07,109.74792488664195,111.30505479925695,109.74792488664195,111.03379821777344,24134000,GOOGL
2021-04-08,112.27207187647824,112.658382510487,111.23117534122576,111.59913635253906,28664000,GOOGL
2021-04-09,111.35168748380296,112.76649260885407,110.94603596033518,112.60284423828125,26146000,GOOGL
2021-04-12,111.78213236335719,111.91949348539603,110.47790920494737,111.31102752685547,25024000,GOOGL
2021-04-13,111.6268905740232,112.24577596524095,111.23314177874012,111.79747772216797,25682000,GOOGL
2021-04-14,112.44216945631923,112.44216945631923,110.88454751475824,111.17662811279297,21002000,GOOGL
2021-04-15,112.1704155210859,113.8589591031954,111.63583238423234,113.32585906982422,29174000,GOOGL
2021-04-16,113.52373007572085,113.77168077567667,112.61523834787371,113.20188903808594,26282000,GOOGL
2021-04-19,112.5785359848576,114.26013311386431,112.5785359848576,113.54950714111328,30290000,GOOGL
2021-04-20,113.93285557478146,114.00773717593974,111.93090777210926,113.01643371582031,22288000,GOOGL
2021-04-21,112.67128329657372,113.06552401835194,111.32094015527258,112.98370361328125,23204000,GOOGL
2021-04-22,112.83740900343702,113.50588770826465,111.09778895159508,111.70278930664062,24146000,GOOGL
2021-04-23,112.42083028712631,114.3607975663134,112.13568853501279,114.0538330078125,29066000,GOOGL
2021-04-26,114.28146844023216,115.27377066190553,113.92441882355446,114.54975128173828,32038000,GOOGL
2021-04-27,114.93159741163268,114.97226168999597,113.37099411833077,113.61002349853516,44386000,GOOGL
2021-04-28,118.64442072404603,120.5724857844721,116.6965229352351,116.98513793945312,81106000,GOOGL
2021-04-29,118.48224361950828,119.22262247919515,117.71954253961522,118.65729522705078,41234000,GOOGL
2021-04-30,117.43043490062821,118.1162643027293,116.36623251844566,116.71038818359375,44856000,GOOGL
2021-05-03,117.2762166409626,118.10139729687744,115.81777346888248,116.19366455078125,28242000,GOOGL
2021-05-04,114.72926326113381,115.29657305551342,111.9090738290094,114.3960189819336,44818000,GOOGL
2021-05-05,115.47708449305684,115.79297039823858,114.46792338467594,114.78976440429688,26636000,GOOGL
2021-05-06,114.371219210084,115.90950775146484,113.71216888819075,115.90950775146484,25190000,GOOGL
2021-05-07,117.22563540770174,117.59061507127338,116.34639717350244,116.63253021240234,28898000,GOOGL
2021-05-10,115.45278230823058,115.59461543086714,113.29065197517465,113.64820098876953,30914000,GOOGL
2021-05-11,111.23415327092532,113.07939883944981,110.78039927471382,112.57258605957031,34186000,GOOGL
2021-05-12,110.39707540750636,111.47764498191353,108.78192267103177,109.11070251464844,46376000,GOOGL
2021-05-13,110.39360709363976,111.0541481508422,109.43155712442402,110.53841400146484,33204000,GOOGL
2021-05-14,112.00130340485505,113.2995712389846,111.5778017225358,112.98516845703125,31996000,GOOGL
2021-05-17,112.25074645700623,113.55050506879931,111.85105006420112,113.50785827636719,21598000,GOOGL
2021-05-18,114.17385549892235,114.43817329757108,112.18231233154226,112.19619750976562,22204000,GOOGL
2021-05-19,110.50815409240448,112.81706629241613,110.35988157512777,112.64399719238281,23684000,GOOGL
2021-05-20,113.61100662106799,114.65239495545593,113.24007185238473,114.40196990966797,32352000,GOOGL
2021-05-21,114.92067995406296,114.99407844296304,113.52669887961433,113.76622009277344,40632000,GOOGL
2021-05-24,114.7957246296547,117.30795841330092,114.65042587477578,117.08431243896484,31832000,GOOGL
2021-05-25,117.6277963375595,118.22287643220353,116.78476557290928,117.17504119873047,22440000,GOOGL
2021-05-26,117.3560548531477,118.47034990255696,117.35308107918044,118.03990936279297,21572000,GOOGL
2021-05-27,118.47331515824983,118.47331515824983,116.84725869661128,117.1656265258789,35224000,GOOGL
2021-05-28,117.7478111847202,117.82963157956378,116.67815310319966,116.87651062011719,21482000,GOOGL
2021-06-01,117.74880281061728,118.30768309931028,116.74906245910415,118.08303833007812,23354000,GOOGL
2021-06-02,118.47827097273424,118.70093322748687,116.65384943203411,117.5578842163086,21158000,GOOGL
2021-06-03,116.3250685412931,116.88494008609811,115.52121134855334,116.41680908203125,18696000,GOOGL
2021-06-04,117.49242726754059,118.96822874582733,117.15223662042179,118.69746398925781,24458000,GOOGL
2021-06-07,118.49267459500096,119.23999994667244,118.0741366825069,119.13040161132812,24120000,GOOGL
2021-06-08,119.61191557625074,119.98433347180782,118.75747389251524,118.93897247314453,24240000,GOOGL
2021-06-09,119.58314141281689,119.65504166013505,118.86259530140607,119.41007232666016,17942000,GOOGL
2021-06-10,119.35950068179913,120.80158431684347,119.20378994220064,120.75843811035156,25904000,GOOGL
2021-06-11,120.9999507112616,121.08524430564806,119.95657214998066,120.51396942138672,21958000,GOOGL
2021-06-14,120.61610768688743,121.44227956527116,119.90895486343989,121.44178771972656,22098000,GOOGL
2021-06-15,121.44623409294725,121.76906634678457,120.06366395354094,120.42418670654297,21562000,GOOGL
2021-06-16,120.5754470648677,120.88687610628577,118.49068020896921,119.78250122070312,26472000,GOOGL
2021-06-17,119.70812106140869,121.51815815207105,119.51223788888802,120.74554443359375,25842000,GOOGL
2021-06-18,120.37211233184087,120.6061778242269,119.03119771508092,119.12641143798828,46116000,GOOGL
2021-06-21,119.51273832350716,120.99994312989033,118.91566806650118,120.81398010253906,27414000,GOOGL
2021-06-22,120.75198899495656,121.39666231815684,120.07161525109758,121.32772827148438,22390000,GOOGL
2021-06-23,121.09266658134959,122.08645184131146,120.83579457394919,121.12589263916016,19148000,GOOGL
2021-06-24,121.6942071534237,122.04679234158628,121.2974920653263,121.495849609375,21362000,GOOGL
2021-06-25,120.99994158468905,121.62775596535607,120.5685097881372,121.5042724609375,34594000,GOOGL
2021-06-28,121.67285841404163,121.77849169161071,120.41029860777287,121.53153228759766,28526000,GOOGL
2021-06-29,121.66495039428926,122.01257928283053,120.69347970676894,121.27021026611328,23108000,GOOGL
2021-06-30,120.99449211806855,121.2548449065664,120.35973889878379,121.08871459960938,24474000,GOOGL
2021-07-01,120.72718096682148,121.58211440160566,120.53527041512392,121.44078826904297,18110000,GOOGL
2021-07-02,122.14052074770464,124.3760421604454,122.05076271213034,124.23074340820312,25982000,GOOGL
2021-07-06,124.61852879829608,125.39164190205774,123.56126516970392,125.15559387207031,26404000,GOOGL
2021-07-07,126.11963498147594,126.24062899525266,125.11890325477182,125.43727111816406,24060000,GOOGL
2021-07-08,123.00933654007592,124.56596723994673,123.00537150808182,124.01898956298828,23790000,GOOGL
2021-07-09,124.00014669515204,124.70382636334314,123.53052498165191,124.4896011352539,18632000,GOOGL
2021-07-12,125.14368334235166,126.02787781640319,124.58132987577834,125.93464660644531,17668000,GOOGL
2021-07-13,125.99712795199184,127.00777214039663,125.63611333534345,126.29764556884766,19240000,GOOGL
2021-07-14,126.90909397847128,128.26638333995623,126.86594777508958,127.18580627441406,23742000,GOOGL
2021-07-15,127.59444929137345,127.64502615274154,125.49281574408225,125.96392059326172,24218000,GOOGL
2021-07-16,126.61651932695658,126.7638005858177,125.11939443436253,125.92919921875,20424000,GOOGL
2021-07-19,125.05590815567551,125.17046276091699,122.49259090531656,123.55680084228516,27968000,GOOGL
2021-07-20,124.49852570882304,126.0016057985081,123.3311794114217,125.17494201660156,26312000,GOOGL
2021-07-21,125.09955486427575,126.55006794062126,124.99045595333612,126.50345611572266,20746000,GOOGL
2021-07-22,126.79603176039008,127.42979365327596,126.45385860301083,127.36878967285156,14302000,GOOGL
2021-07-23,129.36134951410625,132.30552235060202,128.7365239533056,131.92466735839844,41506000,GOOGL
2021-07-26,132.2355886482273,133.13663460885186,131.2169991619108,132.93629455566406,30572000,GOOGL
2021-07-27,133.1500131960715,133.29729444563313,129.0375036233096,130.8187713623047,54710000,GOOGL
2021-07-28,135.1946241311871,137.16335335815197,134.16860398036314,134.97840881347656,95130000,GOOGL
2021-07-29,135.03396443800386,135.54077731503992,134.43194537955202,134.66452026367188,31716000,GOOGL
2021-07-30,133.92808941978942,134.1953809902093,133.15448447715994,133.6221160888672,25576000,GOOGL
2021-08-02,134.00942969336194,134.22712811804664,132.69727646334016,133.74908447265625,21634000,GOOGL
2021-08-03,134.02728151890318,134.61938798044218,132.22667252736548,134.5182342529297,20762000,GOOGL
2021-08-04,134.24000035779645,134.53754419070725,133.38456751331833,134.01783752441406,19676000,GOOGL
2021-08-05,134.56826410267587,135.23228572626593,133.7406017147701,135.13458251953125,17870000,GOOGL
2021-08-06,134.92684860507694,135.35381597219683,134.1016679203012,134.62582397460938,20488000,GOOGL
2021-08-09,134.82816095664558,136.0594850166339,134.23009186471586,135.7906951904297,17760000,GOOGL
2021-08-10,136.21616508986884,136.64314754338798,135.246684585336,135.68556213378906,19414000,GOOGL
2021-08-11,136.05699411421284,136.55387918721985,135.15444996704406,135.16189575195312,15352000,GOOGL
2021-08-12,134.86086429616063,136.1745155860973,134.31538491071916,136.0693817138672,16506000,GOOGL
2021-08-13,136.12493157350525,136.72646625528014,135.90971509193332,136.5985107421875,15948000,GOOGL
2021-08-16,136.39766610111587,137.22830997813796,134.18991525462013,137.1757354736328,22384000,GOOGL
2021-08-17,136.62083810095478,137.13211535901215,134.96651172789996,135.541259765625,21716000,GOOGL
2021-08-18,135.38106359666662,135.98061569212976,134.21222682101478,134.33868408203125,19258000,GOOGL
2021-08-19,133.33348946705797,135.23476744461345,133.1495089814083,134.56777954101562,21782000,GOOGL
2021-08-20,134.8851768373789,136.42643919078785,134.1413247592316,136.30296325683594,31194000,GOOGL
2021-08-23,136.8385481592107,139.7197343782352,136.47951599303877,138.89356994628906,28454000,GOOGL
2021-08-24,139.4588501005937,140.91531805934204,139.18809294920172,140.10353088378906,19268000,GOOGL
2021-08-25,140.4640639174662,141.02393547801682,140.21711205572637,140.91433715820312,15848000,GOOGL
2021-08-26,140.58806975498533,141.25009399416993,140.1982858641535,140.28111267089844,20610000,GOOGL
2021-08-27,140.49133697664018,143.3278934785733,140.3371093469741,142.8235626220703,28780000,GOOGL
2021-08-30,143.2163138187646,144.77395084299167,142.98125704674328,143.40525817871094,24434000,GOOGL
2021-08-31,143.9571917138558,143.98148131585134,143.0982932268432,143.51136779785156,22448000,GOOGL
2021-09-01,143.8113978553602,145.05511631686906,143.69585198821633,144.02513122558594,21936000,GOOGL
2021-09-02,144.02566128157488,144.3266708148388,142.01130366892733,142.1124725341797,32342000,GOOGL
2021-09-03,141.90765408612546,142.9733397187953,141.23322027346492,142.56124877929688,19850000,GOOGL
2021-09-07,142.65545041675884,143.37996157191282,142.44171705325797,143.09779357910156,20124000,GOOGL
2021-09-08,142.9187663228827,143.21629500759505,141.82777736657997,142.5131072998047,18344000,GOOGL
2021-09-09,142.66140907531098,143.12755759724692,142.0038493948319,142.36436462402344,15314000,GOOGL
2021-09-10,143.030343356749,143.53220739667623,139.58433740573318,139.72120666503906,36840000,GOOGL
2021-09-13,140.7859154673757,141.77821775342676,140.09215589506022,141.16578674316406,22094000,GOOGL
2021-09-14,141.8233140691481,142.18780941142742,140.58802520414704,141.37600708007812,19674000,GOOGL
2021-09-15,141.6011462401537,143.26638367300353,140.18882331612184,143.2455596923828,27408000,GOOGL
2021-09-16,142.77049372933465,143.1171313122396,141.23419535655154,142.4327850341797,26190000,GOOGL
2021-09-17,141.8580435231661,142.27409944382737,139.31853152816512,139.6458282470703,53384000,GOOGL
2021-09-20,137.0289727850643,137.86060046940307,135.2045585284387,137.5823974609375,46518000,GOOGL
2021-09-21,138.60394429145055,138.86380522550456,137.1445098358899,137.89332580566406,25332000,GOOGL
2021-09-22,138.16212739808785,139.73214417818366,137.41579321142268,139.1335906982422,25056000,GOOGL
2021-09-23,139.83179860304818,140.534986416547,139.25060362210317,140.0584259033203,20952000,GOOGL
2021-09-24,139.38649927021982,141.16381757298157,139.09143728208156,141.04925537109375,22984000,GOOGL
2021-09-27,139.65029458618613,140.77500156753678,138.91933644415815,139.9156036376953,21882000,GOOGL
2021-09-28,137.51840770698303,137.95628643744843,134.25041949465725,134.71656799316406,45772000,GOOGL
2021-09-29,135.8571164274214,136.02671987866174,132.76766100224003,133.2521514892578,30848000,GOOGL
2021-09-30,133.1609261171282,134.43141608042833,132.46120397036233,132.58021545410156,37996000,GOOGL
2021-10-01,133.3454089668454,135.78823199119176,132.9739823084811,135.42373657226562,35360000,GOOGL
2021-10-04,134.845991044881,134.845991044881,129.97575169598792,132.56385803222656,51202000,GOOGL
2021-10-05,132.94221157443644,136.09961730477488,132.94221157443644,134.907958984375,32404000,GOOGL
2021-10-06,133.64543520241895,136.62084377835407,133.44707765743206,136.43736267089844,24364000,GOOGL
2021-10-07,137.7534621789869,138.89404439125028,137.51444038615332,138.083740234375,25110000,GOOGL
2021-10-08,138.43286154368056,139.180678709359,138.0763113266695,138.63966369628906,26526000,GOOGL
2021-10-11,138.15019117218512,139.55854921153343,137.72072679461957,137.77528381347656,17954000,GOOGL
2021-10-12,138.33665033617203,138.3634370023765,134.64714270868552,135.33050537109375,36332000,GOOGL
2021-10-13,136.27619065855683,136.86879650740957,135.39993366753524,136.4542236328125,19654000,GOOGL
2021-10-14,138.33071736992292,140.17893699801598,137.68703522654903,139.9939727783203,31894000,GOOGL
2021-10-15,140.4536525487432,140.55630449662968,139.60120099035484,140.20916748046875,30274000,GOOGL
2021-10-18,139.9200904772288,141.62549327745987,139.91314410371137,141.60763549804688,20396000,GOOGL
2021-10-19,142.2120994497211,142.48485425869475,141.43106394307281,142.06283569335938,20164000,GOOGL
2021-10-20,142.163011218959,142.3693139266215,140.2175881873202,140.60687255859375,23288000,GOOGL
2021-10-21,140.60690087056568,140.99073718424137,139.34830579006115,140.7229461669922,26292000,GOOGL
2021-10-22,138.00934325689758,139.4305952313603,134.94071143427604,136.43882751464844,50588000,GOOGL
2021-10-25,136.42246503075222,136.86877322103567,134.31388545894404,136.3203125,34412000,GOOGL
2021-10-26,138.12195088453703,138.93472200245625,137.1708122409943,138.1665802001953,49236000,GOOGL
2021-10-27,138.26224995262072,147.43146079079884,138.26224995262072,145.01890563964844,85782000,GOOGL
2021-10-28,145.92842739017055,145.95173330507313,143.44147439811337,144.65345764160156,36206000,GOOGL
2021-10-29,143.88877021249704,147.026835739547,143.46378537419665,146.8324432373047,43320000,GOOGL
2021-11-01,146.8324466906108,146.8324466906108,142.05145038269242,142.3207244873047,46924000,GOOGL
2021-11-02,143.3943518013393,145.4072108702752,143.15234864828975,144.2403564453125,33482000,GOOGL
2021-11-03,144.7045091916116,145.46671841466951,143.40574947129778,145.39630126953125,27494000,GOOGL
2021-11-04,145.918488091667,148.5061103237096,145.10868328164617,147.0521240234375,38412000,GOOGL
2021-11-05,147.94670774549678,149.0952199954821,146.98219111996391,147.63182067871094,38354000,GOOGL
2021-11-08,148.59683920952253,149.38037183168208,147.21376959274264,147.80935668945312,23052000,GOOGL
2021-11-09,148.00970530712945,148.60627612949312,146.03799485146035,147.69778442382812,19530000,GOOGL
2021-11-10,146.29090824279103,146.85624308458767,143.35269859682205,144.69757080078125,29970000,GOOGL
2021-11-11,145.28869002419106,146.32612090055292,144.40696987833476,144.5716094970703,16518000,GOOGL
2021-11-12,145.4136355459288,147.62983079980015,144.21901094660146,147.459228515625,22360000,GOOGL
2021-11-15,147.67991725355816,148.32359927216987,146.36528227383033,147.23509216308594,23508000,GOOGL
2021-11-16,146.93510551026554,147.54307207632556,146.10496093518637,146.66384887695312,18904000,GOOGL
2021-11-17,146.8140636628539,147.34170037420662,146.033028153426,146.83340454101562,19594000,GOOGL
2021-11-18,147.026320462845,149.3461514524102,146.67225222682112,148.6102294921875,35608000,GOOGL
2021-11-19,148.74613150846403,149.72902066079342,147.67846330504145,147.7057342529297,33682000,GOOGL
2021-11-22,148.10841373382473,148.60133385246837,144.9495238561813,145.10275268554688,30594000,GOOGL
2021-11-23,144.95496666414806,145.45781447907999,142.9336779574355,144.58700561523438,27218000,GOOGL
2021-11-24,144.2810105888424,145.0506504792178,143.18953724894834,144.92221069335938,18040000,GOOGL
2021-11-26,143.16521675032945,143.37250313576732,140.67976264069813,141.01747131347656,30470000,GOOGL
2021-11-29,142.81959849591408,145.0982659592094,142.7139652055701,144.33755493164062,32596000,GOOGL
2021-11-30,143.81983548713401,144.80320881089577,140.44076564760365,140.73434448242188,42068000,GOOGL
2021-12-01,142.8195956469263,144.75410739029755,139.75691130496085,139.895263671875,34020000,GOOGL
2021-12-02,140.09216072072763,142.68523136017433,139.0651416666331,141.79409790039062,29194000,GOOGL
2021-12-03,142.50321577437006,143.2163161657655,139.15091751675573,140.8374786376953,41230000,GOOGL
2021-12-06,141.86798874751165,142.67332924339058,139.00117937392642,141.98155212402344,30618000,GOOGL
2021-12-07,144.40301145252772,146.32166315012472,144.0370329543183,146.0623016357422,32240000,GOOGL
2021-12-08,146.3865960515908,147.17657557723103,145.205864201199,146.9717559814453,24270000,GOOGL
2021-12-09,146.38115719853195,147.87779015183264,145.90906116663706,146.4282684326172,23270000,GOOGL
2021-12-10,147.481060069157,147.75628168931388,145.501419679147,146.7882843017578,24458000,GOOGL
2021-12-13,146.5700951293805,146.75705697342113,144.32466128723686,144.63113403320312,27070000,GOOGL
2021-12-14,142.78786052539195,143.2956569953205,140.05742162389038,142.72735595703125,38446000,GOOGL
2021-12-15,142.23345653906728,145.51830418302902,140.51664296060125,145.2406005859375,36370000,GOOGL
2021-12-16,145.96410864255435,146.46645697869997,142.42981251292935,143.26095581054688,33650000,GOOGL
2021-12-17,141.33187339915958,142.655437143821,140.141713281487,140.563232421875,50416000,GOOGL
2021-12-20,138.85237592178575,140.61233535579893,138.17894105107746,140.44619750976562,27192000,GOOGL
2021-12-21,140.88905801007334,142.68968194664052,139.35077693447047,142.2964324951172,28756000,GOOGL
2021-12-22,141.89476456543952,145.2991231367607,141.89476456543952,145.21481323242188,26322000,GOOGL
2021-12-23,145.29911422761188,147.0283222152052,145.2515035755231,145.7122039794922,26384000,GOOGL
2021-12-27,146.0488961608223,147.12797496363228,145.96310316847794,146.69406127929688,15976000,GOOGL
2021-12-28,147.02084106158438,147.08332813570485,144.857235578729,145.4845428466797,18200000,GOOGL
2021-12-29,145.44243834865856,146.20861273327162,144.45361680844815,145.45285034179688,17788000,GOOGL
2021-12-30,145.49151435657527,146.09254961389885,144.79775486353165,145.00205993652344,15688000,GOOGL
2021-12-31,144.85280491667777,145.4959875927401,143.6646270751953,143.6646270751953,18136000,GOOGL
2022-01-03,143.86593461715796,144.65541477911893,142.53494010406916,143.80296325683594,28646000,GOOGL
2022-01-04,144.20414226489285,145.28421989053714,142.5384203965496,143.2158203125,28400000,GOOGL
2022-01-05,143.23613198595936,143.3149785989558,136.55932210214556,136.64559936523438,54618000,GOOGL
2022-01-06,135.8754939287169,138.7928795446468,135.43909829641714,136.61834716796875,37348000,GOOGL
2022-01-07,137.01308839091683,137.31361360301065,134.6535916733449,135.8938446044922,29760000,GOOGL
2022-01-10,133.97073966369757,137.68157063585514,132.0729270904359,137.5327911376953,44408000,GOOGL
2022-01-11,136.87574497844983,139.06663719581033,135.5720211712193,138.59056091308594,28730000,GOOGL
2022-01-12,139.99296095115926,141.4390172004531,139.54120457664413,140.2711639404297,26108000,GOOGL
2022-01-13,140.37977039221903,141.67904485341882,137.27443890098434,137.45098876953125,31436000,GOOGL
2022-01-14,135.95533915327124,139.5883225969847,135.8755088296192,138.337158203125,29662000,GOOGL
2022-01-18,135.0587297181779,136.00738617411443,134.32827105727515,134.8831787109375,34872000,GOOGL
2022-01-19,135.40437523941512,136.82860852545411,133.90874111772067,134.0089111328125,28648000,GOOGL
2022-01-20,135.1331212999803,136.49784887181025,131.8745463034307,132.21473693847656,29908000,GOOGL
2022-01-21,131.5066158303364,133.7599798995472,129.02016235439484,129.28298950195312,55652000,GOOGL
2022-01-24,124.94530705866508,130.12748179103494,123.47942593711821,129.73175048828125,76622000,GOOGL
2022-01-25,127.68469738972522,128.33829204225916,125.46355309123715,125.89448547363281,46960000,GOOGL
2022-01-26,130.04418655853962,131.9097642410679,126.09978210305361,128.17364501953125,49130000,GOOGL
2022-01-27,130.2276601350221,131.56510157140477,127.87559438564548,127.947509765625,31950000,GOOGL
2022-01-28,128.59616648080828,132.26336732239355,127.43179389269864,132.25790405273438,34362000,GOOGL
2022-01-31,133.06224407236246,134.36250208787934,131.12574979400958,134.1943817138672,39986000,GOOGL
2022-02-01,136.46660753981268,136.6634819687619,133.26705377749363,136.5157012939453,68644000,GOOGL
2022-02-02,150.01014748135128,150.30421054385434,144.32960458845056,146.7867889404297,123200000,GOOGL
2022-02-03,144.51109122384386,148.44804913070055,141.49600300849062,141.91702270507812,71518000,GOOGL
2022-02-04,142.26865554288074,143.68742564570832,139.36316498296367,142.11839294433594,57998000,GOOGL
2022-02-07,143.06754453763955,143.06754453763955,137.76139385139092,138.0599365234375,54974000,GOOGL
2022-02-08,137.88685780823388,138.85237322389543,135.89085796988192,138.2563018798828,54284000,GOOGL
2022-02-09,139.80800827912688,141.35621719799786,139.03786885201475,140.4313507080078,40144000,GOOGL
2022-02-10,138.55831786227063,140.3247091861647,136.8261287196153,137.4836883544922,39330000,GOOGL
2022-02-11,137.46386044180338,138.01578678020195,132.30647428852177,133.18174743652344,39958000,GOOGL
2022-02-14,132.16417235989616,135.1827270188193,132.16417235989616,134.41506958007812,34302000,GOOGL
2022-02-15,136.4428132990332,136.97641281123626,134.70815708961888,135.48870849609375,26680000,GOOGL
2022-02-16,135.5263729022058,136.95407185843112,133.81798904852437,136.6089324951172,25022000,GOOGL
2022-02-17,135.12617731893766,135.98954027468156,131.39254001045595,131.45254516601562,38950000,GOOGL
2022-02-18,132.37293985364457,132.97100892915242,129.12925617493363,129.3340606689453,45620000,GOOGL
2022-02-22,128.77366398895006,131.09696037872362,127.17239674726402,128.74937438964844,44990000,GOOGL
2022-02-23,130.56933001705977,130.96852695251638,126.48210910772207,126.5421142578125,32786000,GOOGL
2022-02-24,123.92923223959937,131.90977476291786,123.92923223959937,131.60330200195312,54456000,GOOGL
2022-02-25,132.45723763350745,134.16264009522365,130.67149031409218,133.3572998046875,36406000,GOOGL
2022-02-28,131.95936863524972,134.63871633436403,131.50561460625966,133.94992065429688,38864000,GOOGL
2022-03-01,133.77287444721637,135.13858587625842,132.1264932248051,132.9625701904297,26496000,GOOGL
2022-03-02,133.5244239122076,134.15371378545083,131.9806796935572,133.4683837890625,23520000,GOOGL
2022-03-03,134.8950837847723,135.32106741558047,131.93505144439177,132.80189514160156,24604000,GOOGL
2022-03-04,131.83788309122372,132.75430495921202,129.26910212432648,130.8252410888672,30430000,GOOGL
2022-03-07,130.41016532100002,130.6551346655655,125.25972533418172,125.34254455566406,45112000,GOOGL
2022-03-08,125.21510386863837,130.1741178832379,124.64432087127925,126.0625991821289,40428000,GOOGL
2022-03-09,130.1741142565606,132.63924417090806,128.83567386884616,132.32632446289062,37026000,GOOGL
2022-03-10,130.18998790766506,132.17954098140794,129.8393852677274,131.3439483642578,27102000,GOOGL
2022-03-11,132.39424653455924,132.69873673623212,128.56886893727994,128.805908203125,31526000,GOOGL
2022-03-14,129.18232020379136,129.34001346575886,124.2481025769408,124.9185562133789,38812000,GOOGL
2022-03-15,125.93514541675391,128.79005910986243,124.68993626243409,128.13893127441406,30920000,GOOGL
2022-03-16,129.66136979641874,132.24004824775446,127.6792471066061,132.18798828125,35576000,GOOGL
2022-03-17,132.05756641925296,132.98143408968724,131.1014639438647,132.74191284179688,28264000,GOOGL
2022-03-18,132.33081034689366,135.12720247803944,131.1743677603362,135.00967407226562,44566000,GOOGL
2022-03-21,135.04732810159504,135.92656630102422,132.99330550843302,134.98583984375,26832000,GOOGL
2022-03-22,134.98586098558138,139.89379910609253,134.98586098558138,138.7214813232422,35496000,GOOGL
2022-03-23,137.56551524552734,138.44425402347676,136.70513365586095,137.1420135498047,25154000,GOOGL
2022-03-24,138.058933800913,140.458110844999,136.62132231474047,140.4114990234375,26396000,GOOGL
2022-03-25,140.7527078549681,140.87073567493306,138.59206779131915,140.51170349121094,24126000,GOOGL
2022-03-28,139.74550107592432,140.83847267217368,138.66542339972597,140.29595947265625,35050000,GOOGL
2022-03-29,141.47820601311636,142.6148082235357,140.87418935059165,141.3373565673828,34318000,GOOGL
2022-03-30,141.29223395375402,141.55059664678325,140.43928293794912,140.77500915527344,19884000,GOOGL
2022-03-31,140.88858332417732,140.94314035791015,137.88491972636217,137.9275665283203,37524000,GOOGL
2022-04-01,138.356482806623,139.31951637020538,137.17375319145697,139.00164794921875,25942000,GOOGL
2022-04-04,139.20792795999776,142.53393828309905,139.1603173196771,141.79949951171875,25942000,GOOGL
2022-04-05,141.69789505239882,141.81838966408807,139.23178108005197,139.43856811523438,21418000,GOOGL
2022-04-06,137.6126258686909,138.21812553888182,134.40612601563646,135.42868041992188,32468000,GOOGL
2022-04-07,134.89509176328988,136.04013849416,133.1272020827794,134.77459716796875,26234000,GOOGL
2022-04-08,134.47208496943966,134.5578779659387,131.87554910979466,132.19491577148438,25142000,GOOGL
2022-04-11,130.7429100506066,131.009702203024,127.61377361707454,127.76750183105469,36884000,GOOGL
2022-04-12,130.52125019058332,130.52125019058332,125.7496824779024,126.66759490966797,32710000,GOOGL
2022-04-13,126.9507369724858,129.2656039537595,126.69385742711057,128.82920837402344,27928000,GOOGL
2022-04-14,129.40993832117093,129.40993832117093,125.56322179244722,125.69116973876953,31598000,GOOGL
2022-04-18,125.95895269585907,127.16150750964877,125.14765723721159,126.6299057006836,20808000,GOOGL
2022-04-19,126.64479041088664,129.26463241184499,125.95846151250545,128.94329833984375,26490000,GOOGL
2022-04-20,129.81904388797793,130.3218916355038,126.45485065417712,126.99041748046875,31696000,GOOGL
2022-04-21,128.1905088826277,129.0320490590413,123.50572537982224,123.79136657714844,36446000,GOOGL
2022-04-22,123.97535142196246,124.37405657587937,117.95015236959706,118.65482330322266,56884000,GOOGL
2022-04-25,118.1247001432462,122.26696285548644,117.53954013860086,122.06513214111328,46128000,GOOGL
2022-04-26,121.29202455748772,121.50575793064277,117.53953815889362,117.67739868164062,73054000,GOOGL
2022-04-27,113.53115828563,116.28093039770941,111.81237005693657,113.35759735107422,91820000,GOOGL
2022-04-28,115.4607114772855,118.66869438389101,113.17956225538599,117.55093383789062,48884000,GOOGL
2022-04-29,115.77760037683389,116.9533836790152,112.88153803374084,113.17411804199219,42676000,GOOGL
2022-05-02,112.47538421530977,115.78850102043891,111.67698273748518,115.62733459472656,35534000,GOOGL
2022-05-03,115.47608756923125,117.47110390717961,115.08333755024837,116.37218475341797,24968000,GOOGL
2022-05-04,116.07217173392031,121.84743753057185,114.17236904181686,121.25880432128906,49916000,GOOGL
2022-05-05,119.21866799050063,120.04682243338775,114.06277948042218,115.55048370361328,45840000,GOOGL
2022-05-06,114.24030932144473,116.60774359414943,113.08089313905965,114.79769897460938,39710000,GOOGL
2022-05-09,112.32167057637727,114.13369779854568,111.08241645044278,111.58872985839844,40802000,GOOGL
2022-05-10,114.56065130362705,115.29706511899676,111.97501939704058,113.45726776123047,39900000,GOOGL
2022-05-11,112.30827513659509,115.41063248936665,112.30827513659509,112.67127227783203,37534000,GOOGL
2022-05-12,110.4645054940696,113.35808557765253,108.92423453859938,111.91898345947266,53836000,GOOGL
2022-05-13,113.59415004437889,116.90875792873446,112.67376319786906,115.09921264648438,35038000,GOOGL
2022-05-16,114.01318748987721,115.2177324454328,112.95593136795685,113.50687408447266,25990000,GOOGL
2022-05-17,115.88274500446754,115.94175891063747,113.9284002623399,115.51825714111328,23054000,GOOGL
2022-05-18,114.05732544136315,114.45404808670412,110.64105684052672,110.98223876953125,35126000,GOOGL
2022-05-19,110.51807817312684,112.08363775970766,109.09830918068056,109.47916412353516,34144000,GOOGL
2022-05-20,111.03331404707964,111.26391395378205,104.92926830668526,108.0152587890625,48962000,GOOGL
2022-05-23,108.6891932186079,111.2282060203502,107.84962795327247,110.57411193847656,37184000,GOOGL
2022-05-24,104.90495862013972,105.58583172037198,101.04932107319485,105.10133361816406,76780000,GOOGL
2022-05-25,104.1249121947519,105.62700102602575,103.00516898284764,104.93769836425781,40258000,GOOGL
2022-05-26,104.8107448453719,107.75887468895839,104.3624465360755,106.90890502929688,37948000,GOOGL
2022-05-27,108.58554373009294,111.39730365863458,108.24386241128829,111.39581298828125,37914000,GOOGL
2022-05-31,111.82229671590991,114.78630197702584,111.1597731470303,112.82947540283203,50012000,GOOGL
2022-06-01,113.91350798260179,116.14159098002285,112.3216612422036,112.9583969116211,36606000,GOOGL
2022-06-02,113.06551449385536,116.93304735382672,112.02065295107872,116.65831756591797,37992000,GOOGL
2022-06-03,115.11110111753601,115.36798068092384,112.5879563145143,113.6020736694336,26136000,GOOGL
2022-06-06,115.74785337637843,118.36869420913727,115.2117870867129,115.86290740966797,33542000,GOOGL
2022-06-07,114.53387621473067,116.72625878645412,114.10889140185589,116.18919372558594,31590000,GOOGL
2022-06-08,115.80437996795135,117.59855692060148,115.64420478456094,116.23333740234375,26108000,GOOGL
2022-06-09,115.37392377581374,117.32926690453378,113.83514351672737,113.89415740966797,25798000,GOOGL
2022-06-10,111.52326180460535,112.3504249488664,109.46130149167207,110.25028228759766,41452000,GOOGL
2022-06-13,105.91113796225396,107.89969964994525,105.24911389802193,105.52037048339844,47252000,GOOGL
2022-06-14,105.66170449580932,107.03981023394988,104.93272890444857,105.8407211303711,33706000,GOOGL
2022-06-15,107.65522217666569,110.5101281231061,106.78690296928498,108.86473083496094,39698000,GOOGL
2022-06-16,106.34207999882139,107.75787626146192,104.27615475355856,105.16431427001953,51684000,GOOGL
2022-06-17,105.16431896946578,107.80846549966309,104.18491071395393,106.26522064208984,51376000,GOOGL
2022-06-21,108.03657603615589,111.56739902352787,107.70977872020165,110.62964630126953,47416000,GOOGL
2022-06-22,109.6502478770662,112.41737098859431,109.47767062090766,110.57361602783203,30774000,GOOGL
2022-06-23,111.31151031036939,111.81832309519362,109.5947045131696,111.3219223022461,28362000,GOOGL
2022-06-24,112.06876813927677,117.11109357252704,112.02661318784043,117.00794219970703,41164000,GOOGL
2022-06-27,117.30348914348141,117.60747238809732,114.23534152789627,114.88398742675781,36420000,GOOGL
2022-06-28,114.8532454023872,116.34789602426181,110.93116279588207,111.08935546875,35792000,GOOGL
2022-06-29,110.63758563635704,112.23289804690751,109.96365128893204,110.78585815429688,24716000,GOOGL
2022-06-30,109.09830333262894,109.97902466562923,105.87494437052855,108.0698013305664,43170000,GOOGL
2022-07-01,107.04825874387521,108.35446446651036,105.85561638793322,107.8461685180664,35476000,GOOGL
2022-07-05,106.22258079388362,112.44762815748757,104.86479945326545,112.33456420898438,39342000,GOOGL
2022-07-06,112.37324154606672,114.64198891272858,110.5622056578975,113.63282775878906,37432000,GOOGL
2022-07-07,114.13665496771533,118.21246520183128,113.8921774820959,117.80929565429688,40936000,GOOGL
2022-07-08,116.28887225514453,118.70390952621402,115.94322591003493,118.37512969970703,38238000,GOOGL
2022-07-11,117.03074427714583,117.03074427714583,114.38510706026808,114.728271484375,31196000,GOOGL
2022-07-12,115.26235327439865,116.01513422724025,112.75805737728307,113.08584594726562,29960000,GOOGL
2022-07-13,110.78534420231458,113.25989453737738,110.28994228981075,110.4406967163086,43722000,GOOGL
2022-07-14,109.3070730912963,110.18233866352448,107.48463413301555,109.46278381347656,37004000,GOOGL
2022-07-15,111.08240810060202,112.21306263725859,109.99092716981522,110.8612289428711,46770000,GOOGL
2022-07-18,111.71665403211723,112.74812973437768,107.48165988903675,108.13624572753906,43164600,GOOGL
2022-07-19,109.94133235969358,113.08534523356836,108.66190591539453,112.87706756591797,36530900,GOOGL
2022-07-20,112.24232732688169,114.45405102378699,111.5579885021337,112.96634674072266,35600400,GOOGL
2022-07-21,113.34321947485182,113.61101046049744,110.1992065063923,113.40272521972656,32676200,GOOGL
2022-07-22,110.09010519867219,111.41911725096242,105.62699282575305,107.01551818847656,48901200,GOOGL
2022-07-25,107.52133950136387,108.9693706048637,105.4286350985414,106.62871551513672,34690900,GOOGL
2022-07-26,105.72616877091382,106.32124889141323,103.2169090921242,104.15911865234375,47991000,GOOGL
2022-07-27,108.36437830874573,112.97626293838638,107.12462478286679,112.13322448730469,59858500,GOOGL
2022-07-28,111.44887316623573,113.4027181473664,110.5463290686979,113.28370666503906,32816600,GOOGL
2022-07-29,112.15306191622032,115.7533033393372,112.13322162287426,115.36650085449219,37223400,GOOGL
2022-08-01,114.35486029276694,115.76321838407448,113.4027229923445,113.91846466064453,26034300,GOOGL
2022-08-02,113.0655143870716,115.39624935448683,112.78781082558956,114.18624877929688,20236000,GOOGL
2022-08-03,114.76149298206536,117.6476425585004,114.53338259160023,117.11206817626953,28499000,GOOGL
2022-08-04,116.51698947915064,117.80632850385459,115.93182192650802,117.2211685180664,21602900,GOOGL
2022-08-05,115.2772466831336,117.14183328630476,115.04912870198066,116.507080078125,19159500,GOOGL
2022-08-08,117.41953186952958,119.16510690112827,115.92190753578308,116.33847045898438,19138300,GOOGL
2022-08-09,116.1797640458468,116.35828882894792,114.76148592644728,115.67394256591797,19086500,GOOGL
2022-08-10,117.80632384689984,119.92878102588605,117.43936168959127,118.71878051757812,30930400,GOOGL
2022-08-11,120.28584605400722,120.49412374035786,117.58814114476164,117.8658447265625,24293700,GOOGL
2022-08-12,119.27419055535846,120.68254852294922,118.48074539699118,120.68254852294922,19096300,GOOGL
2022-08-15,120.13705992096004,121.29747484616601,119.62132583953287,121.07927703857422,19494800,GOOGL
2022-08-16,120.52386016096523,121.42640424546009,119.65107651347627,120.70238494873047,19041200,GOOGL
2022-08-17,119.13534985161822,120.29575726084148,118.40141036356964,118.57002258300781,22847000,GOOGL
2022-08-18,118.45099701321593,119.82960216377192,117.74681800275492,119.18492889404297,17987700,GOOGL
2022-08-19,118.08403247971835,118.17329866159419,115.8028907047583,116.24919891357422,21809500,GOOGL
2022-08-22,114.25568050831775,114.6821560186315,112.91674823026226,113.30355072021484,21456600,GOOGL
2022-08-23,112.54978392368335,114.06724098148526,112.50019075744802,112.92666625976562,15870400,GOOGL
2022-08-24,112.56960408080326,113.83911029938794,111.94477111702129,112.75804901123047,17734600,GOOGL
2022-08-25,113.30353847884851,115.76321250751124,113.17460685174579,115.69378662109375,16956800,GOOGL
2022-08-26,113.77960949375512,114.17633209597903,109.28674437319086,109.43550872802734,37245700,GOOGL
2022-08-29,109.08839096914106,110.04052077631388,107.9081507488915,108.52306365966797,21191200,GOOGL
2022-08-30,109.26691024996742,109.59420698279374,106.91634250859858,108.0469970703125,27513300,GOOGL
2022-08-31,109.74297432432968,109.94133184491908,107.24362719051874,107.33289337158203,28627000,GOOGL
2022-09-01,107.39240011242691,109.54461025492617,106.47994340226887,108.8404312133789,28360900,GOOGL
2022-09-02,109.6834567691589,109.83222868726963,106.38075953474187,106.9659194946289,24160700,GOOGL
2022-09-06,106.42044469733727,107.14445651227068,104.91290018646603,105.93445587158203,25068300,GOOGL
2022-09-07,106.18239517986085,109.07846482937784,106.02371068181908,108.55280303955078,23167000,GOOGL
2022-09-08,107.15436785234293,108.70157768967908,106.28158417405022,107.4915771484375,24238300,GOOGL
2022-09-09,108.17593072235994,110.08019027578453,108.12633755578807,109.74298095703125,23197700,GOOGL
2022-09-12,110.08017215782019,110.70501265962278,109.02886378785257,109.95124053955078,22966800,GOOGL
2022-09-13,106.91633578916247,107.41223714705868,103.23674105474096,103.46485900878906,38172900,GOOGL
2022-09-14,103.7128143662537,104.41699341820953,102.8102777889331,104.13928985595703,26395100,GOOGL
2022-09-15,103.17723571198333,104.40706896560022,101.51100684033769,102.06642150878906,34188300,GOOGL
2022-09-16,101.23330943767259,102.28461796293107,100.11257502049808,101.95732879638672,42797200,GOOGL
2022-09-19,100.91593353936474,102.48298375828159,100.71757600878111,102.22511291503906,23036800,GOOGL
2022-09-20,101.24323304040989,101.5308567644108,99.69601550554796,100.3109359741211,26517100,GOOGL
2022-09-21,100.83658693545453,102.03666739252802,98.45625874751293,98.46617889404297,31487300,GOOGL
2022-09-22,98.00995057481285,100.4101114902342,97.98019770206167,99.31912994384766,34298600,GOOGL
2022-09-23,98.81330688401681,98.84306732316416,96.67101684353818,97.93060302734375,31625400,GOOGL
2022-09-26,97.29585425726316,99.06126205035565,96.99831795404086,97.36528015136719,27072700,GOOGL
2022-09-27,98.61495489564797,99.18028220152245,96.0759420926826,96.70077514648438,30072800,GOOGL
2022-09-28,96.84954541208984,99.8745394269292,96.31397098941996,99.22987365722656,32466300,GOOGL
2022-09-29,97.8314301011561,97.8314301011561,95.17339822616405,96.62142944335938,31047200,GOOGL
2022-09-30,96.25446940903004,98.08930316415186,94.77667771762164,94.8659439086914,32941500,GOOGL
2022-10-03,95.9668494539462,98.47610954707449,95.72881131295725,97.83143615722656,27982000,GOOGL
2022-10-04,99.61667108123069,101.00518888401722,99.5571577705009,100.80683135986328,28850800,GOOGL
2022-10-05,99.01166607108686,101.09445024273644,97.99011049341637,100.59854888916016,22176900,GOOGL
2022-10-06,99.85470635132027,102.08626265455283,99.76544016442644,100.58863830566406,22324000,GOOGL
2022-10-07,99.03150884851111,99.7059350605101,97.49421903648668,97.87110137939453,27502800,GOOGL
2022-10-10,98.18847777441846,98.2876565416277,96.21479230959145,97.05782318115234,18225100,GOOGL
2022-10-11,96.6313430235072,98.43642374055914,95.52052121037734,96.38339233398438,26507100,GOOGL
2022-10-12,96.50241351977157,97.94052452401523,95.94699881751596,96.7602767944336,21876400,GOOGL
2022-10-13,94.37004071240933,98.96208508756953,93.60634829648116,98.24798583984375,34574500,GOOGL
2022-10-14,99.17036238714927,99.86462890500115,95.58004100220128,95.76847839355469,25410700,GOOGL
2022-10-17,98.04961114220063,100.10264233670719,98.01985827322795,99.1505126953125,28419200,GOOGL
2022-10-18,102.28461724659432,102.62183412414964,99.15052441894925,99.94396209716797,24060700,GOOGL
2022-10-19,99.19019861679422,100.1919139812081,98.10912964670428,98.81330871582031,23811100,GOOGL
2022-10-20,99.18026556428518,101.48124742270245,98.57526533899474,99.1505126953125,25323200,GOOGL
2022-10-21,97.04789829825931,100.47953493084219,96.9189666638649,100.30101013183594,32458700,GOOGL
2022-10-24,100.96551960605208,101.90772916035505,99.1604389639881,101.67961120605469,27176400,GOOGL
2022-10-25,102.05652286008485,103.96078266683527,101.87799803027352,103.62357330322266,40611400,GOOGL
2022-10-26,95.63954441159298,97.50413095357072,93.91380965641918,94.15184020996094,88114100,GOOGL
2022-10-27,93.74519206481907,94.64773619425107,91.04749495639449,91.46405029296875,60710900,GOOGL
2022-10-28,91.51365001907476,95.75857277635563,91.37479821877903,95.50070190429688,43697300,GOOGL
2022-10-31,94.63781949338367,95.24281979479946,93.20962863501363,93.73528289794922,31675000,GOOGL
2022-11-01,94.66757492682962,95.24282237108928,89.62922241672638,89.72840118408203,47161400,GOOGL
2022-11-02,90.19455387405776,90.43258444006051,86.16782914537849,86.25709533691406,57038300,GOOGL
2022-11-03,85.61241063994241,85.81076815755338,82.6568351996716,82.74610137939453,61288000,GOOGL
2022-11-04,84.69994994578491,85.92978314388307,83.02380100389072,85.87027740478516,51124900,GOOGL
2022-11-07,86.56454509810828,88.17126831965837,86.1380696016579,87.7646255493164,34078900,GOOGL
2022-11-08,88.1712646484375,89.57962271598969,86.87199792022133,88.1712646484375,30429000,GOOGL
2022-11-09,87.72495193475426,88.70684212468586,86.56454451049467,86.60421752929688,31769100,GOOGL
2022-11-10,91.49381082236977,93.61626826753488,90.8590576182188,93.16996002197266,51620100,GOOGL
2022-11-11,93.91381827388382,96.13545463345741,93.15012580953145,95.61972045898438,33090500,GOOGL
2022-11-14,94.31052701503693,95.99659635796955,93.73528712723771,94.91552734375,30179500,GOOGL
2022-11-15,97.45454708936437,99.31913366455173,95.9172496935556,97.63307189941406,41640800,GOOGL
2022-11-16,97.09748619804606,98.82322078363063,96.83961537638496,98.0396957397461,29105200,GOOGL
2022-11-17,96.17512087878868,98.46618297666177,95.99659606811966,97.55372619628906,26052600,GOOGL
2022-11-18,97.96035978371822,98.08929899123865,95.5800391036644,96.63134765625,28342300,GOOGL
2022-11-21,96.49248658714596,97.59338820085925,94.5783070537111,94.81633758544922,21647400,GOOGL
2022-11-22,95.16347408012261,96.42306785300386,93.27905484436155,96.25446319580078,23438500,GOOGL
2022-11-23,96.29413568796969,97.95045220883327,96.29413568796969,97.65290832519531,18868100,GOOGL
2022-11-25,97.43470728675223,97.83142992962435,96.60159654689032,96.66110229492188,9701400,GOOGL
2022-11-28,96.24454747735288,96.78012191327572,94.8262691285725,95.26266479492188,26237500,GOOGL
2022-11-29,94.94527283562661,95.33207527119987,93.33854978773114,94.40969848632812,20061700,GOOGL
2022-11-30,94.04274847629401,100.21176358073885,93.64602581219957,100.16217041015625,43647500,GOOGL
2022-12-01,100.19192328576362,101.4118441536543,99.42823840003759,100.16217041015625,28687100,GOOGL
2022-12-02,98.23806351073277,99.94395785152076,98.08929158774455,99.61666870117188,21480700,GOOGL
2022-12-05,98.58518949074,100.54895459128153,98.18846689898945,98.66453552246094,24405100,GOOGL
2022-12-06,98.48601782310948,98.9620789139917,95.62962101039767,96.1850357055664,24910700,GOOGL
2022-12-07,95.61971746872926,96.08585845727798,93.94356821211183,94.1617660522461,31045400,GOOGL
2022-12-08,94.59814224941029,94.79650733675184,92.6839626659769,92.94183349609375,32213300,GOOGL
2022-12-09,93.0013431152763,93.48733192437892,91.98970761165849,92.06905364990234,28225400,GOOGL
2022-12-12,91.95002489014092,92.7930556486765,90.85904346339758,92.54510498046875,29420000,GOOGL
2022-12-13,96.958644678424,98.71413232006631,94.25101968178204,94.84609985351562,40593700,GOOGL
2022-12-14,94.4196191950435,96.07593554575189,92.83273630132557,94.29068756103516,28733600,GOOGL
2022-12-15,92.36659290509361,92.8724144565508,89.2721729828965,90.11520385742188,40107000,GOOGL
2022-12-16,90.01601241882409,90.5813396378672,88.78617166028681,89.52011108398438,58011800,GOOGL
2022-12-19,89.52012290883614,89.81765920892968,87.48692414068339,87.71504211425781,29493000,GOOGL
2022-12-20,87.38774657684024,88.44897528550977,86.72324050727767,88.290283203125,23453800,GOOGL
2022-12-21,88.34979410199328,89.48044867408069,87.59602186498341,88.84569549560547,24745600,GOOGL
2022-12-22,87.43734154375588,87.8142238968935,85.61242039304902,87.04061889648438,27658300,GOOGL
2022-12-23,86.39594104938888,88.81594226177606,86.35626803003854,88.49856567382812,23003000,GOOGL
2022-12-27,88.07209058240402,88.21094236734609,86.29676268423916,86.67364501953125,20097300,GOOGL
2022-12-28,86.2670023652313,87.31831080815121,85.23552664693922,85.31486511230469,19523200,GOOGL
2022-12-29,85.9099593646084,88.12167532237186,85.9000392181079,87.7249526977539,23333500,GOOGL
2022-12-30,86.26701373187004,87.57619316857544,85.8603709383056,87.50676727294922,23986300,GOOGL
2023-01-03,88.85560627643153,90.30364497529531,87.79437761826055,88.38946533203125,28131200,GOOGL
2023-01-04,89.60938314842804,89.90692702075431,86.55462865105089,87.35799407958984,34854800,GOOGL
2023-01-05,86.75299440017858,86.85217316940673,85.19586426604603,85.49340057373047,27194400,GOOGL
2023-01-06,86.07857453002329,86.9711986526789,84.16439463188344,86.62406158447266,41381500,GOOGL
2023-01-09,87.63569405206921,89.31184316795068,87.13979266316744,87.29847717285156,29003900,GOOGL
2023-01-10,85.2752044746708,87.94314874861813,85.12643254757823,87.69519805908203,30467800,GOOGL
2023-01-11,88.44897568545483,90.84913669096524,88.28037102229985,90.76979064941406,26862000,GOOGL
2023-01-12,90.73011735676101,91.11691981733598,89.01429529901861,90.38298034667969,30258100,GOOGL
2023-01-13,90.1052744877532,91.4342940509324,89.3911753274604,91.3648681640625,26329200,GOOGL
2023-01-17,91.30535652243567,91.49380146174484,89.3118384915669,90.54167175292969,32602400,GOOGL
2023-01-18,91.38470524390696,92.0392986943226,89.89700111134908,90.3730697631836,29116700,GOOGL
2023-01-19,89.97635197425116,92.84266148471706,89.88708578674498,92.2872543334961,37000400,GOOGL
2023-01-20,94.3204372009586,97.49421044649547,94.24109116727796,97.21649932861328,63191100,GOOGL
2023-01-23,97.1470790758333,99.21995081656387,96.70077085248677,98.97200012207031,40005100,GOOGL
2023-01-24,97.29585441335684,98.79347877926642,96.40323036854797,96.89913177490234,33078500,GOOGL
2023-01-25,94.78659786716852,95.37176548216979,92.99143713393819,94.43946838378906,42330000,GOOGL
2023-01-26,95.70897598453968,96.77020474200492,94.59815405733514,96.72061157226562,30114000,GOOGL
2023-01-27,96.51233145386189,99.49766010597479,96.51233145386189,98.55545043945312,33879800,GOOGL
2023-01-30,96.6809449292123,97.48430281450548,95.60979603758457,96.14537048339844,27226200,GOOGL
2023-01-31,96.07593251835176,98.06945054380512,96.02633935545113,98.02977752685547,29870700,GOOGL
2023-02-01,97.90084104880061,100.36051500989419,96.78010675117609,99.60674285888672,35531100,GOOGL
2023-02-02,104.93272708957909,106.96591805351979,104.74428215805406,106.85681915283203,69883800,GOOGL
2023-02-03,102.08625562934304,106.92625024321528,101.73912618609937,103.92108917236328,65309300,GOOGL
2023-02-06,101.56060192669277,103.50453438595648,101.0448602652804,102.05650329589844,31999600,GOOGL
2023-02-07,102.37388574345306,107.29322670020932,102.27470697729218,106.75765228271484,49010200,GOOGL
2023-02-08,101.21348233996603,102.29454379804132,97.23635085283868,98.55545043945312,94743500,GOOGL
2023-02-09,99.18026369390365,99.21001656231525,92.8624781725347,94.23117065429688,119455000,GOOGL
2023-02-10,94.6675682304884,95.95691481547425,93.47740797269714,93.79478454589844,54980700,GOOGL
2023-02-13,93.96338902898977,94.4196173792314,93.07076505379771,93.83445739746094,50076100,GOOGL
2023-02-14,93.65594180887688,94.07249718262943,91.50373147763352,93.90389251708984,54726100,GOOGL
2023-02-15,93.7154489662695,96.32389529866973,93.37823963012109,96.14537048339844,50169000,GOOGL
2023-02-16,94.58822952133472,96.87929141683016,93.96338895576008,94.72708129882812,42462600,GOOGL
2023-02-17,94.07249288547277,94.77667195660865,92.44593691924389,93.57659149169922,34284100,GOOGL
2023-02-21,92.23766291009657,92.3368416794246,90.96815650224582,91.03758239746094,33629300,GOOGL
2023-02-22,90.94830538293209,91.35494812568693,89.86724406227897,90.89871978759766,30884000,GOOGL
2023-02-23,91.16649876726088,91.18633905791556,89.02420895463646,90.14494323730469,41206400,GOOGL
2023-02-24,88.70683991186095,89.15314812025682,87.85388894602733,88.39937591552734,36585100,GOOGL
2023-02-27,89.1333236694336,89.42094740013515,88.6076618097586,89.1333236694336,27502300,GOOGL
2023-02-28,88.59773510812792,90.4821617111098,88.5878149626214,89.32174682617188,30142000,GOOGL
2023-03-01,89.24241850559551,90.28380689652273,88.93495449477956,89.61930084228516,31111200,GOOGL
2023-03-02,88.92503489270483,91.52355315835904,88.85560143860462,91.245849609375,32204400,GOOGL
2023-03-03,91.7219244117424,92.96167788657921,91.69216397218837,92.88233184814453,35160100,GOOGL
2023-03-06,93.24928005363755,95.18329972454052,93.22944733042964,94.35018157958984,32639300,GOOGL
2023-03-07,94.20143621358584,94.8857750214838,92.76331756858707,93.09061431884766,27835500,GOOGL
2023-03-08,93.34847011024735,95.17338339263445,93.22945106567059,93.47740173339844,34103300,GOOGL
2023-03-09,93.27904678973223,94.74691054558716,91.14666947529359,91.56322479248047,28813500,GOOGL
2023-03-10,91.41446993865235,92.02939045037262,89.65898216460977,89.88709259033203,35941000,GOOGL
2023-03-13,89.35150848107031,91.81118269560834,88.687002437022,90.36315155029297,37335600,GOOGL
2023-03-14,91.80126150060728,93.58650950422467,91.6822500116025,93.19970703125,36050200,GOOGL
2023-03-15,92.45585699442236,96.13544442535732,91.88060956204423,95.3221664428711,50622100,GOOGL
2023-03-16,95.41142746724535,100.36052894620208,94.71716852573586,99.4976577758789,65492000,GOOGL
2023-03-17,99.43815015945079,101.9969956149556,99.27945808045726,100.78700256347656,61028500,GOOGL
2023-03-20,99.29929255271749,100.91592828670724,99.05134186896636,100.39027404785156,32960400,GOOGL
2023-03-21,100.4200298260466,104.23846895297474,100.39027695383191,104.05994415283203,42110300,GOOGL
2023-03-22,103.41526038657393,105.71624226306058,102.48297102840904,102.52264404296875,43427400,GOOGL
2023-03-23,104.19880057571585,105.42864150563719,103.60372040435178,104.734375,40797800,GOOGL
2023-03-24,104.12936781949888,104.62526919076385,102.98879315221856,104.57568359375,30393300,GOOGL
2023-03-27,103.7624149352095,103.90126672624382,101.0944628976051,101.6201171875,31120900,GOOGL
2023-03-28,101.60027347597008,101.61018605507579,98.92240158084621,100.20182800292969,32057900,GOOGL
2023-03-29,101.44158753942646,101.64986521604924,99.82495172553267,100.55888366699219,28779600,GOOGL
2023-03-30,100.08282857556007,100.33077928644965,98.96208651955186,100.06298828125,33086200,GOOGL
2023-03-31,100.46961878932184,103.0383842078249,100.2117479628211,102.87969970703125,36863400,GOOGL
2023-04-03,101.55068678803492,103.67314414754483,101.0944584138917,103.5045394897461,25035400,GOOGL
2023-04-04,103.47478504857116,104.71453851392779,103.18716133658586,103.86158752441406,24420100,GOOGL
2023-04-05,104.9128913544011,105.23026792467863,102.81027441388282,103.61363220214844,28290500,GOOGL
2023-04-06,104.39716471996435,108.27510972849137,103.47478781441008,107.53125762939453,48711500,GOOGL
2023-04-10,106.10306402969181,106.7080567599706,104.25831026578564,105.56748962402344,27067400,GOOGL
2023-04-11,105.67658753468932,105.85511233488984,103.82191364187591,104.48641967773438,26311800,GOOGL
2023-04-12,105.70634162712136,105.87494628290851,103.48469796190201,103.78224182128906,24370300,GOOGL
2023-04-13,104.97239950361016,106.6088755556612,104.97239950361016,106.54936981201172,24843600,GOOGL
2023-04-14,106.01379677904549,108.04699547084493,105.96420361413152,107.97756958007812,26578000,GOOGL
2023-04-17,103.80207449899135,105.28977855307458,103.66321515910445,105.10133361816406,37571200,GOOGL
2023-04-18,105.61707218442865,105.66666534841484,103.2169113578442,103.64338684082031,26596400,GOOGL
2023-04-19,102.7309239306776,104.11944920307992,102.225102442597,103.32600402832031,20905700,GOOGL
2023-04-20,103.05823288579296,105.37904781258688,103.01855986565269,104.42691802978516,27820800,GOOGL
2023-04-21,104.6054346972307,105.13108893118996,103.92108839505883,104.54592895507812,25800100,GOOGL
2023-04-24,104.62526499144161,105.75591946719655,103.84173994826861,105.10133361816406,23542800,GOOGL
2023-04-25,104.96249111597527,105.81544212100182,102.98879811509617,102.99871826171875,46664100,GOOGL
2023-04-26,104.05995914905576,105.47823760823108,101.78872958481804,102.85987854003906,53347600,GOOGL
2023-04-27,103.59380098496241,107.48167377000753,102.69126435820809,106.70806121826172,50089200,GOOGL
2023-04-28,106.16256199648849,106.47001841232823,104.22854218991014,106.46009826660156,36139800,GOOGL
2023-05-01,105.96419371928604,107.10476830411024,105.94436099528517,106.32124328613281,26681700,GOOGL
2023-05-02,106.2617379751714,106.32124371426752,102.85985449785488,104.45665740966797,30997200,GOOGL
2023-05-03,104.66494043938329,106.60887287386203,104.09961318837087,104.54592895507812,21795400,GOOGL
2023-05-04,104.62527823765616,104.73437715411653,103.11774126807067,103.83184051513672,23419500,GOOGL
2023-05-05,103.9607682679493,105.01207680519784,103.25658919423994,104.70462036132812,26639300,GOOGL
2023-05-08,104.3178158732233,107.07502636899285,104.29798314719713,106.88658142089844,26511400,GOOGL
2023-05-09,107.50150758418665,109.24708267470773,106.31134722106391,106.47003173828125,36360100,GOOGL
2023-05-10,107.08494078998831,112.01420151452291,107.04526777320253,110.83395385742188,63153400,GOOGL
2023-05-11,114.45402601736026,116.9533653374252,113.47214352378336,115.61443328857422,78900000,GOOGL
2023-05-12,115.72354718741605,117.06247940985591,115.15821991274791,116.54674530029297,41102300,GOOGL
2023-05-15,115.15820905774291,117.5087841186648,115.05903030373587,115.554931640625,36266800,GOOGL
2023-05-16,115.535101164742,119.76018303268906,115.47559542065336,118.53034973144531,45035600,GOOGL
2023-05-17,118.62952837460274,120.67263963270652,117.91542917883902,119.84944152832031,33323600,GOOGL
2023-05-18,119.95853382336384,122.2991888062752,119.83952234186759,121.82312774658203,35234200,GOOGL
2023-05-19,122.53723296740392,124.93739380984856,121.1487076020142,121.75370788574219,41353400,GOOGL
2023-05-22,121.93223602252743,125.39362560112353,121.73387092669454,124.02494049072266,35253000,GOOGL
2023-05-23,123.14223409458985,123.60837503480265,121.20821417591823,121.55534362792969,34046300,GOOGL
2023-05-24,120.12715625884692,120.9106813684256,118.87748262878495,119.9089584350586,34182600,GOOGL
2023-05-25,123.49927213144791,124.2927173391139,120.96025957388359,122.46780395507812,42317000,GOOGL
2023-05-26,122.16034830832359,124.2332200823341,121.44624908602053,123.58854675292969,35635900,GOOGL
2023-05-30,124.61009496844295,124.62993526057318,120.99993361988649,122.65624237060547,35076700,GOOGL
2023-05-31,121.74379679384124,123.04305607346541,121.49584608754014,121.8628158569336,37325800,GOOGL
2023-06-01,121.8132170497212,123.40009998321423,121.6148595206051,122.70584106445312,30772700,GOOGL
2023-06-02,122.97362980848881,125.11592753657705,122.74551939681675,123.64805603027344,26980100,GOOGL
2023-06-05,122.99346054966021,126.38542412216299,122.82484833216863,124.97706604003906,32305500,GOOGL
2023-06-06,124.97706418870804,127.2383656366913,124.3323909005138,126.26640319824219,26638300,GOOGL
2023-06-07,125.92920957724658,127.98223361540205,121.11896724894035,121.495849609375,52539000,GOOGL
2023-06-08,121.22806776750527,122.21987063454354,120.2461774810015,121.13880157470703,29389200,GOOGL
2023-06-09,121.2478829569892,122.74550718830598,120.9106736630639,121.2280502319336,23778300,GOOGL
2023-06-12,121.78345693305364,123.0331304793446,120.66272258318774,122.6264877319336,28306400,GOOGL
2023-06-13,123.95551612909149,124.13404093411759,122.17026807883049,122.81494140625,22278300,GOOGL
2023-06-14,122.09091511456377,123.03313225253616,120.45443908912067,122.65624237060547,30592300,GOOGL
2023-06-15,122.13060083541116,124.43158311632118,121.39666885419425,124.06461334228516,35246300,GOOGL
2023-06-16,124.89772318191494,125.07624798326509,122.26944432692575,122.51739501953125,45535600,GOOGL
2023-06-20,121.92231483974503,123.54887077747642,121.1387897432877,122.0909194946289,26097500,GOOGL
2023-06-21,121.39666224993185,121.65453309243799,119.11551282046045,119.56182861328125,30306300,GOOGL
2023-06-22,119.01633037340913,122.22976917477193,117.85592296831348,122.14051055908203,26952200,GOOGL
2023-06-23,120.38501322694266,121.78345871511222,120.06763665447824,121.33714294433594,34913600,GOOGL
2023-06-26,119.77010249354858,120.99993578775403,117.30050819204033,117.36993408203125,33969900,GOOGL
2023-06-27,116.12026248820283,118.10386789770331,115.14829250813179,117.36001586914062,39535900,GOOGL
2023-06-28,116.1301803056411,119.4031324056984,115.89214976448287,119.19485473632812,27091400,GOOGL
2023-06-29,118.26256241740738,119.07584040154654,117.33027294139967,118.12371063232422,24090900,GOOGL
2023-06-30,119.18492899866601,120.08747309044965,118.70886793868348,118.71878051757812,29532200,GOOGL
2023-07-03,118.26256653867198,119.20478376097655,117.84601116890617,118.91716003417969,14467900,GOOGL
2023-07-05,118.26256411758469,121.60494228794853,118.25265153768966,120.75199127197266,27584800,GOOGL
2023-07-06,118.81796320957261,119.31386454589494,117.4294379544993,119.12541961669922,24745200,GOOGL
2023-07-07,119.1155079508008,120.05772509699975,118.42124905726847,118.50059509277344,21709500,GOOGL
2023-07-10,117.33026342725442,117.34017600620315,115.18796594507899,115.49542236328125,35315200,GOOGL
2023-07-11,115.33674818852833,116.74510634443534,114.40445113781433,116.17977905273438,23078800,GOOGL
2023-07-12,117.82616175907532,119.3436186532648,117.43935931808012,117.95509338378906,30404400,GOOGL
2023-07-13,119.93870320943425,123.80673533006852,119.46263457450904,123.51911163330078,44297900,GOOGL
2023-07-14,123.7769786548953,125.7407437423268,122.47771198641469,124.39189147949219,33283100,GOOGL
2023-07-17,124.9076384065508,126.05812564014278,123.18189620588134,123.62821197509766,25716200,GOOGL
2023-07-18,123.57861693621366,123.65796296956178,121.95206108684837,122.7455062866211,26193600,GOOGL
2023-07-19,123.57862647852336,124.15387391443447,120.80158319859368,121.02969360351562,37224000,GOOGL
2023-07-20,120.42469622569655,123.07280793107658,117.25093023799634,118.22289276123047,37906800,GOOGL
2023-07-21,119.63125870411923,119.99822090421563,117.7567519823055,119.03617095947266,72937900,GOOGL
2023-07-24,120.6627297925078,121.99174188501857,119.98830359973758,120.5337905883789,29686100,GOOGL
2023-07-25,120.36518297759501,122.14051081744289,120.02796610605938,121.20821380615234,52509600,GOOGL
2023-07-26,129.00378761340536,129.90631659089652,127.26813284588675,128.21034240722656,61682100,GOOGL
2023-07-27,130.59066029279523,132.14779780312753,127.73426366088836,128.33926391601562,44952100,GOOGL
2023-07-28,129.7079618698937,132.64370465595107,129.49969176817697,131.4932098388672,36591200,GOOGL
2023-07-31,131.64197739889866,132.43542264148525,130.6997677943249,131.63206481933594,28055500,GOOGL
2023-08-01,129.70797201734953,131.5428132938943,129.6087856815379,130.47166442871094,23166800,GOOGL
2023-08-02,128.38885774863965,129.02361087752263,126.51435123258612,127.32763671875,26273300,GOOGL
2023-08-03,126.9210031114822,128.329361244637,126.37550855512062,127.39706420898438,20089500,GOOGL
2023-08-04,128.2202600170075,130.43197594152576,126.86149507419762,127.05985260009766,26147200,GOOGL
2023-08-07,128.10124510100812,130.53115877911966,127.962393323222,130.45181274414062,22746300,GOOGL
2023-08-08,129.54928620643435,130.431990156543,128.4781372893849,130.32289123535156,23535200,GOOGL
2023-08-09,130.58075827957177,130.9576330468754,127.94255923989908,128.59715270996094,24912900,GOOGL
2023-08-10,130.2435507528464,130.9675625582551,128.38886922887625,128.6269073486328,20857800,GOOGL
2023-08-11,127.60532379343039,128.86490217591898,127.11933508026378,128.49794006347656,19591100,GOOGL
2023-08-14,128.3293488553076,130.29311393491162,127.9028809647762,130.25344848632812,24695600,GOOGL
2023-08-15,130.0253428626258,130.3427118640274,128.22025464503122,128.71615600585938,19770700,GOOGL
2023-08-16,127.64501953125,129.2120697982791,126.82182894388471,127.64501953125,25216100,GOOGL
2023-08-17,128.73599949955613,130.90804993539842,128.23017041335734,128.85501098632812,33446300,GOOGL
2023-08-18,127.4565647289768,128.19050420505582,125.34402761585469,126.41517639160156,30504800,GOOGL
2023-08-21,126.13747833867052,127.67476811335399,125.5225578886843,127.31771850585938,25248700,GOOGL
2023-08-22,127.4565767415667,129.21207199508038,127.2681469154346,128.02191162109375,22054900,GOOGL
2023-08-23,129.11286188164175,132.31639534159987,128.80540548113294,131.284912109375,27819700,GOOGL
2023-08-24,132.85197153912117,133.14951538235977,128.50788590918833,128.71615600585938,28500700,GOOGL
2023-08-25,128.47812893761383,129.6881295726403,126.20690716881097,128.8153533935547,26762900,GOOGL
2023-08-28,130.23362480291482,131.4535380240542,129.07321732909296,129.9360809326172,20543300,GOOGL
2023-08-29,131.1559864622425,135.45049370622965,131.1559864622425,133.46688842773438,43075600,GOOGL
2023-08-30,133.67517000710467,135.16287409396253,132.9709985475354,134.7661590576172,28315800,GOOGL
2023-08-31,134.8950799084139,136.8687727314443,134.67688210350767,135.05377197265625,30053800,GOOGL
2023-09-01,136.3332062668677,136.3332062668677,133.74460060567057,134.54795837402344,21543700,GOOGL
2023-09-05,134.3297620041587,135.30172442643027,133.4768110647792,134.6570587158203,19403100,GOOGL
2023-09-06,134.90499776499271,135.41081165738936,132.5742555345524,133.3577880859375,18684500,GOOGL
2023-09-07,132.49493620985484,134.46862928644677,131.86018300504648,134.1512451171875,18844300,GOOGL
2023-09-08,133.80411838628038,135.53977327338907,133.7446126401159,135.26206970214844,23558300,GOOGL
2023-09-11,135.4207175987325,136.35301444521784,134.67686566381838,135.797607421875,20763400,GOOGL
2023-09-12,135.14303224154853,135.74803250189984,134.08181120803886,134.23057556152344,18405500,GOOGL
2023-09-13,133.98263986174015,135.77780055178212,133.05034278578884,135.58937072753906,20749500,GOOGL
2023-09-14,136.47207040513118,137.563044397484,135.1232180009584,136.9679718017578,24751000,GOOGL
2023-09-15,136.84892900879936,137.38451092876176,135.36122499467155,136.273681640625,38919600,GOOGL
2023-09-18,135.49018160432044,138.019281780227,135.49018160432044,137.0770721435547,21861300,GOOGL
2023-09-19,136.29353439301667,137.2754245802509,135.5000891528616,136.908447265625,20353700,GOOGL
2023-09-20,136.94809613666976,136.94809613666976,132.52465016244247,132.6436767578125,29927500,GOOGL
2023-09-21,130.36256084439935,131.14607838789655,129.00379586795694,129.37075805664062,31503900,GOOGL
2023-09-22,129.6881412995922,130.9477352155998,128.53766144126038,129.1823272705078,26397300,GOOGL
2023-09-25,128.76574160428865,130.0947535411447,127.90287812992364,130.03524780273438,20094600,GOOGL
2023-09-26,128.70626610077014,129.2914261775441,126.17716568825698,127.51610565185547,25718700,GOOGL
2023-09-27,127.51608742320651,129.82697452376246,127.51608742320651,129.4699249267578,22746500,GOOGL
2023-09-28,128.77566411264445,132.20730825142687,128.72607094890918,131.2254180908203,22513100,GOOGL
2023-09-29,132.18746856469267,132.9511609153293,129.29140636705122,129.7873077392578,30859800,GOOGL
2023-10-02,130.1344474612235,133.31812586216128,130.09476687574428,133.07017517089844,22288000,GOOGL
2023-10-03,132.8420685488848,133.15943757319482,130.75927662958244,131.3444366455078,22989400,GOOGL
2023-10-04,131.7014648766572,134.45869011730207,131.44360164040873,134.1313934326172,26752300,GOOGL
2023-10-05,133.96282958984375,134.3793850061725,132.35609854547656,133.96282958984375,19832600,GOOGL
2023-10-06,132.91148163496393,137.02747214489506,132.91148163496393,136.4522247314453,27597600,GOOGL
2023-10-09,135.8174754746164,137.8010810398745,134.49837595767463,137.28533935546875,19278100,GOOGL
2023-10-10,137.36469462527216,138.57469531209054,136.2042871076599,136.9282989501953,27786600,GOOGL
2023-10-11,137.44403543423456,139.95329533664227,137.44403543423456,139.39788818359375,25884300,GOOGL
2023-10-12,139.89377728823808,140.0623819353228,137.12663921258442,137.83082580566406,24765500,GOOGL
2023-10-13,138.23745432331978,138.85236710628996,135.500069400509,136.2340087890625,23420500,GOOGL
2023-10-16,137.03737818636395,138.4854167971643,136.8588609633149,137.9597625732422,28501900,GOOGL
2023-10-17,137.49363032645,138.75320901659043,136.05550412475992,138.57469177246094,23515800,GOOGL
2023-10-18,138.30687783957188,139.56647145456625,136.2538542039491,136.8291015625,23375000,GOOGL
2023-10-19,137.36468644323884,138.51518131196565,136.25387216099756,136.62083435058594,26066000,GOOGL
2023-10-20,136.2042789444492,136.73984579212933,133.97272266731449,134.48846435546875,26335700,GOOGL
2023-10-23,133.93304944521964,136.53158318839846,132.85198797694417,135.38108825683594,26317900,GOOGL
2023-10-24,136.70015681131144,138.2176136078902,136.29351410537674,137.672119140625,44814300,GOOGL
2023-10-25,127.10945300008548,127.2582173695509,124.04477835256257,124.58035278320312,84366200,GOOGL
2023-10-26,122.25953160944253,123.31084775543283,120.27592594806735,121.27764892578125,57061100,GOOGL
2023-10-27,121.87272767746805,122.2992031923221,119.22461596672207,121.16854858398438,44566500,GOOGL
2023-10-30,122.20002007986204,124.37207059770444,121.74379170735196,123.43977355957031,28940100,GOOGL
2023-10-31,124.03485926262917,124.34232328480618,121.68429140278461,123.06289672851562,26292300,GOOGL
2023-11-01,123.0529643757322,125.45312516564948,122.7058349336953,125.4134521484375,30082400,GOOGL
2023-11-02,127.3673155795192,127.92272273406017,125.889531505127,126.44493865966797,27124600,GOOGL
2023-11-03,126.9706143336748,128.46823129801572,126.81192223403679,128.04176330566406,26393100,GOOGL
2023-11-06,127.99216682143731,129.2715858991031,127.61527687797569,129.1823272705078,19052700,GOOGL
2023-11-07,129.63854481279463,130.8287050924927,128.8153467097953,129.8964080810547,29757300,GOOGL
2023-11-08,129.89641375169958,131.1262546701782,129.70796879855988,130.75927734375,26425800,GOOGL
2023-11-09,130.8782957156304,131.46345569784398,129.0037891497348,129.17239379882812,23747800,GOOGL
2023-11-10,129.0335338225466,131.71139801314916,128.34918755672095,131.50311279296875,26913300,GOOGL
2023-11-13,130.69977620897475,131.50313408284546,130.17412191783197,131.00723266601562,18324800,GOOGL
2023-11-14,133.0899929477425,134.58760942147106,132.22712953091224,132.524658203125,32395200,GOOGL
2023-11-15,133.76443017621472,133.92312224608222,132.4750987262402,133.5164794921875,23861500,GOOGL
2023-11-16,134.08182888951592,136.09518745195533,133.21896525810197,135.80755615234375,28013200,GOOGL
2023-11-17,134.88516720728182,134.94467294789172,132.5544248086727,134.20082092285156,37240600,GOOGL
2023-11-20,132.5940902168256,135.5397451095659,132.5246567715882,135.1331024169922,27815500,GOOGL
2023-11-21,135.17279523893023,136.05549911438757,134.84551363674532,135.84722900390625,22635300,GOOGL
2023-11-22,136.34312381394363,138.2771361292862,136.34312381394363,137.35476684570312,17813900,GOOGL
2023-11-24,136.89854649174416,136.997732830458,134.8752753318926,135.5695343017578,12514300,GOOGL
2023-11-27,134.914934431914,137.28534253189412,134.88518155844346,135.2918243408203,23436500,GOOGL
2023-11-28,134.96450328347996,136.12491054089853,134.30990991764168,136.0753173828125,18730000,GOOGL
2023-11-29,136.44232172928395,137.15640583938017,133.73468912413915,133.8834686279297,23967200,GOOGL
2023-11-30,133.94296597089948,134.43886735166274,130.2038653225059,131.44361877441406,38988300,GOOGL
2023-12-01,130.7790985107422,131.02704917414542,129.59885093154966,130.7790985107422,31442300,GOOGL
2023-12-04,128.81534267439568,128.96410702955671,126.85156995087304,128.21034240722656,36669900,GOOGL
2023-12-05,127.89295847123121,131.05681158807658,127.19869958988002,129.91624450683594,27384800,GOOGL
2023-12-06,130.3625665785439,130.75928165761354,128.81535658297804,128.95420837402344,23576200,GOOGL
2023-12-07,133.93304938270325,137.42419963070353,133.59584004786453,135.80755615234375,56767100,GOOGL
2023-12-08,133.09993592227912,135.28189910781614,132.9313312582846,133.8834686279297,32260100,GOOGL
2023-12-11,131.29485865478858,132.24698086173262,130.28321556791462,132.1973876953125,31138000,GOOGL
2023-12-12,130.7295139721899,131.90976162921305,130.18401944998905,131.43370056152344,29032800,GOOGL
2023-12-13,132.28664939416652,132.4056608757626,130.49148892278734,131.48329162597656,30104800,GOOGL
2023-12-14,132.28665787823815,132.6238671868591,128.62690324736187,130.85845947265625,38722400,GOOGL
2023-12-15,130.54108385219968,132.41559059857232,130.10468818490273,131.5130615234375,50847100,GOOGL
2023-12-18,131.5428154285214,136.0257533662055,131.34444275367903,134.68682861328125,32258000,GOOGL
2023-12-19,135.71830642428358,136.34314709968973,134.96454166164182,135.5298614501953,25476800,GOOGL
2023-12-20,137.83083424971508,140.5384516154751,136.93821779664987,137.20599365234375,49107200,GOOGL
2023-12-21,138.34658204933325,139.53674241725346,138.03911046006232,139.26895141601562,27488300,GOOGL
2023-12-22,139.61605534084484,140.8260557157536,139.5565496066209,140.3301544189453,26532200,GOOGL
2023-12-26,140.4293579031904,141.510419346836,140.032642827964,140.3599395751953,16780300,GOOGL
2023-12-27,140.4293610317835,140.91534987341666,138.74329922394273,139.2193603515625,19628600,GOOGL
2023-12-28,139.62599994946305,139.98304957042203,138.60444425438513,139.08050537109375,16045700,GOOGL
2023-12-29,138.4854161342685,139.20942786934887,137.6423777840169,138.544921875,18733000,GOOGL
2024-01-02,137.41427392066478,138.30689034141093,135.36123496575607,137.03738403320312,23711200,GOOGL
2024-01-03,136.1249259824603,138.48542134501582,135.9563213328076,137.78123474121094,24212100,GOOGL
2024-01-04,137.2853464572302,138.01928600247774,135.23232246051418,135.27198791503906,27137700,GOOGL
2024-01-05,135.62901355461221,136.03565627670122,134.04212324747374,134.61737060546875,22513900,GOOGL
2024-01-08,135.17278901977872,137.87049368814525,135.1430361482217,137.70188903808594,21404000,GOOGL
2024-01-09,137.3646876105234,140.33018342656837,137.01755057751834,139.7946014404297,24759600,GOOGL
2024-01-10,139.84418693539638,141.82779242384171,139.75492832050645,141.1136932373047,21320200,GOOGL
2024-01-11,142.31377441409103,144.02958884214235,139.48713067468557,140.9153289794922,24008700,GOOGL
2024-01-12,141.50047688636437,142.02613106020752,140.65745374610032,141.4806365966797,18785500,GOOGL
2024-01-16,140.83598692471,143.16672938152487,140.29049239931624,141.3219757080078,22670500,GOOGL
2024-01-17,140.19132176728564,140.67729541881693,137.76139297479475,140.31033325195312,20968600,GOOGL
2024-01-18,140.8855776587382,143.02787513950906,140.8260719176682,142.30384826660156,25746400,GOOGL
2024-01-19,143.55354349190839,145.24951781414885,143.19649387664043,145.1800994873047,34271900,GOOGL
2024-01-22,145.89419084442545,147.17360973542569,144.64450969157375,144.7932891845703,32200400,GOOGL
2024-01-23,144.6940887617222,145.9735075280984,144.30728633154266,145.83465576171875,21636100,GOOGL
2024-01-24,147.32238701526538,148.62166144639897,146.88600647851376,147.4810791015625,25233500,GOOGL
2024-01-25,148.83984348061125,151.7954113890045,148.31417410884393,150.6250762939453,29149100,GOOGL
2024-01-26,149.86139776851957,151.28958097989496,149.77212402167038,150.9424591064453,26115500,GOOGL
2024-01-29,150.8135368633547,152.51943895245324,150.18869623371097,152.25164794921875,27784300,GOOGL
2024-01-30,151.5474722147389,152.3607426484438,149.95066908718712,150.2184600830078,36331800,GOOGL
2024-01-31,142.44271896094438,142.81960888272778,138.7234583129567,138.9515838623047,71910000,GOOGL
2024-02-01,140.95497537894425,141.88727220934672,139.6358761544074,140.0028533935547,40466500,GOOGL
2024-02-02,138.11845552974717,141.45091361668173,135.38108518943704,141.212890625,62499600,GOOGL
2024-02-05,141.64926151631406,144.27753248123298,141.60958093549976,142.502197265625,38505400,GOOGL
2024-02-06,143.46425685279377,144.1684434401665,142.01623336193828,142.9187774658203,29128200,GOOGL
2024-02-07,143.57334947158776,144.42630037557493,142.75015143708904,144.34695434570312,25208900,GOOGL
2024-02-08,144.63459744507298,145.13049882211826,143.91058567202538,144.7139434814453,22563800,GOOGL
2024-02-09,145.47763559904774,148.2150211661504,144.9817341712347,147.77862548828125,26829500,GOOGL
2024-02-12,147.20336732419403,148.11582406905052,146.161971374684,146.32066345214844,21564100,GOOGL
2024-02-13,143.73207375880068,145.4677288254304,142.51216043512292,143.9502716064453,27837700,GOOGL
2024-02-14,144.88254990203635,145.31894554055629,142.90885694916992,144.7436981201172,22704200,GOOGL
2024-02-15,141.96663255261817,142.34352240728126,139.30860868040443,141.59967041015625,37590700,GOOGL
2024-02-16,141.8178876690081,142.01624520205476,138.9912436385364,139.36813354492188,31468900,GOOGL
2024-02-20,138.51515719528518,140.91531771364487,138.3465525663512,139.9631805419922,25144700,GOOGL
2024-02-21,140.2905110483264,141.52035203872512,139.52681861125646,141.38150024414062,23223300,GOOGL
2024-02-22,143.7419853056174,143.8114187719645,141.62945544492516,142.90887451171875,27191900,GOOGL
2024-02-23,142.4922912292185,143.4940065020115,142.25425313452644,142.77992248535156,19493800,GOOGL
2024-02-26,140.9748370483321,141.27238088903258,136.26377416065105,136.4423065185547,53641800,GOOGL
2024-02-27,136.88864130284716,138.1085546396034,135.96625673087684,137.74159240722656,33099200,GOOGL
2024-02-28,136.76959905068048,136.87869796321857,134.30001978259713,135.26206970214844,37328600,GOOGL
2024-02-29,136.1546619911694,137.7217119413849,135.28187084580713,137.3249969482422,42133000,GOOGL
2024-03-01,137.29524220433814,137.7316378191588,135.79762555684746,136.0158233642578,31151100,GOOGL
2024-03-04,134.54797432652032,134.54797432652032,130.8287137478375,132.2569122314453,55999400,GOOGL
2024-03-05,130.79897138098846,132.14782393122584,129.5988832123646,131.58248901367188,40194800,GOOGL
2024-03-06,132.02879338468463,132.48502936431544,129.77741176310514,130.32289123535156,35318600,GOOGL
2024-03-07,131.7014646980678,133.83384943472205,130.531144857788,133.2784423828125,37738200,GOOGL
2024-03-08,133.10985799917378,136.95804250148979,132.90157275617153,134.30001831054688,39370400,GOOGL
2024-03-11,135.01411900561908,137.95977451047298,135.01411900561908,136.54148864746094,32437800,GOOGL
2024-03-12,135.90674885782994,138.2374917037032,135.90674885782994,137.3647003173828,27563400,GOOGL
2024-03-13,137.86057129371812,139.93343524438993,137.85065871514112,138.6440887451172,23347200,GOOGL
2024-03-14,140.03263971476812,142.41296038062768,139.30862790840655,141.92698669433594,42753400,GOOGL
2024-03-15,141.33190737467106,142.0063260544533,138.88215310281325,140.02272033691406,49475400,GOOGL
2024-03-18,147.3918211593764,150.90279656609297,145.96362264352206,146.4694366455078,69273700,GOOGL
2024-03-19,146.9455254768694,147.57035103072278,144.88257357013055,145.8247833251953,24070400,GOOGL
2024-03-20,146.78682762564983,147.63977871585,145.53716143318906,147.52076721191406,21311500,GOOGL
2024-03-21,148.24474177717806,149.13735809948852,145.69580172878864,146.39007568359375,24755600,GOOGL
2024-03-22,147.8976348836212,150.33747653257558,147.7587830911578,149.53411865234375,29211800,GOOGL
2024-03-25,148.71090455162476,149.14730017654827,146.60828759558476,148.83984375,19229300,GOOGL
2024-03-26,148.98861304571224,151.011884033954,148.7505749332153,149.43492126464844,22149100,GOOGL
2024-03-27,149.94072668288968,150.3969625890798,147.679417711027,149.63327026367188,22879200,GOOGL
2024-03-28,149.61346389057567,150.1886962178925,148.9390300924469,149.6927947998047,24485400,GOOGL
2024-04-01,149.45476709366227,154.4633742852125,149.3754210532241,154.21542358398438,31730800,GOOGL
2024-04-02,152.24172129726563,153.43188156405296,150.90278153856184,153.29302978515625,24586000,GOOGL
2024-04-03,152.34089851536356,153.8087622521674,151.47801988823227,153.6500701904297,24705000,GOOGL
2024-04-04,152.24173721309816,153.5013310678702,149.21673549906,149.29608154296875,34724700,GOOGL
2024-04-05,148.80016963270904,152.1623804461379,148.37370170217739,151.2499237060547,23459200,GOOGL
2024-04-08,151.52761905486636,153.99721328727458,151.35901440772807,153.58065795898438,20702000,GOOGL
2024-04-09,154.81050082482042,157.26025503704565,153.9178843271403,155.3163299560547,31079500,GOOGL
2024-04-10,154.92952562487014,155.32624070054823,153.41205338281176,154.86009216308594,22838600,GOOGL
2024-04-11,155.62379478205062,158.37107788543062,155.17748650921038,158.10330200195312,27166400,GOOGL
2024-04-12,156.66516776322655,158.90663651169768,155.85188225072014,156.43704223632812,25353700,GOOGL
2024-04-15,157.55778721582507,157.93467710778722,153.32278518896982,153.590576171875,27136500,GOOGL
2024-04-16,152.92606827651122,154.3740918150493,152.17228850176252,153.13433837890625,20779500,GOOGL
2024-04-17,154.3443209821668,155.792359485905,153.3128529021601,154.195556640625,21763100,GOOGL
2024-04-18,154.0666341164594,155.6535245551475,153.3525349324206,154.73114013671875,19883000,GOOGL
2024-04-19,154.91959354072858,155.07828562000708,151.0515686940003,152.82688903808594,32615600,GOOGL
2024-04-22,153.04509433151492,156.34779961582007,152.79714362068458,154.9989471435547,26446200,GOOGL
2024-04-23,155.67337597138751,157.66689417461689,154.99894218995382,156.96270751953125,21151600,GOOGL
2024-04-24,156.19903597568538,158.26198771551822,155.88165180015244,157.82559204101562,22779100,GOOGL
2024-04-25,150.08951991120836,155.2072260039545,149.63328396324783,154.7212371826172,57109700,GOOGL
2024-04-26,172.9406579042473,173.2778823744627,168.25934724716632,170.54049682617188,64665300,GOOGL
2024-04-29,167.67419013378634,168.1601789863469,163.85575817924735,164.7880401611328,45610000,GOOGL
2024-04-30,164.25245175294467,166.7220460143007,161.26713096501757,161.44564819335938,33562900,GOOGL
2024-05-01,162.95319556004813,165.7500714576766,161.7531075684998,162.5167999267578,33493200,GOOGL
2024-05-02,163.43916484164697,165.36326455481128,162.54654844018515,165.25416564941406,24294500,GOOGL
2024-05-03,166.18647914228734,166.5832093530068,161.71345384411,165.86911010742188,34662400,GOOGL
2024-05-06,166.0872775523427,166.76169608660808,164.66899190079099,166.72203063964844,21871300,GOOGL
2024-05-07,167.1187643454893,170.35203588113026,167.00966543700736,169.84622192382812,28039700,GOOGL
2024-05-08,167.61467198559197,168.75523914384442,167.35680870759575,167.99156188964844,19569100,GOOGL
2024-05-09,168.00146814371737,169.2908147525702,166.80138015076668,168.56680297851562,15346700,GOOGL
2024-05-10,166.65260426676096,168.45769242107335,164.82769095498062,167.26751708984375,29799900,GOOGL
2024-05-13,162.91350746089623,167.89236129533526,162.65564420480408,167.75350952148438,31327600,GOOGL
2024-05-14,168.37837530926814,169.84623930052865,167.41632532705881,168.94369506835938,25127100,GOOGL
2024-05-15,169.23132245178067,171.23475328070515,169.11229582074708,171.0959014892578,26948400,GOOGL
2024-05-16,171.869508596453,173.684509621438,171.27443596883012,172.75221252441406,27867900,GOOGL
2024-05-17,172.7522118435742,174.82509128603235,172.2662381363207,174.61680603027344,24479300,GOOGL
2024-05-20,174.74571485082933,177.3045675555055,174.63661595177967,175.4697265625,22554400,GOOGL
2024-05-21,175.44989566739218,176.6896490712989,174.36883433127562,176.39212036132812,16989400,GOOGL
2024-05-22,175.19203685040134,175.69785080388766,173.77376618454468,174.93417358398438,17880000,GOOGL
2024-05-23,175.61853049301604,176.78885054238378,171.53229263275466,172.12738037109375,21024900,GOOGL
2024-05-24,173.54562953855606,174.32916213437795,172.22653015180546,173.55555725097656,16579400,GOOGL
2024-05-28,173.01998246270298,175.8168734132129,172.94063642860604,174.95399475097656,20572200,GOOGL
2024-05-29,173.9919356394942,175.39038104034756,173.2877642166244,174.4580841064453,23388700,GOOGL
2024-05-30,173.7638553909168,173.78369568525272,170.381804057889,170.69918823242188,22931500,GOOGL
2024-05-31,170.4512300886902,171.64139042387083,168.05106912485823,171.0859832763672,37638900,GOOGL
2024-06-03,171.12564767729586,173.09934068848278,169.75697011042396,171.75048828125,27459100,GOOGL
2024-06-04,171.8596034550387,172.4249383661468,170.48099804419732,172.36541748046875,26879600,GOOGL
2024-06-05,173.76385219874723,175.20196327061797,172.5042583714889,173.97213745117188,22068500,GOOGL
2024-06-06,174.45808249066545,175.6978358202856,174.30931814459407,175.28128051757812,23251000,GOOGL
2024-06-07,175.59868809544102,176.4119585188029,172.8712304058679,173.02992248535156,19661400,GOOGL
2024-06-10,173.7349014501534,175.81014466476933,171.54049500356726,173.7746124267578,23726700,GOOGL
2024-06-11,174.9760596512974,175.59167820683606,172.5433572951998,175.37322998046875,21540600,GOOGL
2024-06-12,176.99176326604527,179.13651982603324,174.86686977172752,176.53500366210938,27864700,GOOGL
2024-06-13,174.8668750928362,175.49243289630473,173.64556166085129,173.923583984375,20913300,GOOGL
2024-06-14,172.99020243322104,175.81015156626538,172.92068928258647,175.54205322265625,18063600,GOOGL
2024-06-17,174.2214424940307,177.10096546528717,173.57602172386774,175.98887634277344,19618500,GOOGL
2024-06-18,175.88958192240335,176.13781719186318,172.87104771224654,173.8540496826172,21869900,GOOGL
2024-06-20,174.1320532342393,176.0384980804116,173.7547459679952,175.0554962158203,20160100,GOOGL
2024-06-21,175.75055979188994,179.57338876304848,175.3633134017814,178.36199951171875,57759000,GOOGL
2024-06-24,178.88826202454848,179.61310474396652,177.40877441541713,177.95489501953125,18298000,GOOGL
2024-06-25,178.35206806848578,182.98910099326696,178.15348288701358,182.73094177246094,23130200,GOOGL
2024-06-26,181.3408244497642,183.20754327614856,181.19187420519867,182.58200073242188,19839000,GOOGL
2024-06-27,182.87988309562385,184.73669324083986,182.7210240356858,184.10121154785156,18848900,GOOGL
2024-06-28,183.01890751714419,183.82318736943728,180.67556595744807,180.8642120361328,29156600,GOOGL
2024-07-01,181.7379989393426,182.58200489120532,180.02021516731907,181.6982879638672,16006100,GOOGL
2024-07-02,180.7649192250836,184.2600759255339,180.27837266146466,183.93240356445312,17372500,GOOGL
2024-07-03,183.545146815405,184.77638393795382,182.7011409192061,184.50830078125,10242100,GOOGL
2024-07-05,184.54803142014995,189.51273686548802,184.48845737897847,189.25457763671875,20967500,GOOGL
2024-07-08,188.55950207105113,188.8276004007438,186.4544718628467,187.69564819335938,21035900,GOOGL
2024-07-09,188.96660951335545,190.00920064999954,187.38783687416534,187.64599609375,15121400,GOOGL
2024-07-10,187.8147905079295,190.3964432565855,187.69564243220248,189.83045959472656,15952500,GOOGL
2024-07-11,188.50987272919218,189.51273777959946,183.77353946919203,184.2600860595703,25625800,GOOGL
2024-07-12,183.77353479614163,185.7892039533301,183.18770320192158,183.76361083984375,22898400,GOOGL
2024-07-15,183.61466683145176,186.9112385638258,183.61466683145176,185.2133026123047,16474000,GOOGL
2024-07-16,186.03742351335848,187.3480977347005,182.07558352972123,182.6217041015625,18290700,GOOGL
2024-07-17,181.6784348799773,182.2543425380115,178.63009842037727,179.74220275878906,20734100,GOOGL
2024-07-18,180.64574423979403,181.21172786784336,175.22429500298105,176.43568420410156,25315700,GOOGL
2024-07-19,177.61730362532302,179.01733902058587,175.87965675110726,176.40591430664062,18881900,GOOGL
2024-07-22,179.31522557776697,181.41033185766577,178.9577661837674,180.38760375976562,24100300,GOOGL
2024-07-23,180.76493403159583,182.31391975552617,180.25852436340998,180.5067596435547,36352700,GOOGL
2024-07-24,172.37456144038464,174.9462749610045,170.60712769523397,171.41140747070312,49585200,GOOGL
2024-07-25,171.30216735262766,172.19580809720142,166.00979056708587,166.09915161132812,44852000,GOOGL
2024-07-26,165.97008682721892,166.90345381803442,162.90190268589552,165.82115173339844,41336900,GOOGL
2024-07-29,167.63825720919937,169.22695396837514,166.8041902743011,168.33331298828125,20293800,GOOGL
2024-07-30,169.03828621199597,170.0212881339037,167.25098932978506,169.08792114257812,18959700,GOOGL
2024-07-31,172.01711347343624,173.01997848256258,168.80990296351985,170.3291015625,25729100,GOOGL
2024-08-01,169.0482015028782,172.82138024945738,167.68787721137585,169.55459594726562,24531400,GOOGL
2024-08-02,165.26511803151652,167.3204982165653,163.50760805366414,165.4835662841797,29130100,GOOGL
2024-08-05,154.40234063596142,163.26929736266635,153.8363569379613,158.12586975097656,53630700,GOOGL
2024-08-06,158.2053051541738,159.43655755600886,155.3059189992834,157.17263793945312,49004600,GOOGL
2024-08-07,160.11173013870962,161.82951376084208,157.3513554761563,157.8180389404297,25138600,GOOGL
2024-08-08,159.37697100848436,162.53453159498838,159.0791007984094,160.88624572753906,25578800,GOOGL
2024-08-09,158.88048081312152,162.63379650679866,157.9371899119943,162.5146484375,28602300,GOOGL
2024-08-12,163.1898651801224,163.73597062856854,160.69757348531624,161.14439392089844,15895300,GOOGL
2024-08-13,162.25649966122157,163.56717396094234,161.81960317762199,163.00120544433594,18551700,GOOGL
2024-08-14,161.25361460284537,162.06783350679044,156.5967339743886,159.23794555664062,40591100,GOOGL
2024-08-15,159.3670211694173,160.49897323710096,158.48330433720005,160.161376953125,31524300,GOOGL
2024-08-16,160.33018953302678,163.89484419906685,159.9925932186499,161.80967712402344,24208600,GOOGL
2024-08-19,164.11328189947275,165.51333229993313,163.10047787030177,165.49346923828125,22416200,GOOGL
2024-08-20,165.72185564699794,167.44957853320707,165.642433695725,165.9998779296875,18341500,GOOGL
2024-08-21,163.984189478023,165.67220118965227,163.5075820711663,164.67926025390625,22902000,GOOGL
2024-08-22,166.07930514645545,166.406977492495,162.15719125168386,162.64373779296875,22493300,GOOGL
2024-08-23,163.55725630307884,165.00694179876172,162.67353934579646,164.45089721679688,13955700,GOOGL
2024-08-26,165.20552403193696,166.36726315289178,163.29907918080005,164.98707580566406,14190400,GOOGL
2024-08-27,164.66933228950003,165.26510295168842,163.29908400819048,163.51751708984375,11821900,GOOGL
2024-08-28,163.87498286647468,164.4310425767687,160.38976526426643,161.70045471191406,16407400,GOOGL
2024-08-29,163.15012461387778,164.7984102225247,159.11878679232862,160.6379852294922,19699800,GOOGL
2024-08-30,161.47208537407533,162.50475265729827,160.54865737475214,162.2267303466797,22123800,GOOGL
2024-09-03,160.57843019098567,160.70751737773818,155.37541355771157,156.24920654296875,38945300,GOOGL
2024-09-04,155.554151121504,157.87762958096508,154.8590954051368,155.3456268310547,19353800,GOOGL
2024-09-05,155.19668368087028,158.32444181781332,154.87893528354047,156.1300506591797,18688700,GOOGL
2024-09-06,156.18962872176218,156.71588626121135,149.48727669749047,149.8546600341797,37912100,GOOGL
2024-09-09,151.63438731483413,152.51927694187998,146.3747655212842,147.85621643066406,39260500,GOOGL
2024-09-10,149.58621970938498,150.40151913279468,147.48833322690425,147.80650329589844,31118800,GOOGL
2024-09-11,149.0592434246133,150.63017379029483,146.67302891819028,150.29212951660156,29607700,GOOGL
2024-09-12,152.91697508053775,153.9311230962661,151.77356859256676,153.80186462402344,29621500,GOOGL
2024-09-13,154.5376253409391,157.4707006975876,154.31890238034902,156.5559844970703,29591200,GOOGL
2024-09-16,156.4068328344505,157.34143843484944,155.70091765708278,157.15252685546875,18379800,GOOGL
2024-09-17,158.10702330973243,159.6282379126932,157.4706983462141,158.40530395507812,20715600,GOOGL
2024-09-18,158.9421720163007,159.57849687987786,157.6894117080279,158.8924560546875,23677300,GOOGL
2024-09-19,162.77008449382728,162.8496118323656,160.41368126049775,161.20909118652344,26587700,GOOGL
2024-09-20,162.56127720516508,162.7899524297552,161.12954242807913,162.6507568359375,40896400,GOOGL
2024-09-23,163.40640761812853,164.53986181971814,160.74178667068307,160.92076110839844,24150900,GOOGL
2024-09-24,162.09398745781283,162.28289902982328,159.7674258440889,161.3582305908203,23332100,GOOGL
2024-09-25,160.54293101542476,161.87523384572484,160.37390888064178,160.5628204345703,18869200,GOOGL
2024-09-26,162.70049439754706,163.13797065652983,161.34830194759303,161.79571533203125,20319300,GOOGL
2024-09-27,161.87524329123835,164.7486500925775,161.69628402203105,163.00869750976562,21101300,GOOGL
2024-09-30,162.38232355982177,165.19606207708327,162.32265529939457,164.89779663085938,20413900,GOOGL
2024-10-01,166.72721266688677,168.18877389639653,163.6350680810018,166.03123474121094,28338100,GOOGL
2024-10-02,165.46452779504156,166.5582184121097,163.7842281975384,164.90774536132812,17760200,GOOGL
2024-10-03,163.4660733087808,165.6832659184552,162.9788810936898,164.90774536132812,15073100,GOOGL
2024-10-04,167.0950886229922,167.26411075507784,164.52989975669306,166.100830078125,19047400,GOOGL
2024-10-07,166.75705707061962,167.51268816069472,161.81559051224986,162.0442657470703,22463100,GOOGL
2024-10-08,162.99875730912473,163.78421492779364,161.93489332497202,163.4362335205078,23072700,GOOGL
2024-10-09,162.5115774919813,163.89359644421285,158.8228863013817,160.9307098388672,31181800,GOOGL
2024-10-10,159.94638493252756,162.13376610989224,159.4790821511072,161.14944458007812,14144100,GOOGL
2024-10-11,161.19916764793726,162.9589946210884,160.31427801309022,162.30279541015625,15344300,GOOGL
2024-10-14,162.70048027253844,165.27560646204375,162.46185274166893,164.01290893554688,19016100,GOOGL
2024-10-15,164.83813228183462,166.71728049354707,163.68480379630955,164.51004028320312,20247200,GOOGL
2024-10-16,163.58537367338423,164.84808640066018,162.7999160190336,164.21176147460938,16406000,GOOGL
2024-10-17,164.77847983302945,165.4148047545223,161.82553046438127,161.9945526123047,21453400,GOOGL
2024-10-18,162.25306000415483,163.7643372928155,162.1436909535705,162.4817352294922,19757700,GOOGL
2024-10-21,162.01444125458505,163.5555451703661,161.68633408506915,163.12802124023438,20946500,GOOGL
2024-10-22,162.04426180421996,164.81825178422423,162.04426180421996,164.19186401367188,16568100,GOOGL
2024-10-23,163.81404098216163,164.867967838788,161.00028733207427,161.8454132080078,18280500,GOOGL
2024-10-24,161.89513565846306,162.39226497688696,160.0855776572324,161.7857666015625,22412500,GOOGL
2024-10-25,162.7303165163636,164.63929136354844,162.48175184608664,164.32113647460938,19828900,GOOGL
2024-10-28,167.78114595500233,167.78114595500233,163.00870143582344,165.76280212402344,32138600,GOOGL
2024-10-29,166.76700909757434,169.4018037804766,166.1306841303376,168.705810546875,42169000,GOOGL
2024-10-30,179.64264898550226,180.97496713171114,173.06066145323211,173.4583740234375,68890800,GOOGL
2024-10-31,172.13600066532192,175.80481742033143,170.01822493850247,170.12759399414062,44769000,GOOGL
2024-11-01,169.09358268677013,171.33066473922122,167.91041241830663,170.3065643310547,31796500,GOOGL
2024-11-04,168.95436679599575,169.7497767581588,167.04539198951443,168.26834106445312,21492700,GOOGL
2024-11-05,168.45722424913848,169.55091475770118,167.87061532690117,168.7654571533203,18242100,GOOGL
2024-11-06,172.8021647148181,175.92413641911588,172.50388407123629,175.49659729003906,33695500,GOOGL
2024-11-07,176.39144450553113,180.04037221530027,176.17270637176324,179.71226501464844,25352900,GOOGL
2024-11-08,179.6128172813832,179.86138194143007,177.05758046511664,177.32603454589844,22006200,GOOGL
2024-11-11,177.55470270682915,179.513393363608,177.44533365392132,179.31454467773438,17450400,GOOGL
2024-11-12,178.78758666786376,181.44225527864106,178.3600475857902,180.57723999023438,25134900,GOOGL
2024-11-13,179.423911961303,179.9210412566759,177.51492211643085,177.8529815673828,23184000,GOOGL
2024-11-14,177.2564251654299,177.79333331489727,173.3191695348543,174.57192993164062,31007500,GOOGL
2024-11-15,172.73256594722855,173.14021567004892,170.23698198164112,171.49969482421875,32504600,GOOGL
2024-11-18,172.4243223269658,174.43272892051993,171.90730361382492,174.2935333251953,20135300,GOOGL
2024-11-19,172.72258919074153,177.8430144374994,172.56350418840825,177.09732055664062,23434900,GOOGL
2024-11-20,176.32182739630647,176.65987170014589,172.78226898861567,174.96963500976562,18997100,GOOGL
2024-11-21,172.90156244724747,173.13025284582125,162.7601278802168,166.66757202148438,59734400,GOOGL
2024-11-22,164.8978098993039,165.5043083073982,162.95899331574788,163.81405639648438,38604600,GOOGL
2024-11-25,165.13641317917185,167.6618386099698,164.65917328191838,166.6874542236328,33135300,GOOGL
2024-11-26,166.66761190991244,168.84504116693137,166.61789593435958,168.1490478515625,20486700,GOOGL
2024-11-27,168.02970184723952,168.50694172289835,167.0553326761747,168.2583770751953,19266500,GOOGL
2024-11-29,167.53258236969043,168.4572356311654,166.20027942100947,167.97999572753906,14257200,GOOGL
2024-12-02,167.80103219947992,171.09202581712017,167.60218350894124,170.5054168701172,23789100,GOOGL
2024-12-03,170.5054406416943,171.6885958252668,169.86911564054563,170.35629272460938,22248700,GOOGL
2024-12-04,170.16736706139073,173.9057894087997,170.0778874212496,173.36888122558594,31615100,GOOGL
2024-12-05,174.35318831054713,175.0491662947447,171.34058597302015,171.6488037109375,21356200,GOOGL
2024-12-06,171.0423185605895,174.07481055205204,170.87329640646647,173.70693969726562,21462400,GOOGL
2024-12-09,173.15944286734856,175.4488461178741,172.85085672876534,174.5629425048828,25389600,GOOGL
2024-12-10,182.00855531536865,185.502397306232,180.21683563214248,184.31787109375,54813000,GOOGL
2024-12-11,184.4572441868518,194.7098490277896,183.99936950512352,194.5008087158203,67894100,GOOGL
2024-12-12,194.10264873841155,194.28181312365592,190.82779534779633,191.07664489746094,34817500,GOOGL
2024-12-13,190.13098313311997,191.84306905787375,188.7672926142497,188.94647216796875,25143500,GOOGL
2024-12-16,191.98243736831273,198.08423292115103,191.73358782946704,195.7550048828125,44934900,GOOGL
2024-12-17,196.34228662818003,200.4930951236226,194.08272855714978,194.5207061767578,43504000,GOOGL
2024-12-18,194.3216274116736,196.09343489769404,186.87605352724106,187.5330047607422,34166100,GOOGL
2024-12-19,190.74815442108678,192.14170577082706,187.51311039837418,187.6425018310547,32265200,GOOGL
2024-12-20,184.925048408463,192.00232914747002,184.3676279309519,190.52914428710938,63462900,GOOGL
2024-12-23,191.73356940291157,194.20216752678672,189.27493498031782,193.7343292236328,25675000,GOOGL
2024-12-24,193.94335970742864,195.20751953125,192.88824016493578,195.20751953125,10403300,GOOGL
2024-12-26,194.2519335810559,195.84457662010342,193.48548797808414,194.6998748779297,12046600,GOOGL
2024-12-27,194.05284898883724,194.42115659969988,189.77263428806026,191.8729248046875,18891400,GOOGL
2024-12-30,188.9265638700057,191.66390866604786,188.24968525874627,190.3599395751953,14264700,GOOGL
2024-12-31,190.2006709297877,191.07662611886298,187.6424905201336,188.42886352539062,17466900,GOOGL
2025-01-02,189.7726449747486,191.11643850843902,186.63714698089748,188.55825805664062,20370800,GOOGL
2025-01-03,190.48934425629204,192.32088844513342,189.10574139792004,190.90740966796875,18596200,GOOGL
2025-01-06,193.0873348986171,197.30782865396526,192.95794346331456,195.9640350341797,29563600,GOOGL
2025-01-07,196.20293323603758,200.0750314967655,193.70448930563006,194.59039306640625,26487200,GOOGL
2025-01-08,191.68384065635297,195.386708025345,191.49471256621632,193.05747985839844,24864800,GOOGL
2025-01-10,193.40584405374383,195.61562893869856,189.43420036839143,191.15623474121094,26665200,GOOGL
2025-01-13,189.19533519391976,190.30021256834414,186.4977995025927,190.13099670410156,21823700,GOOGL
2025-01-14,190.35994708125565,191.09653198927745,187.4434226127788,188.78721618652344,17174900,GOOGL
2025-01-15,192.20141470890871,195.4563707355863,190.97707930364396,194.6501007080078,21776000,GOOGL
2025-01-16,193.2465827004133,194.58041248274841,191.92270143099617,192.02224731445312,17815400,GOOGL
2025-01-17,195.6255975250055,196.3223731934333,192.85839187855623,195.09803771972656,27735100,GOOGL
2025-01-21,198.15390588987137,201.3590737795005,196.9594160260543,197.1385955810547,29971300,GOOGL
2025-01-22,198.14394994474472,199.5574134711185,196.62099201618707,197.45712280273438,26200600,GOOGL
2025-01-23,197.22819130144518,199.3782549776066,194.30171827365388,197.0689239501953,26951400,GOOGL
2025-01-24,197.18836001713137,199.97546240962188,197.08881413658432,199.2886505126953,23877500,GOOGL
2025-01-27,191.5245673708486,195.97399844848505,189.85229053116194,190.9273223876953,41728900,GOOGL
2025-01-28,191.8629920734772,194.58042475121238,189.80251062684363,194.40126037597656,24157900,GOOGL
2025-01-29,194.66004582386458,195.88438120776217,192.5398430560715,194.5107421875,18218300,GOOGL
2025-01-30,197.0888449414686,200.4731927690754,196.76036171060426,199.9456329345703,24354700,GOOGL
2025-01-31,201.0704225036096,204.5344037474068,200.87134591508243,203.0811309814453,32001100,GOOGL
2025-02-03,199.76646200582942,202.81237798864086,199.17918072832174,200.30397033691406,27838300,GOOGL
2025-02-04,202.4540365472158,206.09719755510824,201.8767037764101,205.43028259277344,43856400,GOOGL
2025-02-05,190.19072588273337,191.86298743209488,187.16470709545553,190.44952392578125,70373900,GOOGL
2025-02-06,188.62795003909466,191.21599131294843,187.85154069465264,190.71829223632812,29297400,GOOGL
2025-02-07,190.1707897750973,190.30018118607993,182.39673387279518,184.487060546875,49315000,GOOGL
2025-02-10,186.4878479252447,187.33392723255807,185.00469922620795,185.6118927001953,23105600,GOOGL
2025-02-11,184.17850439769825,186.07971836409422,183.43195584227703,184.46717834472656,21239500,GOOGL
2025-02-12,182.37682528941733,184.2581269278111,180.99322265788507,182.76502990722656,22072600,GOOGL
2025-02-13,183.47178484763324,185.42275661553663,182.29720719308074,185.2834014892578,21402500,GOOGL
2025-02-14,184.20839337704305,185.54222335537645,183.47180841007437,184.3776092529297,20448400,GOOGL
2025-02-18,184.74589678490392,185.10424071494356,180.90365944170068,182.92431640625,29916700,GOOGL
2025-02-19,183.22294469175932,184.60654751219354,182.74514264416922,184.41741943359375,19549400,GOOGL
2025-02-20,183.9495791218272,184.4572267048234,181.87914917011352,183.71067810058594,20441500,GOOGL
2025-02-21,184.29794713548316,184.48707519951907,178.25588873059436,178.83322143554688,35199200,GOOGL
2025-02-24,181.15250613186586,182.27729565940143,178.06676593885823,178.42510986328125,29854200,GOOGL
2025-02-25,177.22067008112575,177.91746089820734,173.88609557732903,174.61273193359375,41913400,GOOGL
2025-02-26,174.26436286262216,175.26970953461128,170.79041782229913,171.93511962890625,35431300,GOOGL
2025-02-27,173.1893356179125,173.75670468511518,167.16717356296937,167.72459411621094,39991000,GOOGL
2025-02-28,167.90375578067133,169.82488214403156,166.00255682205264,169.49639892578125,48130600,GOOGL
2025-03-03,171.13879690224084,172.57217267061702,165.1664079930538,166.24143981933594,40770500,GOOGL
2025-03-04,165.47499722472898,172.49254217135646,165.03701959982106,170.13345336914062,45388000,GOOGL
2025-03-05,169.73530516145718,172.98029782260173,168.28201710781593,172.2238006591797,30954900,GOOGL
2025-03-06,169.7452376648565,174.0055403400316,169.71537693678601,171.55686950683594,28302000,GOOGL
2025-03-07,170.47189505527146,174.16482916403365,169.4864605302611,173.0599365234375,27385800,GOOGL
2025-03-10,167.6785699397653,167.87789100205225,163.12436954047675,165.2968292236328,43604000,GOOGL
2025-03-11,164.34014854098334,166.17378667553444,160.81237268027317,163.47314453125,39587400,GOOGL
2025-03-12,166.00437964443265,167.06071434970798,162.96491596959018,166.5325469970703,28372400,GOOGL
2025-03-13,165.46625097868807,165.5559515451144,161.54983818219623,162.1975860595703,31756200,GOOGL
2025-03-14,162.70582188820455,165.91469633780176,161.88864811378173,164.91815185546875,31995900,GOOGL
2025-03-17,164.45973844695973,165.72535422603255,163.10443731189008,163.7222900390625,31184300,GOOGL
2025-03-18,163.11438513260956,163.68242275706862,156.17844440971348,160.1147918701172,42074800,GOOGL
2025-03-19,161.20103994792456,165.2968386316175,160.44367156873926,163.3236846923828,34275600,GOOGL
2025-03-20,161.01169658179438,164.3202162999389,160.40380384962694,162.23744201660156,28138500,GOOGL
2025-03-21,160.65294731947398,163.67247597151626,160.33404577702316,163.42333984375,36625800,GOOGL
2025-03-24,166.492708348571,167.7383890591239,164.56936942432435,167.1005859375,30879100,GOOGL
2025-03-25,168.3960847024039,170.04039224469534,167.7383768915496,169.9706268310547,24174400,GOOGL
2025-03-26,168.41601157841293,169.02390429945322,164.27038302856647,164.4896240234375,28901600,GOOGL
2025-03-27,164.06112302928733,164.84838647984,161.44020617422274,161.67938232421875,24508300,GOOGL
2025-03-28,159.9354404969839,161.26084657481337,153.0991442674789,153.79672241210938,48669300,GOOGL
2025-03-31,152.58093987828155,155.00253588696825,150.13940872047658,154.10565185546875,54603500,GOOGL
2025-04-01,153.0891615011919,157.55369181763876,153.0891615011919,156.52725219726562,30672900,GOOGL
2025-04-02,154.61386135810304,157.86260591341835,154.16541940835015,156.49732971191406,25041700,GOOGL
2025-04-03,150.58783997911712,152.25206746912303,149.87032672274708,150.19918823242188,46883400,GOOGL
2025-04-04,147.49855413182192,150.54799324363788,144.8776522919314,145.09689331054688,62259500,GOOGL
2025-04-07,141.06087632952463,152.3218321659185,140.04439668677543,146.24290466308594,76794100,GOOGL
2025-04-08,150.69745588802078,151.7139355045659,142.5357542501846,144.19998168945312,52200200,GOOGL
2025-04-09,143.9209605893895,158.99868434001036,143.41272834835817,158.16159057617188,70406200,GOOGL
2025-04-10,155.99907817143998,157.17500865516934,149.41191804525613,152.2919464111328,48022000,GOOGL
2025-04-11,152.37166086891528,157.12518279409443,152.29195068350106,156.59701538085938,33636200,GOOGL
2025-04-14,159.44713439436606,161.1611923055906,157.0155631618818,158.52035522460938,30333000,GOOGL
2025-04-15,158.58012970667488,159.0983218935906,154.6736771269803,155.76986694335938,27551500,GOOGL
2025-04-16,152.57096991980188,155.35132240030543,150.98645259897873,152.8001708984375,28187400,GOOGL
2025-04-17,153.75683862644127,154.14549035907424,147.98685287180376,150.63766479492188,33046600,GOOGL
2025-04-21,148.36555457655837,148.43530478654532,145.59516199807078,147.15972900390625,26049100,GOOGL
2025-04-22,148.37550764431742,151.66410748339032,148.02671099242252,150.94659423828125,26971800,GOOGL
2025-04-23,155.0722827287534,156.98564625118482,153.2784996745797,154.8131866455078,31128800,GOOGL
2025-04-24,155.61041000027018,159.03852534598082,155.2516533895316,158.72959899902344,45894000,GOOGL
2025-04-25,164.49961422965615,165.52605388757996,160.4835257508864,161.40036010742188,56034000,GOOGL
2025-04-28,161.86872639451175,162.5862396977989,158.0519740918863,160.05502319335938,29745800,GOOGL
2025-04-29,159.76603342291708,160.18458031932272,156.97570557414937,159.60658264160156,26809000,GOOGL
2025-04-30,157.43409270690867,158.7196436016194,154.86300612354924,158.2512664794922,34981100,GOOGL
2025-05-01,159.8955459237491,161.3903625236085,158.3608742385602,160.74261474609375,30203200,GOOGL
2025-05-02,162.84535826769726,164.39996542535462,161.31067105386134,163.4632110595703,25715000,GOOGL
2025-05-05,162.4367677423953,164.81850869798296,162.15773647441492,163.64259338378906,21341800,GOOGL
2025-05-06,161.6096198520829,164.23053675483612,160.63301049910467,162.66595458984375,21277200,GOOGL
2025-05-07,163.5130310359637,164.42985019413678,147.32914212449143,150.85691833496094,127490100,GOOGL
2025-05-08,154.46440047734652,155.39117958130052,152.37165090458322,153.74688720703125,57498700,GOOGL
2025-05-09,153.6372746936992,154.5142387821615,151.67408067225014,152.22218322753906,32435300,GOOGL
2025-05-12,156.94579570580373,158.55023292762746,155.7100750758197,157.91244506835938,44138800,GOOGL
2025-05-13,158.24129609505388,160.01515931291138,155.62039437316713,158.97874450683594,42382100,GOOGL
2025-05-14,159.40725946266062,166.4229258122212,159.0584628171564,164.79855346679688,48755900,GOOGL
2025-05-15,165.26694125278715,165.6356730691148,161.80893051621783,163.39344787597656,33146700,GOOGL
2025-05-16,167.15039440077075,168.76480673115492,165.04768502743337,165.61572265625,42846900,GOOGL
2025-05-19,163.94152401470697,166.06416858529283,163.65253281131433,165.96450805664062,30426100,GOOGL
2025-05-20,165.85490703254322,167.91776161058672,162.33710588412995,163.4133758544922,46607700,GOOGL
2025-05-21,163.1243721968136,172.54171471286378,162.9948165454298,167.9775390625,73416000,GOOGL
2025-05-22,171.25618084668935,176.15917803179707,170.12012070875053,170.27955627441406,74864400,GOOGL
2025-05-23,168.47582079984258,169.37272002705043,167.30986548992928,167.8878631591797,35211400,GOOGL
2025-05-27,169.57202886061165,172.5716225630013,169.4125780788469,172.30255126953125,37995700,GOOGL
2025-05-28,172.56165823831284,174.66436785084326,171.31597754856884,171.76441955566406,34784000,GOOGL
2025-05-29,173.39874848808273,173.81729536660228,170.04039828273065,171.26614379882812,29317300,GOOGL
2025-05-30,170.75790891590938,171.61493780799663,166.86141620850907,171.1465606689453,52639900,GOOGL
2025-06-02,167.26003241267054,169.28301661805224,166.81159040962694,168.4459228515625,38612300,GOOGL
2025-06-03,166.91126012169556,167.89782954141205,164.708889870391,165.60577392578125,45084900,GOOGL
2025-06-04,166.16382850855194,167.6387100496484,165.78513674832732,167.46929931640625,26900800,GOOGL
2025-06-05,169.75139851627495,170.33935616350743,167.01090094696792,167.62876892089844,36379100,GOOGL
2025-06-06,170.23969140570108,173.89700773798458,170.23969140570108,173.079833984375,35731800,GOOGL
2025-06-09,174.14743750903665,176.07310468622353,173.97782168090652,175.69395446777344,28935900,GOOGL
2025-06-10,175.80372221831115,180.70268325607967,174.5166301339373,178.19833374023438,61766100,GOOGL
2025-06-11,179.3656814209572,179.96432281914957,176.3524694759701,176.9511260986328,31646800,GOOGL
2025-06-12,175.78375628436552,176.32255032681226,174.3569797237004,175.30484008789062,20941900,GOOGL
2025-06-13,172.05218023736916,176.73163473712606,172.00228964381978,174.27716064453125,27663100,GOOGL
2025-06-16,174.33701609632743,176.5420523549515,174.25719419482596,176.3724365234375,27389200,GOOGL
2025-06-17,175.30483777675101,176.96110799729416,174.1873615915514,175.5542755126953,24973000,GOOGL
2025-06-18,175.6141436330853,176.16290971424257,172.81046582918458,172.93020629882812,28707500,GOOGL
2025-06-20,173.55878574385125,173.94790803011588,165.08788938336605,166.26522827148438,75659900,GOOGL
2025-06-23,165.8960542954959,166.9636398925432,161.63565348702906,164.8184814453125,57671000,GOOGL
2025-06-24,166.5445998017471,167.84167918331357,165.75638318822968,166.3949432373047,40524300,GOOGL
2025-06-25,167.25299905707695,171.97235685648238,167.17317715297744,170.29612731933594,35479000,GOOGL
2025-06-26,172.04218458564608,173.29936049404486,169.55779452756443,173.14968872070312,31796700,GOOGL
2025-06-27,173.14969619543672,178.27813555923768,171.3437693802371,178.12847900390625,108140200,GOOGL
2025-06-30,180.3734186271616,180.82240351749414,174.1873656755976,175.83364868164062,63378900,GOOGL
2025-07-01,175.3447530851258,175.6939567742825,173.139716841545,175.44451904296875,35904500,GOOGL
2025-07-02,175.14518633422566,178.4577266308603,174.67625741761273,178.23822021484375,29128900,GOOGL
2025-07-03,178.09853847776557,179.265905222364,176.65180269468908,179.126220703125,21689700,GOOGL
2025-07-07,178.65727862884938,178.89674433224096,175.28487562232132,176.3923797607422,34175600,GOOGL
2025-07-08,177.4500058972594,177.54977185383785,172.42133277200756,173.9678497314453,40442500,GOOGL
2025-07-09,174.85586430994886,179.03644347316074,172.3814460707259,176.2227783203125,43025600,GOOGL
2025-07-10,175.2350053597822,178.02869585837095,173.98781666417247,177.22052001953125,29252400,GOOGL
2025-07-11,176.39238193299045,181.0219456842772,176.08308157759498,179.7847442626953,34282900,GOOGL
2025-07-14,180.60287583344362,183.25689674766613,179.27586537633238,181.15164184570312,32536600,GOOGL
2025-07-15,182.39885886185957,183.8056914333515,181.19158867102598,181.59068298339844,33448300,GOOGL
2025-07-16,182.82788394956327,183.91542879782378,181.62059863833602,182.55848693847656,33104200,GOOGL
2025-07-17,181.73035050857078,183.64603043273615,180.07408034072432,183.1671142578125,31992600,GOOGL
2025-07-18,184.98301522964096,186.00072543502688,183.2968289565469,184.64378356933594,34014500,GOOGL
2025-07-21,185.83110772544197,189.86201471908177,185.73132654425748,189.67245483398438,45803100,GOOGL
2025-07-22,191.0693117786785,191.21896833519165,187.03840453704987,190.90966796875,44660200,GOOGL
2025-07-23,191.06931784155387,192.09700016081177,188.75452819755446,189.8021697998047,58681900,GOOGL
2025-07-24,196.58687870624138,197.50480780114538,190.57044138213487,191.73780822753906,74881700,GOOGL
2025-07-25,191.54821586623893,193.8929365997576,190.82983399147875,192.74551391601562,39785900,GOOGL
2025-07-28,193.2144667106556,193.61357622809174,190.41078895772904,192.14688110351562,38139500,GOOGL
2025-07-29,191.9971978721824,195.47935398479527,191.64799419278697,195.3097381591797,41389200,GOOGL
2025-07-30,195.1600963397073,197.155598285003,194.2521393007246,196.08799743652344,32445400,GOOGL
2025-07-31,195.26984291287636,195.54921195775628,190.66022322341527,191.46839904785156,51329200,GOOGL
2025-08-01,188.60486968944682,190.40082452841267,187.39759950913643,188.70465087890625,34832200,GOOGL
2025-08-04,189.86201672672937,194.830827292421,189.69240089649873,194.60133361816406,31547400,GOOGL
2025-08-05,194.2720962985156,197.4150057356091,193.45393320281906,194.232177734375,31602300,GOOGL
2025-08-06,194.06255127051267,196.18776557270928,193.23441619136784,195.6489715576172,21562900,GOOGL
2025-08-07,196.6167969951023,197.09571318148866,193.8929412029117,196.07801818847656,26321800,GOOGL
2025-08-08,196.7764442791972,202.15432130991044,196.72655368662487,200.9669952392578,39161800,GOOGL
2025-08-11,200.48808049350347,201.02685931355308,198.62229106869012,200.54794311523438,25832400,GOOGL
2025-08-12,200.91710457512625,204.04006993048975,200.1388600495838,202.88267517089844,30397900,GOOGL
2025-08-13,203.67091617948037,204.0700104890599,197.06579421729333,201.50579833984375,28342900,GOOGL
2025-08-14,201.0468177297292,203.98020797768137,200.77742070862897,202.48358154296875,25230400,GOOGL
2025-08-15,203.39153088363753,205.97570210941166,200.82730371462006,203.44140625,34931400,GOOGL
2025-08-18,203.74075053383524,204.80835140832636,202.03460485474218,203.04232788085938,18526600,GOOGL
2025-08-19,202.57339194917532,202.98247352847122,199.5103041804206,201.11668395996094,24240200,GOOGL
2025-08-20,200.27853657760338,200.82730262485018,196.15783565803162,198.87171936035156,28955500,GOOGL
2025-08-21,199.3007354736328,202.02459107482636,198.98144788878304,199.3007354736328,19774600,GOOGL
2025-08-22,202.27403645691825,208.07096677186306,200.84725997228378,205.62648010253906,42827000,GOOGL
2025-08-25,205.96572314134983,210.04653613391585,204.81831562838462,208.02110290527344,29928900,GOOGL
2025-08-26,207.04328099820484,207.38252787024734,205.23735432936843,206.6741180419922,28464100,GOOGL
2025-08-27,205.23735606521282,208.44014313706415,205.18746547556665,207.0133514404297,23022900,GOOGL
2025-08-28,206.78389053195886,211.742714118765,206.43467159929352,211.1640167236328,32339300,GOOGL
2025-08-29,210.0365409975429,214.167229203444,209.72724064780297,212.43115234375,39728400,GOOGL
2025-09-02,207.97120545801465,211.20390871469678,205.73623790289355,210.87466430664062,47523000,GOOGL
2025-09-03,225.7012467158241,230.78976737242826,224.28442698424496,230.1412353515625,103336100,GOOGL
2025-09-04,229.13349303754427,231.84737676203946,225.60146147412655,231.7775421142578,51684200,GOOGL
2025-09-05,231.677775522156,235.22976659054154,231.37844718195538,234.4714813232422,46588900,GOOGL
2025-09-08,235.15054099905157,237.8069358559837,233.3529799966882,233.72247314453125,32474700,GOOGL
2025-09-09,233.85231685973005,240.14377315813266,232.91358965088386,239.30491638183594,38061000,GOOGL
2025-09-10,238.5758820575914,241.33214736167037,237.5273187664355,238.84552001953125,35141100,GOOGL
2025-09-11,239.55457404217233,241.9213539288796,235.92949376965038,240.0438995361328,30599300,GOOGL
2025-09-12,240.04388783032,241.75157459718335,237.67710805902945,240.4733123779297,26771600,GOOGL
2025-09-15,244.32807821701437,252.06756394348793,244.32807821701437,251.26864624023438,58383800,GOOGL
2025-09-16,251.73800966841424,252.696698721273,249.13154999644232,250.8192596435547,34109700,GOOGL
2025-09-17,250.87917693990602,251.25866627901078,245.94587648389523,249.19146728515625,34108000,GOOGL
2025-09-18,251.338548569648,253.64542748570952,249.46110945180462,251.68807983398438,31239500,GOOGL
2025-09-19,252.90642848071656,255.65269769422878,251.4683796180924,254.3744354248047,55571400,GOOGL
2025-09-22,254.0848093772248,255.4329839373953,249.96042287972912,252.18739318847656,32290500,GOOGL
2025-09-23,252.69670571321294,254.01492224497756,250.1401811840686,251.31858825683594,26628000,GOOGL
2025-09-24,251.31857470864836,252.00764101873446,246.10565550148698,246.80470275878906,28201000,GOOGL
2025-09-25,244.06842931794486,246.1556055061487,240.41340622781078,245.45654296875,31020400,GOOGL
2025-09-26,246.73481561544992,249.08161830530747,245.63630185383965,246.2055206298828,18503200,GOOGL
2025-09-29,247.51375020937843,250.80926093832198,242.4406403715287,243.71890258789062,32505800,GOOGL
2025-09-30,242.48058753408858,242.9599320717839,238.92541967317948,242.77020263671875,34724300,GOOGL
2025-10-01,240.42338523813993,245.96585884887978,238.2862890899911,244.5677490234375,31658200,GOOGL
2025-10-02,244.81739828037135,246.47514981131818,241.97127402542458,245.35667419433594,25483300,GOOGL
2025-10-03,244.15831699237452,245.96585900937905,241.3321544964398,245.01715087890625,30249600,GOOGL
2025-10-06,244.44791178946252,250.97904766602093,244.24818617214953,250.09024047851562,28894700,GOOGL
2025-10-07,247.93317917084852,250.1002333278666,245.18691006468788,245.42657470703125,23181300,GOOGL
2025-10-08,244.62768203424937,245.67624536262252,243.48922922331397,244.2881317138672,21307100,GOOGL
2025-10-09,244.13833003954065,244.42792989328805,238.82554034163272,241.2023162841797,27892100,GOOGL
2025-10-10,241.10246136059908,243.75885638035138,235.5200485827795,236.2490692138672,33180300,GOOGL
2025-10-13,239.88411429337978,244.16828735447277,239.38479264234815,243.81875610351562,24995000,GOOGL
2025-10-14,240.9027132904423,246.78472157869837,240.1836889124138,245.1169891357422,22111600,GOOGL
2025-10-15,246.91455220927548,251.7679591837619,245.65626715592245,250.68942260742188,27007700,GOOGL
2025-10-16,251.42842769264908,256.6113736152233,249.76069521164578,251.1188507080078,27997200,GOOGL
2025-10-17,250.4197821526697,253.87509458891947,247.4737875390444,252.9563446044922,29671600,GOOGL
2025-10-20,254.3444728441902,256.98087539491434,253.88509020638818,256.2019348144531,22350200,GOOGL
2025-10-21,254.39440086428343,254.53421031738455,243.81875668908756,250.12020874023438,47312100,GOOGL
2025-10-22,254.02489806023604,256.01218852739623,248.95178813355238,251.34854125976562,35029400,GOOGL
2025-10-23,252.63679338694976,254.69399627404513,251.50833675008087,252.73666381835938,19901400,GOOGL
2025-10-24,256.23188733462473,261.32497431611404,254.9736174865258,259.5673828125,28655100,GOOGL
2025-10-27,264.4607188078389,269.7735083332291,263.92144290721717,268.9046630859375,35235200,GOOGL
2025-10-28,269.3241367489819,270.3627344019799,266.1384619149823,267.1071472167969,29738600,GOOGL
2025-10-29,267.38675485794886,274.96645416764926,267.3068768000952,274.197509765625,43580300,GOOGL
2025-10-30,291.1944142933695,291.1944142933695,279.6800575475708,281.09814453125,74876000,GOOGL
2025-10-31,282.82575062167336,285.6119738650845,276.6541425566326,280.8085021972656,39267900,GOOGL
2025-11-03,281.797163766903,285.14262497278366,279.42038779718166,283.3350830078125,29786000,GOOGL
2025-11-04,276.374515458966,280.88837191256465,275.8851900258856,277.1634521484375,30078400,GOOGL
2025-11-05,278.49163374098424,286.0314084420774,276.96371081227676,283.92425537109375,31010300,GOOGL
2025-11-06,284.9428776795432,287.9587999323025,280.7585903155872,284.3636779785156,37173600,GOOGL
2025-11-07,282.8257840870045,283.3950181298404,274.8166751233446,278.45172119140625,34479600,GOOGL
2025-11-10,284.03413439651047,290.40545290698407,282.47622284552773,289.7064208984375,29557300,GOOGL
2025-11-11,287.35962699643375,291.52398321941854,286.9302176656824,290.914794921875,19842100,GOOGL
2025-11-12,291.2842728658537,291.613842224268,283.30512258449664,286.3210144042969,24829900,GOOGL
2025-11-13,281.9569519907634,282.45627365196606,276.8638649512614,278.19207763671875,29494000,GOOGL
2025-11-14,271.04178706348836,278.1820807042813,270.3327588398133,276.0350036621094,31647200,GOOGL
2025-11-17,285.392279437324,293.55120856159544,283.1852862901624,284.63330078125,52670200,GOOGL
2025-11-18,287.52939388700526,288.4081743957296,277.8225797399186,283.8943176269531,49158700,GOOGL
2025-11-19,286.77042153983126,303.39782684502376,286.2411417953812,292.4127502441406,68198900,GOOGL
2025-11-20,304.1268355762142,306.0042898345543,288.2783714658303,289.05731201171875,62025200,GOOGL
2025-11-21,296.0178842040454,303.50770955644725,293.4513634023398,299.25347900390625,74137700,GOOGL
2025-11-24,310.70789188393536,319.0465694557707,309.17996886834777,318.14776611328125,85165100,GOOGL
2025-11-25,325.767421144808,328.3838617048627,317.2190369667809,323.0011901855469,88632100,GOOGL
2025-11-26,320.2449508538883,324.0597758686898,316.36024396458464,319.5159606933594,51373400,GOOGL
2025-11-28,322.9313108653273,326.40660086319315,316.36025071335513,319.7456359863281,26018600,GOOGL
2025-12-01,317.2690150587685,319.41609223758667,313.464186206563,314.46282958984375,41183000,GOOGL
2025-12-02,316.3102616947243,317.948051296999,313.4841146313127,315.38153076171875,35854700,GOOGL
2025-12-03,315.4614340573081,321.1436861691208,313.6738540884245,319.19635009765625,41838300,GOOGL
2025-12-04,321.7928484740126,321.92264650582644,314.27306548179905,317.1890869140625,31240900,GOOGL
2025-12-05,319.05652267664885,322.72155681925386,318.73697999805336,320.8341064453125,28851700,GOOGL
2025-12-08,319.82486263347363,320.21460294317257,311.0010871288888,313.49932861328125,33909400,GOOGL
2025-12-09,312.15025542764414,317.7662971049956,311.6805848338384,316.85693359375,30194000,GOOGL
2025-12-10,315.6078174223929,321.0839735202244,314.45863248382005,319.9847412109375,33428900,GOOGL
2025-12-11,319.85481737290655,320.8940942947929,308.3829128168011,312.210205078125,42353700,GOOGL
2025-12-12,313.47935032153816,314.6485102459599,305.34506149685063,309.07244873046875,35940200,GOOGL
2025-12-15,311.1009991314403,311.2009348824072,304.66552711937686,308.003173828125,29151900,GOOGL
2025-12-16,304.7354841263937,310.5513666605185,302.37712849550337,306.3543395996094,30585000,GOOGL
2025-12-17,307.7933270972379,307.87325739956634,295.9116769824828,296.5112609863281,43930400,GOOGL
2025-12-18,301.50775321966603,303.7461677101471,299.0195145942255,302.2472229003906,33518000,GOOGL
2025-12-19,301.5177661333593,307.03387224107576,300.7582909786616,306.9439392089844,59943200,GOOGL
2025-12-22,309.66200850448513,309.9118326328777,305.0852133945127,309.56207275390625,26429900,GOOGL
2025-12-23,309.41219480947996,314.7184570357758,309.1024153195162,314.1288757324219,25478700,GOOGL
2025-12-24,314.5485634057752,314.8583428959372,311.70059264113144,313.8690490722656,10097400,GOOGL
2025-12-26,314.25877806497726,314.86833429915043,312.0603135401851,313.2894592285156,10899000,GOOGL
2025-12-29,311.15095467052413,313.79908436732376,310.4014822754237,313.33941650390625,19621800,GOOGL
2025-12-30,312.28018544302313,316.72706748217655,312.24020504037514,313.6292419433594,17380900,GOOGL
