Date,Open,High,Low,Close,Volume,Ticker
2015-01-02,95.41916817709681,95.8237936406668,94.20527775418817,94.66508483886719,31314600,QQQ
2015-01-05,94.25123973505653,94.36159594417659,93.00976220087338,93.27645111083984,36521300,QQQ
2015-01-06,93.41441442366437,93.57074715765597,91.61197138914419,92.02579498291016,66205500,QQQ
2015-01-07,92.63274273971757,93.4328026145264,92.4120302770603,93.21209716796875,37577400,QQQ
2015-01-08,94.0029470628886,95.18005189612975,93.90178895852273,94.99613189697266,40212600,QQQ
2015-01-09,95.29037943735304,95.31796672731718,93.81899182236754,94.37076568603516,41410100,QQQ
2015-01-12,94.55472479294907,94.65588290877984,93.14771629324719,93.3868179321289,34129800,QQQ
2015-01-13,94.29723274389445,95.29041767774962,92.60513911405614,93.35922241210938,56162300,QQQ
2015-01-14,92.42121663906276,93.32244154013907,92.02578229717705,92.84423828125,51354200,QQQ
2015-01-15,93.27645351490617,93.4235881147602,91.52918541401223,91.63954162597656,51005400,QQQ
2015-01-16,91.51998359439429,92.835031915176,91.37284900051215,92.71548461914062,35362200,QQQ
2015-01-20,93.2764505949454,93.69027409868492,92.22809117044696,93.45117950439453,30964100,QQQ
2015-01-21,93.17528391691843,94.37078484274979,92.84422233795274,93.92936706542969,40128800,QQQ
2015-01-22,94.2972119201383,95.76859278457174,93.46955799136406,95.66743469238281,40887200,QQQ
2015-01-23,95.6582320157857,96.17322055579154,95.38235206344757,95.87894439697266,34783000,QQQ
2015-01-26,95.76860046386719,95.94332936731294,95.28120617120057,95.76860046386719,19960900,QQQ
2015-01-27,94.26046394298893,94.31563855477911,92.97300254445003,93.28567504882812,45253200,QQQ
2015-01-28,94.78462876687767,94.88578688317895,92.78906777456872,92.80745697021484,43591700,QQQ
2015-01-29,92.73388055794922,93.87420706995117,91.92462269248536,93.69947814941406,46539700,QQQ
2015-01-30,93.61668766618037,94.3339853077562,92.8442084256473,92.97295379638672,42927600,QQQ
2015-02-02,93.18447613732508,93.86498844396722,91.73148452316997,93.7822265625,43624700,QQQ
2015-02-03,94.12247615227398,94.74781385097096,93.50633655658491,94.68344116210938,30750400,QQQ
2015-02-04,94.2972412661966,95.22605357621362,94.08572691231366,94.60071563720703,34073200,QQQ
2015-02-05,94.8397899915894,95.48352400598178,94.60069540142185,95.41915130615234,23605500,QQQ
2015-02-06,95.566278566376,95.79618205042681,94.49953004875098,94.83978271484375,34169300,QQQ
2015-02-09,94.47192797435962,94.98690945292019,94.30639721109422,94.53630065917969,22604700,QQQ
2015-02-10,95.06051191868357,96.1364587304151,94.91337029514827,96.0077133178711,23686500,QQQ
2015-02-11,96.11804562861866,96.57785259721655,95.93412564761853,96.35714721679688,20303600,QQQ
2015-02-12,96.98248781762108,97.51586560069315,96.83535323172747,97.47908020019531,22520300,QQQ
2015-02-13,97.75495297095844,98.33430715827413,97.57102599523357,98.31591796875,29030200,QQQ
2015-02-17,98.31594557297954,98.47227828416676,98.06764584005988,98.40790557861328,17675300,QQQ
2015-02-18,98.2883319851249,98.60100436229148,98.15958659926142,98.54582977294922,15149600,QQQ
2015-02-19,98.48144445738954,99.0975910730561,98.45385716428895,99.03321838378906,19828100,QQQ
2015-02-20,98.96884721832352,99.75051760462883,98.65617485414317,99.69534301757812,28336700,QQQ
2015-02-23,99.64018370943514,99.82411073425378,99.41947829575135,99.79651641845703,17868000,QQQ
2015-02-24,99.66774760998514,99.98961807382712,99.36428036845238,99.87006378173828,19745000,QQQ
2015-02-25,99.72295376507935,100.1091899974677,99.40108322199038,99.62179565429688,19472300,QQQ
2015-02-26,99.72294571160276,100.18275271762661,99.44705870154921,100.12757110595703,22255500,QQQ
2015-02-27,100.09081324985316,100.15519298386884,99.52985500293124,99.68618774414062,27757600,QQQ
2015-03-02,99.87927974391448,100.62416485847145,99.86088353441286,100.5873794555664,22988600,QQQ
2015-03-03,100.28391612651257,100.38507423447818,99.48384936790222,100.1183853149414,20788900,QQQ
2015-03-04,99.78729829976653,99.9344328636683,99.18954790919194,99.73211669921875,21007400,QQQ
2015-03-05,99.98964452801093,100.21034994827124,99.49305207035111,99.90687561035156,15381000,QQQ
2015-03-06,99.77813286752428,99.97125099243277,98.52745709241302,98.7757568359375,30990400,QQQ
2015-03-09,98.9780602475758,99.30912187546606,98.57343482600882,99.06082916259766,26237100,QQQ
2015-03-10,98.35273252126485,98.38032683984514,97.22161102294922,97.22161102294922,34234500,QQQ
2015-03-11,97.36872897395739,97.48828328570869,96.62384387008348,96.66062927246094,25459700,QQQ
2015-03-12,96.58706686585579,97.40552284564858,96.52269416012261,97.29517364501953,21473200,QQQ
2015-03-13,97.20320824605771,97.58945150300474,96.26520494455514,96.87214660644531,42021100,QQQ
2015-03-16,97.23076800290664,98.15957286870102,97.12960992586427,98.12278747558594,25674100,QQQ
2015-03-17,97.85611512011356,98.43546933150502,97.62621165297611,98.27913665771484,19603800,QQQ
2015-03-18,98.01243378953214,99.69532861238349,97.50664342766008,99.24471282958984,40622200,QQQ
2015-03-19,99.3459003431744,99.66776384334285,99.19876574999658,99.39188385009766,31314000,QQQ
2015-03-20,100.21037092127477,100.53297464202304,100.01680868882582,100.03524017333984,31761400,QQQ
2015-03-23,99.9799584668968,100.25647298271315,99.80482768431523,99.8416976928711,17268500,QQQ
2015-03-24,99.83247804230065,100.29334259909419,99.46379202265388,99.48222351074219,22445300,QQQ
2015-03-25,99.63890761616949,99.7310791135363,97.16867351267278,97.2055435180664,41581400,QQQ
2015-03-26,96.40363449411308,97.42675426536607,96.08103074467166,96.87371826171875,47846300,QQQ
2015-03-27,96.85529298752941,97.49128126800848,96.70781295990629,97.26084899902344,33878400,QQQ
2015-03-30,97.85075913299181,98.45909664804562,97.85075913299181,98.37614440917969,30570200,QQQ
2015-03-31,98.09960852415668,98.30239001024076,97.30692109613717,97.3345718383789,30488100,QQQ
2015-04-01,97.3345757929286,97.35301430999456,96.20085312155499,96.82762908935547,32970500,QQQ
2015-04-02,96.91979399099763,97.20552769599642,96.57875177079369,96.89214324951172,19164200,QQQ
2015-04-06,96.32069796791609,97.95215549960054,96.17321792569793,97.68486022949219,24451100,QQQ
2015-04-07,97.62952386633611,98.34847128661093,97.5189208984375,97.5189208984375,19379400,QQQ
2015-04-08,97.5557811980124,98.43142785258298,97.54656897242845,98.29316711425781,25866900,QQQ
2015-04-09,98.24708250502158,98.94759845536959,97.91526656247106,98.91072845458984,23114700,QQQ
2015-04-10,98.87387402108848,99.32552632757597,98.65266101381454,99.3163070678711,17164300,QQQ
2015-04-13,99.39003996247945,99.89698669418324,98.95682620642955,99.06743621826172,17783500,QQQ
2015-04-14,98.9660501627475,99.2517839165831,98.21944485385377,98.78170013427734,23755700,QQQ
2015-04-15,99.03978769286758,99.61126225903305,98.91996544303193,99.39926147460938,21128600,QQQ
2015-04-16,99.1319372267397,99.43610239229919,98.9936764975402,99.26097869873047,16195300,QQQ
2015-04-17,98.31162683301405,98.57892207726216,97.28850699387544,97.7125015258789,46514000,QQQ
2015-04-20,98.20100150137155,99.35316266921348,98.16413150013257,99.17803192138672,28945900,QQQ
2015-04-21,99.74952318163459,99.92465395893858,99.4822209018361,99.60204315185547,22759800,QQQ
2015-04-22,99.86011798842593,100.31177026843645,99.21491049160274,100.14585876464844,21429200,QQQ
2015-04-23,99.80481804713502,100.97541785098616,99.78638656075438,100.52376556396484,29473200,QQQ
2015-04-24,101.5837519375238,102.02618495036275,101.41784043673846,101.88792419433594,32508100,QQQ
2015-04-27,102.26583291336114,102.45940219773925,101.4086246354479,101.62984466552734,31121300,QQQ
2015-04-28,101.70357747707696,101.89714676113867,100.56985471176918,101.42706298828125,36849200,QQQ
2015-04-29,100.86479377168192,101.45469970488914,100.23801783862005,100.79105377197266,34043900,QQQ
2015-04-30,100.2195882820847,100.62514422381783,98.68029564554456,99.20568084716797,44080500,QQQ
2015-05-01,99.59282782404237,100.57907763772687,99.5743893047765,100.51455688476562,32874300,QQQ
2015-05-04,100.83716558789709,101.3072494009132,100.62516479936512,100.68047332763672,23507300,QQQ
2015-05-05,100.28411173153881,100.4684547070987,98.99368980591831,99.0397720336914,47843300,QQQ
2015-05-06,99.21489705188961,99.50063075717216,97.70326223647005,98.3576889038086,42687200,QQQ
2015-05-07,98.33004460995558,99.22412281609166,98.25630460626246,98.94760131835938,29335800,QQQ
2015-05-08,99.97072324174175,100.39471772407117,99.82325026330427,100.18272399902344,33023300,QQQ
2015-05-11,100.24722253195984,100.45000398558194,99.72183741677182,99.79557037353516,19679300,QQQ
2015-05-12,99.2056876107762,99.85090211627909,98.44065790168142,99.34394836425781,33665000,QQQ
2015-05-13,99.7771775810807,100.29334363972993,99.39926526511597,99.54674530029297,20738400,QQQ
2015-05-14,100.35783732630745,101.0860039810475,99.9891514022854,101.0030517578125,23904200,QQQ
2015-05-15,101.26113471752123,101.39939545514612,100.75418102364107,101.0030517578125,23937400,QQQ
2015-05-18,100.83717326483622,101.64829240814352,100.76343324301679,101.44551086425781,17631100,QQQ
2015-05-19,101.55606704189034,101.71275923098628,101.16894268098328,101.33485412597656,14212900,QQQ
2015-05-20,101.40860339946478,102.00772854905689,100.86478676192758,101.3993911743164,21131900,QQQ
2015-05-21,101.2242507237168,102.06302725903673,101.07677778094379,101.92476654052734,16771800,QQQ
2015-05-22,101.80498677101747,102.19211837740198,101.74046600865933,101.82342529296875,13543800,QQQ
2015-05-26,101.60220367013288,101.7404574119071,100.24726074286471,100.65281677246094,25488400,QQQ
2015-05-27,100.95697457278673,102.38565731201847,100.73576158547604,102.2750473022461,30572700,QQQ
2015-05-28,102.08152486382555,102.321176462329,101.7312702446565,102.0446548461914,17302400,QQQ
2015-05-29,101.98008836128778,102.11834910738185,101.19662017639968,101.43627166748047,30383000,QQQ
2015-06-01,101.98007944587849,102.05381944164657,100.94774060182456,101.77729797363281,24570200,QQQ
2015-06-02,101.39941042374222,101.95244642364779,100.90167591415693,101.4547119140625,19449600,QQQ
2015-06-03,101.9155957772438,102.13680881277645,101.51003268523758,101.75890350341797,20507200,QQQ
2015-06-04,101.1874082747359,101.83262279267292,100.66202302716812,100.98462677001953,31374600,QQQ
2015-06-05,100.86480973210561,101.10446125296545,100.12742368279899,100.74498748779297,22641700,QQQ
2015-06-08,100.69888557882979,100.77262558094853,99.5190736738645,99.72185516357422,24549200,QQQ
2015-06-09,99.48223684097152,99.91545070756402,98.80937140370821,99.55597686767578,27554600,QQQ
2015-06-10,99.89698524066893,101.21505797549538,99.78638226268025,100.92010498046875,30297900,QQQ
2015-06-11,101.26113576915505,101.52843798941032,100.89244280907074,101.06757354736328,17593500,QQQ
2015-06-12,100.53298248083908,100.74498324656602,100.09976872252675,100.23802947998047,27201800,QQQ
2015-06-15,99.49140884036002,99.89696473010774,98.91071519620945,99.74027252197266,31238800,QQQ
2015-06-16,99.63889654858107,100.45002251267432,99.59281432113357,100.28411102294922,16456900,QQQ
2015-06-17,100.450020199831,100.88322688258465,99.94306648394523,100.56062316894531,23296700,QQQ
2015-06-18,100.92933188175645,102.2013154505796,100.87403038857468,102.02619171142578,43032400,QQQ
2015-06-19,102.07609766943476,102.15924776385836,101.4478799220514,101.52178955078125,27877600,QQQ
2015-06-22,102.27009582519531,102.57496772957515,102.0391335428002,102.27009582519531,19120900,QQQ
2015-06-23,102.38094768013939,102.4456168293287,101.9282636358142,102.35323333740234,18127900,QQQ
2015-06-24,102.2331330810035,102.66733618761268,101.79892292598586,101.8266372680664,15815900,QQQ
2015-06-25,102.22388578412674,102.32550973056773,101.45708947858392,101.62338256835938,18326700,QQQ
2015-06-26,101.60490590663633,101.83586813341697,100.57019259323228,100.94896697998047,32311700,QQQ
2015-06-29,99.83112120125348,100.38543624284954,98.51925730608109,98.5654525756836,50874900,QQQ
2015-06-30,99.30453408094615,99.51702246731948,98.6116472817939,98.91651916503906,34809900,QQQ
2015-07-01,99.895797314679,100.09904523764745,99.23986532135929,99.70178985595703,21293000,QQQ
2015-07-02,99.98818346556297,100.07132649489985,99.42463499425055,99.72949981689453,20499400,QQQ
2015-07-06,99.10127220268262,100.0713164042513,98.88879089464135,99.49852752685547,24311000,QQQ
2015-07-07,99.60938421240945,99.84034642835813,97.77092694701207,99.74796295166016,44230800,QQQ
2015-07-08,99.03658876199665,99.15669361724557,97.82634908678185,98.01111602783203,39691500,QQQ
2015-07-09,99.31375509405821,99.40613857283627,97.94645564355693,97.95569610595703,28381000,QQQ
2015-07-10,99.25832412748652,99.82187249796668,98.89802363467558,99.45233154296875,26415800,QQQ
2015-07-13,100.31152349253956,101.28156068816732,100.30228302922644,101.19841766357422,25780700,QQQ
2015-07-14,101.33700799013012,102.14075217993356,101.28157225233018,101.86360168457031,21977200,QQQ
2015-07-15,102.05758396090205,102.37168918781653,101.6880430098676,101.97443389892578,28631500,QQQ
2015-07-16,102.81513862678243,103.43411566023657,102.61189075349125,103.41564178466797,29838900,QQQ
2015-07-17,104.24709296811531,104.93997955322266,104.07156649280476,104.93997955322266,35926800,QQQ
2015-07-20,105.1617218536277,105.67907498152232,104.83837614869356,105.30030059814453,26539000,QQQ
2015-07-21,105.33728893056028,105.50358207836,104.93080005136906,105.23567199707031,35468900,QQQ
2015-07-22,103.62810997434424,104.55195870097313,103.62810997434424,104.0438461303711,35575000,QQQ
2015-07-23,104.14549148863989,104.48731107686329,103.38793565882584,103.65584564208984,25698300,QQQ
2015-07-24,104.21018087130524,104.39494787118258,102.48258052397428,102.63963317871094,30844700,QQQ
2015-07-27,102.05758223091627,102.50102572591486,101.56794347466867,101.78966522216797,35994800,QQQ
2015-07-28,102.24239621279347,102.8706139933745,101.4294113990341,102.66736602783203,33553500,QQQ
2015-07-29,102.88904293334248,103.27705773598974,102.49178766918259,103.05533599853516,26714100,QQQ
2015-07-30,102.81515660920795,103.72052468697228,102.19617946749436,103.54499816894531,25438100,QQQ
2015-07-31,103.8683392144753,103.92376789677665,103.21240729641252,103.42488861083984,22081700,QQQ
2015-08-03,103.44336625478051,103.72975716879411,102.4178933742962,103.1015396118164,25001800,QQQ
2015-08-04,103.05533566959473,103.24010260881597,102.4825468805578,102.90751647949219,22132300,QQQ
2015-08-05,103.48032747105206,104.39493599872547,103.36022259122257,103.7020492553711,28989900,QQQ
2015-08-06,103.79441483697133,103.93299357141466,101.5771762310997,102.03910064697266,42125400,QQQ
2015-08-07,101.7896845753566,102.14998512669932,101.06908347267115,101.90978240966797,30006800,QQQ
2015-08-10,102.55646889031253,103.29554378507119,102.54722842771082,103.07382202148438,21500800,QQQ
2015-08-11,102.52876817150148,102.92602353525606,101.18918285260409,101.75273132324219,36123300,QQQ
2015-08-12,101.05060296743112,102.30703819473959,99.97894177261425,102.10379028320312,41889000,QQQ
2015-08-13,102.20540941877638,102.6950552954801,101.71577059048096,101.93749237060547,22510500,QQQ
2015-08-14,101.69730334928371,102.24237089608042,101.49405543406841,102.09455871582031,17924900,QQQ
2015-08-17,101.84513621379331,102.97223339187063,101.58645955949561,102.94451904296875,21224900,QQQ
2015-08-18,102.80592262978709,102.88907271065152,102.2793289456757,102.41790771484375,13984400,QQQ
2015-08-19,102.10380800062244,102.64888268054524,101.15224447549993,101.7435073852539,42511400,QQQ
2015-08-20,100.80116303905113,101.12450877322715,98.91651026904302,98.92575073242188,57747300,QQQ
2015-08-21,97.53073420969902,98.36219968154293,94.60213470458984,94.60213470458984,97763400,QQQ
2015-08-24,87.05431066632626,94.72225457258457,78.2869769403824,90.96218872070312,150829900,QQQ
2015-08-25,94.29726029398071,94.91623738737175,90.54643588210355,90.6203384399414,75088300,QQQ
2015-08-26,93.27176880941633,95.36890941576887,91.39635697757237,95.18413543701172,104103800,QQQ
2015-08-27,96.5606997332036,97.66008235965752,95.41512888323356,97.59541320800781,69377700,QQQ
2015-08-28,97.0780403232821,97.92797958656658,96.86555198325723,97.57691955566406,49919600,QQQ
2015-08-31,97.03186402923097,97.56769816673166,96.12649591260731,96.36669158935547,39549400,QQQ
2015-09-01,93.96466362543447,95.42434646801635,92.96690519771465,93.35492706298828,73155500,QQQ
2015-09-02,95.04556997813148,96.00637365652379,93.955428020764,95.98789978027344,43963600,QQQ
2015-09-03,96.36667820297271,97.0226100877314,95.24882186006782,95.51673889160156,45131800,QQQ
2015-09-04,94.20488330528322,95.01786788481442,93.85381617561526,94.38041687011719,49379600,QQQ
2015-09-08,96.19112991192456,97.16116682524753,95.79387468597147,97.04106903076172,37343500,QQQ
2015-09-09,98.18668676743336,98.21440111425363,95.7015302925404,95.95097351074219,47146700,QQQ
2015-09-10,95.8400697103463,97.63233858494931,95.72921236859801,96.99488067626953,47686700,QQQ
2015-09-11,96.55146114422467,97.5307388305664,96.27430362434265,97.5307388305664,29106100,QQQ
2015-09-14,97.89103168636426,97.90951261205561,96.86555881114099,97.23509979248047,19718800,QQQ
2015-09-15,97.46608286644576,98.68556343174832,97.10578227090701,98.38069152832031,30020200,QQQ
2015-09-16,98.39915525678018,99.02737283505107,98.05732860223,98.93498229980469,31329100,QQQ
2015-09-17,98.83339785293511,100.45013407293287,98.51928543644776,98.97196960449219,56139800,QQQ
2015-09-18,97.4531277142031,98.72187526588995,97.39755712537873,97.56425476074219,48384000,QQQ
2015-09-21,98.10141245409102,98.67559488579013,96.99009936786416,97.86988830566406,35772600,QQQ
2015-09-22,96.36961727261733,96.70301263924661,95.50834708641786,96.40666198730469,47359700,QQQ
2015-09-23,96.66592168050458,96.92523455926322,95.9806124505262,96.48070526123047,21775100,QQQ
2015-09-24,95.54539974197338,96.4900223811171,94.71191125612819,96.12884521484375,38284300,QQQ
2015-09-25,97.15679530810404,97.24940355271526,94.72115678804728,95.31385803222656,44700000,QQQ
2015-09-28,94.9063729583068,94.97119943104623,92.3225628610256,92.60038757324219,44077500,QQQ
2015-09-29,92.8319190766253,93.77654154367276,91.45203715262747,92.11882781982422,49315500,QQQ
2015-09-30,93.43388690733642,94.3414646987378,93.07270979278802,94.23959350585938,41411400,QQQ
2015-10-01,94.40628248112716,94.67485132255716,93.15604651381886,94.66558837890625,39339100,QQQ
2015-10-02,93.35052677952035,96.32329559326172,93.05417619244955,96.32329559326172,59370900,QQQ
2015-10-05,97.03640296592452,97.96249958833734,96.82340469948123,97.70319366455078,32853500,QQQ
2015-10-06,97.47165167672293,97.79578402215681,96.48072875465067,97.24012756347656,33051500,QQQ
2015-10-07,97.85138960763679,98.03660613824914,96.58263446971316,97.82360076904297,37389300,QQQ
2015-10-08,97.45314080210996,98.37923733060245,96.50851838633636,98.21253967285156,50188900,QQQ
2015-10-09,98.25884453800279,98.84228989831121,97.99027568518014,98.65706634521484,23916200,QQQ
2015-10-12,98.84229413048568,99.08307416148638,98.49037289731227,98.89785766601562,16162000,QQQ
2015-10-13,98.33293952308689,99.3331255697312,98.16624184864618,98.25885009765625,26999600,QQQ
2015-10-14,98.25883699158848,98.74966700487424,97.69391756275434,98.10140228271484,30902600,QQQ
2015-10-15,98.46259292927849,99.72208490505898,98.33293996696783,99.71282196044922,38393800,QQQ
2015-10-16,99.92583523245523,100.18514117767894,99.44426099227654,100.12957763671875,27091100,QQQ
2015-10-19,99.99989191922194,100.76854655785199,99.77762369704851,100.70372009277344,23776300,QQQ
2015-10-20,100.5277625664472,100.74076077224476,99.84244617378718,100.18510437011719,23404700,QQQ
2015-10-21,100.69451222377974,100.79637637556449,99.5368911772087,99.57392883300781,30195200,QQQ
2015-10-22,100.46294844737189,101.68539550847069,100.17585373631431,101.60204315185547,42778700,QQQ
2015-10-23,104.33405572026598,104.87118642669604,103.78765500309105,104.44518280029297,53170900,QQQ
2015-10-26,104.3710786108892,104.71373687881704,103.97285681080504,104.50999450683594,25918000,QQQ
2015-10-27,104.23214675082056,104.87114842610117,104.20435792532628,104.72297668457031,31390500,QQQ
2015-10-28,104.88043749112151,105.5935287475586,104.03768621341243,105.5935287475586,42221900,QQQ
2015-10-29,105.11197225886649,105.60280236447606,105.00083811463989,105.42684173583984,24913300,QQQ
2015-10-30,105.47314830791686,105.6491089347384,104.92675466860736,104.95453643798828,27199200,QQQ
2015-11-02,105.23233782990961,106.26956840500057,105.01007665865984,106.1399154663086,22176900,QQQ
2015-11-03,105.92693057451872,106.89007192284751,105.76949584229217,106.5103759765625,20418400,QQQ
2015-11-04,106.86228107218469,106.93637049242626,106.07510041239689,106.51962280273438,28633000,QQQ
2015-11-05,106.61225461305139,106.87156055847822,105.67689496799852,106.23255157470703,25004100,QQQ
2015-11-06,106.02880118040888,106.42702301389383,105.3527545972839,106.30663299560547,29924900,QQQ
2015-11-09,105.9084054762986,106.04732137643903,104.52852355016438,105.17678833007812,33479800,QQQ
2015-11-10,104.62111549085756,105.01007429819023,104.3062390285727,104.908203125,35452100,QQQ
2015-11-11,105.19532039925603,105.70467640872472,104.60261907854176,104.77857971191406,22748800,QQQ
2015-11-12,104.35255839802288,104.86191432118764,103.68576775880933,103.75985717773438,31196900,QQQ
2015-11-13,103.32459278251906,103.43572691317505,101.66687909440314,101.72244262695312,52836000,QQQ
2015-11-16,101.62053311759016,103.20415667795271,101.38900908129938,103.18563079833984,33980600,QQQ
2015-11-17,103.3616376708866,103.99138361457716,102.99119763361755,103.25050354003906,30579500,QQQ
2015-11-18,103.66723222669928,105.33420149047792,103.56536105848699,105.23233032226562,32966500,QQQ
2015-11-19,105.28793106586447,105.78802410789645,105.10270749535812,105.30644989013672,26188100,QQQ
2015-11-20,105.80650310230712,106.10285363800214,105.70463194326626,106.0195083618164,22727600,QQQ
2015-11-23,106.05654882594447,106.44551465518428,105.26011248077837,105.71389770507812,20696200,QQQ
2015-11-24,105.02861377204555,105.87135796363253,104.50073195236962,105.6213150024414,26374400,QQQ
2015-11-25,105.77872416569238,105.90837708692088,105.4916365637656,105.71389770507812,14159900,QQQ
2015-11-27,105.94545106084159,106.07510401789325,105.50092158983853,105.86209869384766,8828000,QQQ
2015-11-30,106.17697411383601,106.17697411383601,105.25087753554797,105.5935287475586,25041600,QQQ
2015-12-01,106.01953082840288,106.64927673339844,105.8898708176031,106.64927673339844,28639400,QQQ
2015-12-02,106.73261736235592,107.19566559386288,105.83430266274355,105.99173736572266,22395500,QQQ
2015-12-03,106.27885450550549,106.46407101097874,103.57464689292112,104.19513702392578,42754300,QQQ
2015-12-04,104.50999816612573,106.80672080493508,104.29699990836468,106.6307601928711,40037300,QQQ
2015-12-07,106.70484934634428,106.769675824485,105.6398368635556,106.1491928100586,25892100,QQQ
2015-12-08,105.03786371503499,106.50109788607263,105.00081900703402,106.15843963623047,30792600,QQQ
2015-12-09,105.6954083461658,106.2788537588656,103.90804152523417,104.54705047607422,48509200,QQQ
2015-12-10,104.78780117380083,105.72316044564518,104.47292474744894,105.01932525634766,30154600,QQQ
2015-12-11,103.80617055638528,104.08400237881064,102.53742266234947,102.60224914550781,56022200,QQQ
2015-12-14,102.7411935537501,103.42650328944315,101.29647756820097,103.38019561767578,53098500,QQQ
2015-12-15,104.3340500574672,104.90822544792816,103.88025762013028,104.0099105834961,48428000,QQQ
2015-12-16,104.71372921538867,105.73243393518473,103.6209350811024,105.55648040771484,44944100,QQQ
2015-12-17,106.01953699440794,106.01953699440794,104.00064621676012,104.0191650390625,45668800,QQQ
2015-12-18,103.69591823588587,103.92814953747875,102.02385711669922,102.02385711669922,53746100,QQQ
2015-12-21,102.9899129745159,103.17569513185663,102.22819479000293,103.15711975097656,26432800,QQQ
2015-12-22,103.70521714174257,103.98389755911826,103.15715463127776,103.83526611328125,26540300,QQQ
2015-12-23,104.3740385308813,104.6805855551129,104.18825632130051,104.60626983642578,25656900,QQQ
2015-12-24,104.60624421185236,104.87563331075025,104.54121974571392,104.58766174316406,11468600,QQQ
2015-12-28,104.33686323191289,104.55051911564209,103.58443619559877,104.53193664550781,19183600,QQQ
2015-12-29,105.15428634655848,106.4083405179874,105.08926189291752,106.17610931396484,27725700,QQQ
2015-12-30,106.08323035271002,106.12038820253142,105.20075445264128,105.21932983398438,19520100,QQQ
2015-12-31,104.84779287929416,105.04286632642666,103.8909939426866,103.90957641601562,29886800,QQQ
2016-01-04,101.67084369837671,101.81018387304447,100.43537877039978,101.71729278564453,50807600,QQQ
2016-01-05,102.2189127735579,102.34896171285054,101.06704770247927,101.5407943725586,38795200,QQQ
2016-01-06,99.77585236786493,101.15065760184054,99.77585236786493,100.56543731689453,41891100,QQQ
2016-01-07,98.41963101532791,99.66439458133071,97.36065675842718,97.41639709472656,61386300,QQQ
2016-01-08,98.1223389142395,98.73543277679795,96.51530273596032,96.61748504638672,69344000,QQQ
2016-01-11,97.3048882933221,97.59285275929028,95.42846301688809,96.91474151611328,50024100,QQQ
2016-01-12,97.84367628663621,98.54037006750865,96.68251998518217,98.03874969482422,46734200,QQQ
2016-01-13,98.43820357449457,98.67972610843087,94.50884690020895,94.65747833251953,69870700,QQQ
2016-01-14,95.02903125524692,97.51855056284428,93.51487895481516,96.67322540283203,78445700,QQQ
2016-01-15,93.4684482127371,94.69462908879255,92.4373407616068,93.67280578613281,91443900,QQQ
2016-01-19,94.94541657995524,95.09404797110452,92.78101978450361,93.87715148925781,56563800,QQQ
2016-01-20,92.40015730140014,94.59242054611495,90.33794297059771,93.58917999267578,86675000,QQQ
2016-01-21,93.98864538394268,95.07548609029952,92.7253066341627,93.68209838867188,61660100,QQQ
2016-01-22,95.56781136933193,96.43171199249711,95.2426890030087,96.3945541381836,42229800,QQQ
2016-01-25,96.05082190008532,96.5988841083654,94.88037471444859,94.96398162841797,38881500,QQQ
2016-01-26,95.36343989852523,96.2273333086096,94.52740601619436,95.81861114501953,36143900,QQQ
2016-01-27,95.26127328148733,95.66999551242017,93.03185159032124,93.43128967285156,54524700,QQQ
2016-01-28,94.98258985257615,95.01974770639778,93.13403091955001,94.75035858154297,47641500,QQQ
2016-01-29,94.72249874851958,96.76613124515535,94.69463212794109,96.72897338867188,54245100,QQQ
2016-02-01,96.26449959137953,97.35134727719749,95.89293524413254,96.98906707763672,32750300,QQQ
2016-02-02,96.54317965043614,96.58033750247692,94.60172263233503,94.88969421386719,44928100,QQQ
2016-02-03,95.52136515006521,95.52136515006521,92.78103198428576,94.43452453613281,61572900,QQQ
2016-02-04,94.18370943828378,95.17765894970537,93.30123348326732,94.42523193359375,49321600,QQQ
2016-02-05,94.09081641498051,94.12797426635079,90.77455436688975,91.14612579345703,70749900,QQQ
2016-02-08,89.44619199181507,90.15217699903401,88.09924644599371,89.75273895263672,91673100,QQQ
2016-02-09,88.55444135031873,90.83030526403257,88.41510115236674,89.47407531738281,73778400,QQQ
2016-02-10,90.50514376328455,91.6755909984728,89.75271694137328,89.81774139404297,59421700,QQQ
2016-02-11,88.67516657820174,90.4029673904826,88.42435998351193,89.68769836425781,76839200,QQQ
2016-02-12,90.70023371818439,91.14612082317761,89.85491567879687,91.05322265625,49186500,QQQ
2016-02-16,92.40017041469521,93.10615539550781,91.82423436625133,93.10615539550781,40565900,QQQ
2016-02-17,93.7842753857289,95.34486980626656,93.54275288012037,95.2148208618164,41766500,QQQ
2016-02-18,95.51207178112523,95.53064716347893,94.00721067359352,94.12797546386719,38991500,QQQ
2016-02-19,93.67280268625605,94.694625955101,93.46844511962307,94.40665435791016,28257900,QQQ
2016-02-22,95.28913213903542,96.03226791746664,95.19624105262346,95.93937683105469,23979100,QQQ
2016-02-23,95.38202272342855,95.6421205988673,94.29518213514422,94.3602066040039,29869700,QQQ
2016-02-24,93.25479453450411,95.38203396233251,92.67885839450155,95.26127624511719,40739100,QQQ
2016-02-25,95.4563272034813,96.199462890625,94.60171088692066,96.199462890625,29389300,QQQ
2016-02-26,96.93332945465252,96.95191192481363,95.84648882571048,96.07872009277344,30925000,QQQ
2016-02-29,95.98583038043935,96.70109957491513,95.2148208618164,95.2148208618164,27553900,QQQ
2016-03-01,96.12517372318236,98.27098846435547,95.82791797078116,98.27098846435547,37699800,QQQ
2016-03-02,98.15023566905259,98.32672662995093,97.54643289847652,98.30815124511719,29209800,QQQ
2016-03-03,98.20595954171458,98.23382615987494,97.41637464958247,98.12235260009766,25474600,QQQ
2016-03-04,98.23383109110813,98.79118474370135,97.50927063402331,98.15951538085938,31655400,QQQ
2016-03-07,97.65791507790098,98.22456008274753,96.85903874605627,97.55573272705078,25861200,QQQ
2016-03-08,96.88686822618456,97.73218618522856,96.58032131358353,96.74752807617188,28898500,QQQ
2016-03-09,97.10982095556312,97.38849420501839,96.57104275129343,97.36991882324219,31047400,QQQ
2016-03-10,97.77865949822157,98.33601314927519,95.96725127337712,97.22130584716797,44236100,QQQ
2016-03-11,98.2709666434142,98.92121124267578,97.96441972356178,98.92121124267578,31454000,QQQ
2016-03-14,98.54966926374198,99.32067886655337,98.52180264219353,99.08844757080078,25374900,QQQ
2016-03-15,98.73543843520294,99.16274308186763,98.4196002520206,99.05126953125,26524600,QQQ
2016-03-16,98.80974801553825,100.19384418608657,98.78187431425883,99.93374633789062,31693100,QQQ
2016-03-17,99.64578235914439,100.11024486253528,99.27421802613996,99.87801361083984,29623700,QQQ
2016-03-18,100.1183708309046,100.28607358036301,99.50346548832844,100.0345230102539,37682300,QQQ
2016-03-21,99.85750902337688,100.51900127736499,99.80161047204643,100.42583465576172,17288600,QQQ
2016-03-22,99.85751730174967,100.96621938276758,99.83888681914755,100.7332992553711,18840300,QQQ
2016-03-23,100.53764918347203,100.61217822350804,99.68049769555367,99.90410614013672,20912900,QQQ
2016-03-24,99.41961790278394,99.95999425852476,99.25191514093879,99.93204498291016,19017300,QQQ
2016-03-28,100.21156606135767,100.23020365448458,99.61529102816009,99.79231262207031,13892300,QQQ
2016-03-29,99.60598078269658,101.46002326877391,99.43827798292038,101.39480590820312,29963900,QQQ
2016-03-30,102.00038454150278,102.52212334829328,101.6742906791006,101.88858032226562,23807200,QQQ
2016-03-31,101.81406863476697,102.19606114447421,101.58114845318737,101.73953247070312,21447200,QQQ
2016-04-01,101.12458588540099,102.85751190237035,100.984832411486,102.82024383544922,26389000,QQQ
2016-04-04,102.8202821525689,102.89481831418789,102.18673899512667,102.4289779663086,17163000,QQQ
2016-04-05,101.63701250673805,102.01900488672261,101.31092578489599,101.44136047363281,20107900,QQQ
2016-04-06,101.5438915241298,103.14638368671116,101.5438915241298,103.10911560058594,25056000,QQQ
2016-04-07,102.51281743922078,102.69915782803972,101.18983266532193,101.62772369384766,28567200,QQQ
2016-04-08,102.26127143194172,102.5035032861409,101.19915604611661,101.55319213867188,22898000,QQQ
2016-04-11,101.99109153446194,102.50351167550767,101.1712079357329,101.18052673339844,25772100,QQQ
2016-04-12,101.25504660654512,102.22399527122005,100.6401340064373,102.0283432006836,28564100,QQQ
2016-04-13,102.81093387496901,103.49106371544025,102.68049918361687,103.33267974853516,25356700,QQQ
2016-04-14,103.35132929433605,103.72400295615536,102.48486605157366,103.34201049804688,17199700,QQQ
2016-04-15,103.25816019532141,103.47244274775402,102.82026918623039,103.08113861083984,21353300,QQQ
2016-04-18,102.78302642801921,103.66812035212929,102.71780905580226,103.630859375,17126100,QQQ
2016-04-19,103.8264559540762,103.8264559540762,102.37302983786664,102.99726104736328,42481400,QQQ
2016-04-20,102.99729077071197,103.55629769604059,102.64324760174883,103.08113861083984,18078300,QQQ
2016-04-21,103.02522149836517,103.46311242860246,102.62459863752653,103.09043884277344,20216000,QQQ
2016-04-22,101.74883608233428,102.22399517212438,100.73330765413063,101.53455352783203,39074000,QQQ
2016-04-25,101.22709722807616,101.54386521583038,101.04075684572771,101.53455352783203,14351900,QQQ
2016-04-26,101.74883545784664,101.91653824685159,100.73330703587582,101.04075622558594,19118300,QQQ
2016-04-27,100.00657041981485,100.46309893229915,99.40098384818322,100.23017883300781,33059800,QQQ
2016-04-28,100.34200492080103,100.92896828981281,98.8233679936156,99.0190200805664,29818200,QQQ
2016-04-29,99.01901517886036,99.2239860526125,97.71466088893129,98.49727630615234,67502800,QQQ
2016-05-02,98.74880237880251,99.5686856698365,98.33886784144278,99.4289321899414,24813800,QQQ
2016-05-03,98.72087435176371,99.16808416204776,98.24571526111667,98.506591796875,38569400,QQQ
2016-05-04,97.91030021037965,98.27366214442972,97.63080032562479,97.87303924560547,27474500,QQQ
2016-05-05,98.22710820611837,98.44139792027838,97.64946354425437,97.8451156616211,20788100,QQQ
2016-05-06,97.36062737497238,98.38547466255076,97.26746073213056,98.3668441772461,30758500,QQQ
2016-05-09,98.3761511893949,99.10286802859784,98.32957142426783,98.6463394165039,19289600,QQQ
2016-05-10,99.00039349699804,100.0438713351984,98.82337188880635,99.9972915649414,21178900,QQQ
2016-05-11,99.84821835329504,100.1463558912973,99.06560998159894,99.09355926513672,20966300,QQQ
2016-05-12,99.32645837310757,99.44757427880417,97.95688690494636,98.65564727783203,29196300,QQQ
2016-05-13,98.57179671857325,99.17738333846425,98.0966376878693,98.29228973388672,21059300,QQQ
2016-05-16,98.44138694926593,99.88548778074426,98.34821319200437,99.52213287353516,18311900,QQQ
2016-05-17,99.43829021501419,99.72710897476165,98.01281268748627,98.27368927001953,29932700,QQQ
2016-05-18,98.05007149146515,99.15877376078618,97.8637382011642,98.62771606445312,27524400,QQQ
2016-05-19,98.24569958556644,98.48793849032661,97.39787408114238,98.11526489257812,27334600,QQQ
2016-05-20,98.50658046744962,99.59664492518826,98.45067480499468,99.1960220336914,29549600,QQQ
2016-05-23,99.30783701456046,99.66188021057908,98.97243852025956,99.06560516357422,15729800,QQQ
2016-05-24,99.61529785681113,101.17120290608875,99.58734857336393,101.05008697509766,29931300,QQQ
2016-05-25,101.43206953124991,102.08424310830986,101.25504794255127,101.77678680419922,37951700,QQQ
2016-05-26,101.87926858818983,102.2053553650349,101.63702965046551,102.07492065429688,21885900,QQQ
2016-05-27,102.14013962851209,102.61529871553647,102.12150914446507,102.6059799194336,19870000,QQQ
2016-05-31,102.74572955460069,102.96001920793523,102.27988928124239,102.80162811279297,24366100,QQQ
2016-06-01,102.48487205467168,103.04387902606531,102.40102420763432,102.81095886230469,19571500,QQQ
2016-06-02,102.60598511853516,103.03455735491988,102.04697816273591,103.0252456665039,15696600,QQQ
2016-06-03,102.82957437077039,102.87615412862277,101.86993753132867,102.5407485961914,20269900,QQQ
2016-06-06,102.72711123090704,103.18363276255157,102.5500896314664,102.91344451904297,12502400,QQQ
2016-06-07,102.9693253298927,103.07181075314472,102.60597050496574,102.65255737304688,12184300,QQQ
2016-06-08,102.82958984375,103.04387240006162,102.44759738782929,102.82958984375,14568700,QQQ
2016-06-09,102.41032276798143,102.77367760821555,102.21467070848293,102.66188049316406,17571600,QQQ
2016-06-10,101.73018878507925,101.92584082309034,101.14322556288838,101.49726867675781,32965000,QQQ
2016-06-13,100.91963278155328,101.48795846255994,100.51900987704298,100.64944458007812,25154700,QQQ
2016-06-14,100.37925637860297,101.01279941112722,99.91341612257509,100.64944458007812,24588500,QQQ
2016-06-15,100.89168382996701,101.03143732885923,100.1929234436641,100.36062622070312,24605700,QQQ
2016-06-16,99.86682551381371,100.75191906085993,99.2239637557156,100.65875244140625,32079900,QQQ
2016-06-17,100.45043401385867,100.59055973271228,99.24536423506179,99.4789047241211,29208800,QQQ
2016-06-20,100.63728472635404,101.11370225901925,100.03007794463969,100.10481262207031,20562800,QQQ
2016-06-21,100.2356099803109,100.62795640582348,100.04877325833428,100.42243957519531,22804100,QQQ
2016-06-22,100.47846647904423,101.0669931240437,100.09546374973273,100.17953491210938,22724200,QQQ
2016-06-23,100.9548694719521,101.62746713514252,100.53449949600267,101.60877990722656,18714200,QQQ
2016-06-24,97.99359887182052,99.48825670201958,97.20889905653432,97.42375946044922,68012700,QQQ
2016-06-27,96.77919240538563,96.77919240538563,95.0509939409681,95.49005126953125,48222600,QQQ
2016-06-28,96.54562978209263,97.62926099410399,96.49892596390637,97.58255004882812,28260600,QQQ
2016-06-29,98.34858988392038,99.51629256990365,98.30188605273601,99.31077575683594,31356700,QQQ
2016-06-30,99.47890492516377,100.52516888401641,99.1426060500715,100.45977783203125,36300800,QQQ
2016-07-01,100.41307409745879,101.33789963395162,100.3757067611983,100.9642333984375,19902800,QQQ
2016-07-05,100.4317726948464,100.57189843990834,99.80587865051525,100.34769439697266,21167900,QQQ
2016-07-06,99.87126933406743,101.21645785510246,99.55365052733063,101.16975402832031,24579300,QQQ
2016-07-07,101.26317216433792,101.69288587126321,100.99226430249762,101.46868896484375,19161700,QQQ
2016-07-08,102.01050189135422,103.09413338471106,101.84235242262959,103.0380859375,29457900,QQQ
2016-07-11,103.38371803095015,104.00960492826223,103.37438154144368,103.62660217285156,20218500,QQQ
2016-07-12,104.26181360627005,104.42996303880011,104.00958589393002,104.14971160888672,21906100,QQQ
2016-07-13,104.39258847408544,104.45797951958966,103.88814021144316,103.8974838256836,21107800,QQQ
2016-07-14,104.58879567558886,104.8036561105633,104.3459115158551,104.60748291015625,20871000,QQQ
2016-07-15,104.85032691592966,104.9063814748834,104.20576006822236,104.43930053710938,17999300,QQQ
2016-07-18,104.50472068457502,105.31743718128041,104.48603345069013,105.13060760498047,20713900,QQQ
2016-07-19,104.76628397443491,105.07455918686442,104.56076716614858,104.74759674072266,18936700,QQQ
2016-07-20,105.31742629052872,106.16751716709696,105.18664417522447,105.97134399414062,24997900,QQQ
2016-07-21,106.04608155089812,106.25159835923046,105.43888186985075,105.72846984863281,18885400,QQQ
2016-07-22,105.80320358889047,106.28896475482898,105.47624827267306,106.16752624511719,20003400,QQQ
2016-07-25,106.08343509238144,106.20488071446695,105.82187087110572,106.1768569946289,12968100,QQQ
2016-07-26,106.13951109302116,106.68131974918094,105.7658447898444,106.2983169555664,21223800,QQQ
2016-07-27,107.19509887316947,107.31653737803552,106.58789209465705,107.03629302978516,27646100,QQQ
2016-07-28,107.2044410901201,107.53139638902299,106.86814217493685,107.40995788574219,16939700,QQQ
2016-07-29,107.65283014112107,107.9330816004354,107.30719475200283,107.64349365234375,22385300,QQQ
2016-08-01,107.71824355128624,108.48425628833597,107.58746141035766,108.21334838867188,13990100,QQQ
2016-08-02,108.05453540670842,108.14795019735061,106.70000312466748,107.39128112792969,21278400,QQQ
2016-08-03,107.30719616558079,107.7555899538817,107.2418051078248,107.74624633789062,15011300,QQQ
2016-08-04,107.70887666063533,108.157270409523,107.45664894068214,108.05451202392578,12835300,QQQ
2016-08-05,108.60569237544036,109.33433770419471,108.48424673592028,109.0914535522461,23196600,QQQ
2016-08-08,109.1475024419878,109.17553329331075,108.62437391742539,108.97001647949219,12358200,QQQ
2016-08-09,109.05410239687558,109.56789450088935,108.98871132246406,109.22225189208984,13276500,QQQ
2016-08-10,109.28759853699398,109.31562225362157,108.6523681607731,108.94196319580078,14688400,QQQ
2016-08-11,109.31562809125921,109.64259047494726,109.09143121917631,109.40904998779297,12969800,QQQ
2016-08-12,109.22222330742926,109.49313115254671,109.10078480875896,109.4837875366211,19379000,QQQ
2016-08-15,109.62391141824332,110.20309443532163,109.58654408226177,109.95086669921875,11777800,QQQ
2016-08-16,109.7453407110352,109.75467719832331,109.32496358911581,109.3436508178711,14161400,QQQ
2016-08-17,109.37169124919406,109.57720803437407,108.76448450945965,109.53984069824219,15980300,QQQ
2016-08-18,109.43708135257818,109.72666929621496,109.25024467354594,109.56786346435547,10036300,QQQ
2016-08-19,109.37169124919406,109.78271769246345,109.07275968722966,109.53984069824219,18743000,QQQ
2016-08-22,109.38104010659414,109.81076095715775,109.17553042526595,109.6239242553711,14500600,QQQ
2016-08-23,110.05363941190893,110.2404761161285,109.77339504621688,109.82009887695312,11997900,QQQ
2016-08-24,109.74536846306638,109.89483069545645,108.74581528458138,109.11013793945312,17728700,QQQ
2016-08-25,108.8298892995207,109.26894664561307,108.69910717010062,108.93264770507812,24266300,QQQ
2016-08-26,108.97001503981754,109.80141877412356,108.43754290518231,109.0914535522461,23896000,QQQ
2016-08-29,109.11947538309458,109.53050899817062,109.10079527654177,109.24092102050781,11184900,QQQ
2016-08-30,109.06339543605631,109.38100704244754,108.51224336834589,108.88590240478516,19843300,QQQ
2016-08-31,108.7177796576273,108.88592911611022,108.31608968053426,108.77383422851562,16169800,QQQ
2016-09-01,108.8111849189589,109.18484398989355,108.2787129030781,109.05406188964844,20944700,QQQ
2016-09-02,109.59587952668038,109.82007639876328,108.9980164497326,109.40904998779297,18088200,QQQ
2016-09-06,109.59587585394425,110.09098052978516,109.35299175985801,110.09098052978516,18525200,QQQ
2016-09-07,110.19374703440502,110.34321637319701,109.73600965676269,110.15637969970703,17546900,QQQ
2016-09-08,109.82941429833801,109.85743801500377,109.22220763791773,109.51180267333984,20125300,QQQ
2016-09-09,108.59635069859566,108.83923485488354,106.73737000265267,106.75605010986328,50813300,QQQ
2016-09-12,106.15818314995242,108.82054377664907,106.14883953313134,108.67108154296875,39646000,QQQ
2016-09-13,108.12925285470315,108.44686451767895,107.17641073868522,107.69953918457031,45863900,QQQ
2016-09-14,107.81166547517135,108.80187514994262,107.78363462175052,108.21334838867188,28221800,QQQ
2016-09-15,108.24135750186848,110.06297061828364,108.2320138859382,109.89482116699219,38521400,QQQ
2016-09-16,109.77683707088121,109.95477485313778,109.29921873926764,109.84239196777344,27596500,QQQ
2016-09-19,110.12332609494125,110.46046756821936,109.1493697776346,109.36476135253906,16222900,QQQ
2016-09-20,109.75808315255487,110.02030983761163,109.38348789236699,109.57078552246094,18078600,QQQ
2016-09-21,110.03906085286363,110.80699273642185,109.39287174104638,110.64778900146484,31546800,QQQ
2016-09-22,111.29397339356764,111.64984897940082,111.1815976464189,111.5280990600586,22614400,QQQ
2016-09-23,111.44380786279598,111.44380786279598,110.65714911922173,110.81635284423828,22213400,QQQ
2016-09-26,110.18887830776016,110.3199880751322,109.72998697701156,109.88919067382812,16403900,QQQ
2016-09-27,109.81430932367122,111.03175855469635,109.7112934543989,110.97557067871094,20238400,QQQ
2016-09-28,111.11602095972569,111.22839668484157,110.59157471104622,111.162841796875,14794300,QQQ
2016-09-29,110.9755551511234,111.18158686084031,109.87984885302632,110.35746002197266,27207500,QQQ
2016-09-30,110.6477658499715,111.50934638882208,110.53538298383795,111.18157196044922,25543200,QQQ
2016-10-03,111.04112681289688,111.16286959386395,110.59160236518613,111.02239990234375,19216400,QQQ
2016-10-04,111.3501583965112,111.59365106834598,110.43238272264027,110.85381317138672,21239700,QQQ
2016-10-05,111.18158408422778,111.60300737452599,111.13475609866245,111.24713897705078,14481300,QQQ
2016-10-06,111.10666716690018,111.42508176419386,110.64778289648198,111.19095611572266,11987100,QQQ
2016-10-07,111.2939347650538,111.4531455931686,110.40426039916058,110.94743347167969,19984200,QQQ
2016-10-10,111.51868579335022,111.89328810940188,111.47185782448942,111.64979553222656,19687300,QQQ
2016-10-11,111.55617947935595,111.57490638542937,109.57079162306479,110.05776977539062,27774400,QQQ
2016-10-12,110.16081419213639,110.33875199824476,109.62700791876014,109.96414947509766,14267800,QQQ
2016-10-13,109.2149171673038,109.8704660175792,108.57809522205916,109.57078552246094,22821000,QQQ
2016-10-14,110.11392940057917,110.55408657381217,109.63631128228964,109.70186614990234,21313300,QQQ
2016-10-17,109.60825337271987,109.85174602311695,109.26174487580661,109.4022216796875,14182700,QQQ
2016-10-18,110.70396464629847,110.89126944169037,110.320002319403,110.37619018554688,19276700,QQQ
2016-10-19,110.29189937217551,110.52602500373692,110.17015661594458,110.3668212890625,13702900,QQQ
2016-10-20,110.25444419550671,110.47920279844155,109.59888814827161,110.23571014404297,18132200,QQQ
2016-10-21,110.32001450450977,110.71334390085586,109.95477904433868,110.64778900146484,15707800,QQQ
2016-10-24,111.35951976985936,112.05252964457317,111.34078571800511,111.97760772705078,19143000,QQQ
2016-10-25,112.04315788373704,112.0618919347996,111.45316388431266,111.62173461914062,20341800,QQQ
2016-10-26,110.90062013566258,111.47188721062578,110.53538474608897,110.8631591796875,20463700,QQQ
2016-10-27,111.34079058382243,111.43443941234439,110.19825629899054,110.35746002197266,19099800,QQQ
2016-10-28,110.03904640776372,110.61031351815726,109.32730248998786,109.66444396972656,35369300,QQQ
2016-10-31,110.06715945096848,110.06715945096848,109.50525926882487,109.56144714355469,18749400,QQQ
2016-11-01,109.74875989294452,109.76748680422398,107.79146542411331,108.73733520507812,23498700,QQQ
2016-11-02,108.66238157473956,108.91524124542495,107.59476931949362,107.8663558959961,26960100,QQQ
2016-11-03,107.68843597508102,108.04431154907184,106.68637844164282,106.8081283569336,36205200,QQQ
2016-11-04,106.5458855531261,107.26699647436864,106.2462050409719,106.43350982666016,26997500,QQQ
2016-11-07,108.15670420450874,109.07448007389894,107.97877353463912,108.96209716796875,26591200,QQQ
2016-11-08,108.84967806029996,110.1701427406286,108.59681840888943,109.67379760742188,20777900,QQQ
2016-11-09,108.39079646336775,110.3574502683018,108.25968668603528,110.17951965332031,70234400,QQQ
2016-11-10,110.71333179739355,110.86316848892898,106.94858757265769,108.4001693725586,72825400,QQQ
2016-11-11,107.93192692674161,108.68113188052465,107.54795742306712,108.44700622558594,41115200,QQQ
2016-11-14,108.47507980277022,108.57809564320544,106.78937254559992,107.35127258300781,35906000,QQQ
2016-11-15,108.16602627762488,109.21491152886128,108.00682258576958,108.8403091430664,31796600,QQQ
2016-11-16,108.32523543205559,109.56141836605397,108.32523543205559,109.48650360107422,16538100,QQQ
2016-11-17,109.43031106973514,110.30125864371284,109.2055524798222,110.28253173828125,20598600,QQQ
2016-11-18,110.41366428167437,110.60096195440362,109.76747516434648,109.87049102783203,16428700,QQQ
2016-11-21,110.14205293019786,111.11601632864193,110.10459197507156,111.01300048828125,20268500,QQQ
2016-11-22,111.45315927435927,111.62173000221476,111.07855686301961,111.35014343261719,18850600,QQQ
2016-11-23,110.98489317315229,111.10663590392038,110.41362618002877,110.90060424804688,22926000,QQQ
2016-11-25,111.03172688501735,111.30331344972964,110.90061711514888,111.2564926147461,7162800,QQQ
2016-11-28,111.11602209239979,111.51871844971276,110.89126349493002,111.0036392211914,13479000,QQQ
2016-11-29,111.1066577767603,111.92141753676216,110.78825035132448,111.38761138916016,18553000,QQQ
2016-11-30,111.52809829914824,111.565559262925,110.00160153622323,110.0390625,30405300,QQQ
2016-12-01,110.00159285683627,110.01095988327845,107.96938396069336,108.13795471191406,39796600,QQQ
2016-12-02,108.2035186967914,108.78415292087193,107.90383812999623,108.35335540771484,32876800,QQQ
2016-12-05,108.9152205885343,109.6269571937455,108.41886836668378,109.1961669921875,21419700,QQQ
2016-12-06,109.50524778713525,109.64572460417918,108.9995355327457,109.45841979980469,27293300,QQQ
2016-12-07,109.23363616273984,110.9848981715906,108.90586176133625,110.84442138671875,26622400,QQQ
2016-12-08,110.89126286585899,111.3220531522935,110.67586415016825,111.04109954833984,18578400,QQQ
2016-12-09,111.45315651899976,111.94950166515173,111.4437894940875,111.91204071044922,21863100,QQQ
2016-12-12,111.41573146884883,111.64049012454757,110.94748010158962,111.40636444091797,23259300,QQQ
2016-12-13,111.74346874279324,113.41980893610014,111.74346874279324,112.81108093261719,54477900,QQQ
2016-12-14,112.95155245366851,113.31678780972399,112.24917566972394,112.57695007324219,28746000,QQQ
2016-12-15,112.72678888557917,113.41979861442788,112.45520235043469,112.7548828125,22762300,QQQ
2016-12-16,113.03198859203118,113.2574190307124,112.11150604868449,112.33692932128906,26283900,QQQ
2016-12-19,112.4496464880355,113.49223899524266,112.28997196576186,112.79717254638672,21138700,QQQ
2016-12-20,113.15408931465048,113.43586659091939,113.02259181917645,113.22923278808594,11461800,QQQ
2016-12-21,113.27621187391556,113.35135536047868,112.89111404591486,113.14471435546875,7079300,QQQ
2016-12-22,113.15409164584847,113.18226865744826,112.38388894245743,112.82534790039062,16645000,QQQ
2016-12-23,112.63750240934513,112.94746390540973,112.53418191065693,112.90049743652344,9007500,QQQ
2016-12-27,113.14471060883402,114.14033669155594,113.09775130584505,113.48284912109375,16110600,QQQ
2016-12-28,113.72705285379529,113.83037334469566,112.52478586812902,112.59992218017578,17975200,QQQ
2016-12-29,112.57175172276071,112.83474674543056,112.08333341867053,112.44025421142578,13267500,QQQ
2016-12-30,112.65628652311308,112.66567408358372,110.96559404842876,111.28495025634766,41749000,QQQ
2017-01-03,112.02696354162623,112.7032404995524,111.67004277653248,112.28057098388672,22307600,QQQ
2017-01-04,112.40270298074701,113.09776957157969,112.39331541827933,112.89112854003906,19749100,QQQ
2017-01-05,112.80654185654423,113.604921454106,112.80654185654423,113.52978515625,20644300,QQQ
2017-01-06,113.65191314591665,114.82600315775464,113.3607411161254,114.52543640136719,24074300,QQQ
2017-01-09,114.6193614675116,115.1077869224495,114.54421798735551,114.9011459350586,18909200,QQQ
2017-01-10,114.94809840477161,115.50227258039496,114.68510340593053,115.15473937988281,16176600,QQQ
2017-01-11,115.2017190213685,115.46471405029297,114.60997304021137,115.46471405029297,20686000,QQQ
2017-01-12,115.05142163145679,115.36138310150312,114.21547015120561,115.28623962402344,19622500,QQQ
2017-01-13,115.34261708495576,115.87800189688399,115.34261708495576,115.68075561523438,16930800,QQQ
2017-01-17,115.38016547566103,115.55862944329199,114.99506769391833,115.33320617675781,14538500,QQQ
2017-01-18,115.5022673055385,115.68073126063452,115.21109530812998,115.5680160522461,12499700,QQQ
2017-01-19,115.7371115342552,116.14099883166526,115.26747547522386,115.51168823242188,12710700,QQQ
2017-01-20,116.01887433488265,116.31005352793515,115.45531256786505,115.76527404785156,22091000,QQQ
2017-01-23,115.69011504111465,116.02825348915877,115.12655334973303,115.85918426513672,17434200,QQQ
2017-01-24,116.08461975463791,116.8172579134058,115.88737350014995,116.6387939453125,17640900,QQQ
2017-01-25,117.37143010560737,117.84106611299188,117.26810961069664,117.8128890991211,15036200,QQQ
2017-01-26,117.9725693009224,118.17921030069148,117.72835655882467,117.93499755859375,16052200,QQQ
2017-01-27,118.18858503047925,118.27311606185837,117.7753031008677,118.16040802001953,15053000,QQQ
2017-01-30,117.76592688272503,117.76592688272503,116.59183682188485,117.23993682861328,25006700,QQQ
2017-01-31,116.8266477228067,117.03328870750865,116.3288347138847,117.00511169433594,19091100,QQQ
2017-02-01,117.83167138634269,118.04770710281335,117.27750433734583,117.8128890991211,22861900,QQQ
2017-02-02,117.60624371793159,118.0664849814817,117.27749995825293,117.70956420898438,15101400,QQQ
2017-02-03,117.8316632730139,118.16980174833428,117.7189552252913,118.04769897460938,16957200,QQQ
2017-02-06,117.85046013622775,118.20738091992199,117.7377449153406,118.1885986328125,11630100,QQQ
2017-02-07,118.43279256209175,118.86486395001224,118.32008451835252,118.62065124511719,17541100,QQQ
2017-02-08,118.46098085030685,118.98697084888057,118.23555042285274,118.81790161132812,12569100,QQQ
2017-02-09,118.94002322891083,119.5129797821647,118.8742744686724,119.24998474121094,17542700,QQQ
2017-02-10,119.51295746013824,119.81352418881526,119.30631649053353,119.64445495605469,13915700,QQQ
2017-02-13,120.01077112382552,120.47101236218357,119.96381182705696,120.32073974609375,19120200,QQQ
2017-02-14,120.3676967004486,120.73401219387331,119.98259892077903,120.72462463378906,16333500,QQQ
2017-02-15,120.64010392242083,121.49484492428854,120.57434799974455,121.4384765625,17891400,QQQ
2017-02-16,121.51358693480722,121.75780677288137,121.09091749556751,121.40087890625,15098300,QQQ
2017-02-17,121.222456317345,121.93631229407711,121.20366686212705,121.92691040039062,15563700,QQQ
2017-02-21,122.16169967304637,122.6031586077479,122.09595809349064,122.52801513671875,18479600,QQQ
2017-02-22,122.41530718795342,122.65951271986738,122.20866622550633,122.57498168945312,12110900,QQQ
2017-02-23,122.76283838922441,122.76283838922441,121.62632737988658,122.11473846435547,17489000,QQQ
2017-02-24,121.56058615119596,122.34957122802734,121.52302157560331,122.34957122802734,18624500,QQQ
2017-02-27,122.1241519666323,122.50924260212193,121.91751097580682,122.4998550415039,12008700,QQQ
2017-02-28,122.47167155029669,122.52802557533165,121.78600702544983,122.1241455078125,16598600,QQQ
2017-03-01,122.90377958981193,123.6833629446613,122.66896152741806,123.45794677734375,25813800,QQQ
2017-03-02,123.42972808145936,123.44850320095848,122.68769522882766,122.83798217773438,19951400,QQQ
2017-03-03,122.75346167258866,123.10098773111088,122.42471073517598,123.06342315673828,13722700,QQQ
2017-03-06,122.65951050661657,122.99764895432395,122.30259694059035,122.79100799560547,12026200,QQQ
2017-03-07,122.54681653041597,123.11977301221857,122.36835256084832,122.58438110351562,15500900,QQQ
2017-03-08,122.65955375605468,123.18554389747302,122.53745811532599,122.80045318603516,15776000,QQQ
2017-03-09,122.77222966186727,123.06340164184891,122.23683782862282,122.89432525634766,20855300,QQQ
2017-03-10,123.45793143889539,123.60821841987347,122.87558730279947,123.41096496582031,21922600,QQQ
2017-03-13,123.36393110180731,123.64571545416995,123.29818954113962,123.61753845214844,10731600,QQQ
2017-03-14,123.33576790208939,123.38273435476368,122.81916558697036,123.31697845458984,14019700,QQQ
2017-03-15,123.5705821935314,124.36896886903054,123.17608980055552,124.07779693603516,22709100,QQQ
2017-03-16,124.31267243840495,124.31267243840495,123.71153884704026,123.9933090209961,18457300,QQQ
2017-03-17,124.14764627418606,124.27941727880275,123.88410426495265,123.94999694824219,21234500,QQQ
2017-03-20,123.91234296387287,124.34531305378577,123.7335221661316,124.06294250488281,10105200,QQQ
2017-03-21,124.53354472821499,124.64648719340414,122.10518119291798,122.18048095703125,35841900,QQQ
2017-03-22,122.21816292116844,123.13115299936003,122.05814191359866,123.0087890625,29177900,QQQ
2017-03-23,122.84878834791921,123.18763019084376,122.49111796873076,122.69818878173828,20311700,QQQ
2017-03-24,123.0934791163588,123.57349898761302,122.48168823954677,122.95230102539062,22967600,QQQ
2017-03-27,122.07697425108498,123.36646326671348,121.79460365982504,123.14997100830078,18472400,QQQ
2017-03-28,123.149970647729,124.27003156053618,122.87702150622133,123.9029541015625,23721900,QQQ
2017-03-29,123.98766278057836,124.52416834643195,123.85589175138072,124.47710418701172,13710000,QQQ
2017-03-30,124.43003861557105,124.81594461168669,124.31709612381619,124.68417358398438,16092400,QQQ
2017-03-31,124.50534372409903,124.93831389762455,124.36416560336544,124.59947204589844,19841400,QQQ
2017-04-03,124.70302039345839,125.00420520292752,123.82767286819329,124.52418518066406,23700300,QQQ
2017-04-04,124.16648968421099,124.7406379221118,124.1194255279311,124.72180938720703,13400000,QQQ
2017-04-05,124.90062976552919,125.6347845582269,123.97823273197916,124.21353912353516,32011200,QQQ
2017-04-06,124.33588927829199,124.60883834301652,123.9593904763055,124.27940368652344,18832200,QQQ
2017-04-07,124.24177474156488,124.5900236052398,123.7711619584529,124.21353912353516,16743100,QQQ
2017-04-10,124.335896994074,124.77827413763477,123.92175546716932,124.2605972290039,15619300,QQQ
2017-04-11,124.14763918382411,124.33589577563535,122.82992921291462,123.72409057617188,33778400,QQQ
2017-04-12,123.70523947941264,123.80877484123823,123.09344875350801,123.2252197265625,15955200,QQQ
2017-04-13,123.05582928771274,123.78056259533659,122.71698752704592,122.73580169677734,23683000,QQQ
2017-04-17,123.08407247909416,123.77116312757836,123.03700832794593,123.75233459472656,13325500,QQQ
2017-04-18,123.33819523111677,123.92176486417175,123.25348837472521,123.56409454345703,12841100,QQQ
2017-04-19,124.10059868083286,124.51472587269524,123.59232882406125,123.76175689697266,17764800,QQQ
2017-04-20,124.26058994666647,125.07004442127953,124.07234772600407,124.79708099365234,21977900,QQQ
2017-04-21,124.91000648847076,124.95705626036575,124.44880095585049,124.76881408691406,22454900,QQQ
2017-04-24,126.15246975175049,126.39718324468464,125.93599187869476,126.27483367919922,22469900,QQQ
2017-04-25,126.6889872124661,127.41372067370973,126.57603036032624,127.18783569335938,19384400,QQQ
2017-04-26,127.23489531273111,127.54550154665773,126.93371052835624,127.0090103149414,25398500,QQQ
2017-04-27,127.31958568605128,127.77136993408203,127.24428591771911,127.77136993408203,16136500,QQQ
2017-04-28,128.27963250053477,128.3266966535862,127.79020552229652,127.99727630615234,22771900,QQQ
2017-05-01,128.4208126886601,129.30556697841877,128.36434145517964,129.13613891601562,24815500,QQQ
2017-05-02,129.2961288714522,129.40908568582014,128.96670859794204,129.35260009765625,18345100,QQQ
2017-05-03,129.0609177416256,129.10798191883936,128.59030469342892,128.93856811523438,23827600,QQQ
2017-05-04,128.9197021049588,129.35265794076946,128.53379607071767,128.98558044433594,14630100,QQQ
2017-05-05,129.31498340512348,129.45616149902344,128.83496352390088,129.45616149902344,19330700,QQQ
2017-05-08,129.52207800375783,129.73855590820312,129.258535938703,129.73855590820312,13279900,QQQ
2017-05-09,129.93618796021426,130.48210049387015,129.8232311298966,130.19032287597656,28426100,QQQ
2017-05-10,130.26560974121094,130.3126738908743,129.8044184156113,130.26560974121094,20499400,QQQ
2017-05-11,129.90794306298582,130.19972066003592,129.3055593381841,130.1620635986328,27232100,QQQ
2017-05-12,130.21856628287208,130.48210829944207,130.10560944579726,130.45387268066406,19738600,QQQ
2017-05-15,130.5103707014913,130.94332651958038,130.38800675369993,130.86802673339844,20481300,QQQ
2017-05-16,131.20686960657457,131.43276896687027,130.82097794710577,131.4139404296875,21786000,QQQ
2017-05-17,130.36916467064802,130.61389254080234,128.05375752448978,128.0725860595703,55642200,QQQ
2017-05-18,128.025516344162,129.62559706939305,127.88432388013472,129.192626953125,41319900,QQQ
2017-05-19,129.65384903628524,130.28446857494964,129.56914216436735,129.73855590820312,36730100,QQQ
2017-05-22,130.03033564372404,130.89627599906473,129.98328584433943,130.83038330078125,19509700,QQQ
2017-05-23,131.21626261555107,131.2256697011206,130.62328589952884,130.96212768554688,19687500,QQQ
2017-05-24,131.35742814294488,131.6303915799385,130.99035077337106,131.5644989013672,15891900,QQQ
2017-05-25,132.0633731741535,133.02342739136625,131.78100259709515,132.68458557128906,23928600,QQQ
2017-05-26,132.712820559365,132.97636260017117,132.53398538268283,132.91989135742188,13851600,QQQ
2017-05-30,132.85400173325178,133.19284355953408,132.76929486717233,133.0328369140625,20306400,QQQ
2017-05-31,133.50340988468312,133.50340988468312,132.30806394405448,132.98573303222656,33229400,QQQ
2017-06-01,133.25870451547965,133.55988919935385,132.69396348551922,133.50341796875,20120700,QQQ
2017-06-02,133.9740766176265,135.05649490232167,133.75759870547384,135.02825927734375,37222900,QQQ
2017-06-05,135.01884379692873,135.23532171865193,134.81177296329207,135.00001525878906,15727500,QQQ
2017-06-06,134.83998550309727,135.28236272085587,134.2658372648551,134.4635009765625,22393000,QQQ
2017-06-07,134.8399857714492,135.10352781294083,134.21878773762694,134.99058532714844,18842400,QQQ
2017-06-08,135.29176626425428,135.34823749956445,134.39759049863576,135.1317596435547,25417400,QQQ
2017-06-09,135.2917481223811,135.44233327569492,129.99264436960252,131.7527313232422,109783700,QQQ
2017-06-12,130.64207870779762,131.28210503861126,129.39024729516163,131.0467987060547,104454000,QQQ
2017-06-13,131.7809931465084,132.2986701069965,131.09390246911315,132.1104278564453,51193000,QQQ
2017-06-14,132.6469401681399,132.6469401681399,130.4727109488973,131.5363006591797,60093800,QQQ
2017-06-15,130.2091671431597,131.09392164835063,129.4091338707803,130.95274353027344,55145200,QQQ
2017-06-16,130.88475943194393,130.97914417013013,129.9032243998174,130.38455200195312,48087400,QQQ
2017-06-19,131.64928078954975,132.6874412159642,131.45107854026423,132.56475830078125,39626500,QQQ
2017-06-20,132.4325487677096,132.60242396418215,131.47931216166424,131.52650451660156,40935100,QQQ
2017-06-21,131.82861079887905,132.89509835406454,131.74367313548265,132.82904052734375,35743400,QQQ
2017-06-22,133.03666968713637,133.28204994876344,132.45150998464837,132.79127502441406,24099100,QQQ
2017-06-23,132.6402236235311,133.47076332768782,132.2721461457509,133.30088806152344,21654300,QQQ
2017-06-26,134.06531990711758,134.29182020176626,132.3853755167344,132.67794799804688,34411100,QQQ
2017-06-27,132.177776126187,132.33821867832611,130.26188381387357,130.2713165283203,65957800,QQQ
2017-06-28,130.75262538390743,132.26269474151786,129.9976051061909,132.14944458007812,57427200,QQQ
2017-06-29,131.60205019142137,131.60205019142137,128.59135846699238,129.8560333251953,88769400,QQQ
2017-06-30,130.2240832456638,130.87530036518618,129.47849580804697,129.9031982421875,68898300,QQQ
2017-07-03,130.49776694642173,130.64876230857914,128.44974563612234,128.53468322753906,32797000,QQQ
2017-07-05,128.94055579850516,130.14860557103208,128.50642056208196,129.79940795898438,42116600,QQQ
2017-07-06,128.80842697918962,129.35582678752746,128.16665683215936,128.6291046142578,48430500,QQQ
2017-07-07,129.06324181825494,130.36567621606702,129.0538091056215,130.01646423339844,36970400,QQQ
2017-07-10,130.10142310778323,131.17734284930208,129.77109093406105,130.8658905029297,24853500,QQQ
2017-07-11,130.6771457300412,131.3944208138787,130.18637098789455,131.23397827148438,31517700,QQQ
2017-07-12,132.35713960760498,132.94228490899775,132.09287951013116,132.79127502441406,36045800,QQQ
2017-07-13,132.95170175414657,133.40473135381345,132.69688880556419,133.08383178710938,31073600,QQQ
2017-07-14,133.67833276731076,134.3012372402795,133.2536304088625,134.13134765625,34544800,QQQ
2017-07-17,134.2729230936523,134.66931291683858,133.94259104045537,134.19741821289062,25343200,QQQ
2017-07-18,134.10311856512118,135.12241350025556,133.67841594242168,135.09410095214844,25748500,QQQ
2017-07-19,135.49045086322224,136.0850429994018,135.4338257837934,135.8868408203125,33752300,QQQ
2017-07-20,136.2360517474224,136.320989365902,135.45270455223815,136.066162109375,36139400,QQQ
2017-07-21,135.5659544239231,136.00953674316406,135.2922617423708,136.00953674316406,39697100,QQQ
2017-07-24,135.9906465826792,136.72680135418423,135.8302040710524,136.63243103027344,26712700,QQQ
2017-07-25,136.17941619441316,136.6041331012353,135.91515621746396,136.28323364257812,28120900,QQQ
2017-07-26,136.6229891995481,136.80231154332526,136.40592160496467,136.726806640625,18610600,QQQ
2017-07-27,137.62339958476255,137.75552954619076,134.3012563246003,135.86795043945312,80665900,QQQ
2017-07-28,135.056304583204,135.98121440726794,134.83922259506946,135.75469970703125,38013200,QQQ
2017-07-31,136.14173189444963,136.31160721236418,134.88648924139883,135.17906188964844,33848600,QQQ
2017-08-01,135.6415036347762,135.67924889932027,135.0752238589646,135.49049377441406,20149400,QQQ
2017-08-02,136.36815967965995,136.39647221457466,134.59383068588022,135.85850524902344,41769700,QQQ
2017-08-03,135.990636394495,136.06614128861924,135.08460646717643,135.32998657226562,27112800,QQQ
2017-08-04,135.63204842460883,135.8774286061818,135.01857636904055,135.57540893554688,29472900,QQQ
2017-08-07,135.82074670369713,136.4342041015625,135.63199168905274,136.4342041015625,17933900,QQQ
2017-08-08,136.16997542523256,137.2930874613654,135.81133073441023,136.1982879638672,30810400,QQQ
2017-08-09,135.0751769767534,136.08503886619047,134.7637246482659,136.0189666748047,36169500,QQQ
2017-08-10,135.2450833028982,135.33945364369774,132.97054639361042,133.10267639160156,63331700,QQQ
2017-08-11,133.28197878985475,134.40509080503955,132.97995918193487,134.11251831054688,45862500,QQQ
2017-08-14,135.1789954721796,136.0472802730173,135.14125022044232,135.8396453857422,34161000,QQQ
2017-08-15,136.1793552596421,136.18880236957725,135.5658979593121,135.93397521972656,25509200,QQQ
2017-08-16,136.27381562830826,136.81178275439538,135.71698307403892,136.1699981689453,31913000,QQQ
2017-08-17,135.64153766775252,135.84917267757365,133.38587951660156,133.38587951660156,70191000,QQQ
2017-08-18,133.46133254080252,134.20692022155458,132.74404300372916,133.29144287109375,60751900,QQQ
2017-08-21,133.28199404833939,133.57456657632656,132.30044461131686,133.12155151367188,37111500,QQQ
2017-08-22,133.83884367209228,135.29228818549706,133.79165129678336,135.1507110595703,36294200,QQQ
2017-08-23,134.47118559501163,134.97139310731566,134.37681524238516,134.6693878173828,25702300,QQQ
2017-08-24,134.97135963793895,135.12236944600465,133.51792983829858,134.27296447753906,38160800,QQQ
2017-08-25,134.79201867802806,135.1317690613303,133.81046956709585,133.9897918701172,26380400,QQQ
2017-08-28,134.39565847635382,134.71655794534243,133.97095595694697,134.4051055908203,15362100,QQQ
2017-08-29,133.25367963281784,135.16013899626418,133.1309823546434,134.93362426757812,24498300,QQQ
2017-08-30,135.04684041736445,136.74566445190766,134.96190281590864,136.51914978027344,33642700,QQQ
2017-08-31,136.9061359477635,137.99150277806032,136.8306310412229,137.9820556640625,38480700,QQQ
2017-09-01,138.16139717188452,138.35015226386116,137.42524223241233,137.79331970214844,22293600,QQQ
2017-09-05,137.3875314716981,137.6801040978888,135.52826382664108,136.55699157714844,44794300,QQQ
2017-09-06,136.90612629735432,137.28365080344597,135.98121645933273,136.97219848632812,30722700,QQQ
2017-09-07,137.22703387926913,137.6423037036737,136.7928986272751,137.29310607910156,22721100,QQQ
2017-09-08,137.11375979483188,137.17983198314042,135.96233526474902,136.10391235351562,27890100,QQQ
2017-09-11,137.17041630009973,137.90657124688386,137.13267104176566,137.67062377929688,27126300,QQQ
2017-09-12,138.05764745413632,138.1803448046177,137.34980471107733,138.0010223388672,30256700,QQQ
2017-09-13,137.76500995856168,138.2085923543226,137.53849520293141,138.18971252441406,28450900,QQQ
2017-09-14,137.65172830750805,138.06698366291354,137.29308362670284,137.37802124023438,35296400,QQQ
2017-09-15,137.3497071862783,138.3501219152842,137.1231924849405,137.84991455078125,46422400,QQQ
2017-09-18,138.00982018119063,138.44490575727784,137.2531326714488,137.6693115234375,24858200,QQQ
2017-09-19,137.9151998200217,138.1043680495125,137.44227202998934,137.90574645996094,20871200,QQQ
2017-09-20,137.85843896558117,138.00977930923247,136.42073456611305,137.4801025390625,34236200,QQQ
2017-09-21,137.38552523409186,137.39497859430602,136.15591007352958,136.6383056640625,28841800,QQQ
2017-09-22,136.20323961668637,136.70454205233307,136.0613670151315,136.50592041015625,21702400,QQQ
2017-09-25,135.9667822420183,136.04245244404942,134.40612581889516,135.06822204589844,54947700,QQQ
2017-09-26,135.75864517006073,136.0140302082491,134.945208824351,135.4181365966797,29628800,QQQ
2017-09-27,136.13698892049018,137.149061335238,135.7964947614472,136.6383056640625,33249400,QQQ
2017-09-28,136.3072590935809,136.7328912520403,135.9951249953475,136.5910186767578,24149400,QQQ
2017-09-29,136.86528490452685,137.67872119365083,136.5058696367343,137.57467651367188,43102400,QQQ
2017-10-02,137.78275535871248,138.25568306205093,137.08281716203263,137.6976318359375,27351300,QQQ
2017-10-03,137.87736194241498,138.15165369038166,137.5746812511044,137.99085998535156,19715200,QQQ
2017-10-04,137.72603339869562,138.41650394007686,137.5936141930525,138.123291015625,26381100,QQQ
2017-10-05,138.62461230393293,139.55154687034013,138.48273971868136,139.47589111328125,31562400,QQQ
2017-10-06,139.00297341281941,139.66506958007812,139.00297341281941,139.66506958007812,23561100,QQQ
2017-10-09,139.8447811148267,139.99610706896684,139.32455755574406,139.5042724609375,13704800,QQQ
2017-10-10,139.97715943169692,140.11903198242769,138.9934616379322,139.6082763671875,19223100,QQQ
2017-10-11,139.5420026365887,140.05277247609774,139.36228785722827,140.02438354492188,12439100,QQQ
2017-10-12,139.81636914859794,140.31767141691637,139.6271864995187,139.76907348632812,14513500,QQQ
2017-10-13,140.3365715309889,140.46899071954635,139.77852026725452,140.30819702148438,18409900,QQQ
2017-10-16,140.65821492758295,140.82846203492215,140.35553415993985,140.79063415527344,21809400,QQQ
2017-10-17,140.7433407672566,140.98925807050085,140.5257979823631,140.9703369140625,13138200,QQQ
2017-10-18,141.11218287175902,141.13110402269092,140.59195946570233,140.800048828125,17218200,QQQ
2017-10-19,139.97716466886433,140.29875208429235,139.2961475346579,140.2798309326172,27680300,QQQ
2017-10-20,140.8473713725972,140.9703227955987,140.48794159933402,140.658203125,30173300,QQQ
2017-10-23,140.951416765953,140.96087012696503,139.54208661409942,139.74072265625,29297100,QQQ
2017-10-24,140.01500072451418,140.27038577292322,139.4569493946592,139.9771728515625,20289500,QQQ
2017-10-25,139.70284900541083,140.15685558654252,138.4070316394723,139.4474639892578,36179100,QQQ
2017-10-26,139.3623602591308,139.71233664434945,138.9651026401303,139.00294494628906,28230200,QQQ
2017-10-27,141.33916755615073,143.31601633977036,141.12162485210754,143.05117797851562,60165100,QQQ
2017-10-30,142.94717057372029,143.94977526451956,142.81475135856965,143.372802734375,31733400,QQQ
2017-10-31,143.83625527014598,144.12000037890624,143.4200765338179,143.9119110107422,26319300,QQQ
2017-11-01,144.4889236453355,144.5551404775389,143.29715055919797,143.8646697998047,29481600,QQQ
2017-11-02,143.70383008141914,143.76059353911435,142.60664858702594,143.59033203125,31017400,QQQ
2017-11-03,144.11058128835194,144.99022019990258,143.6187322618583,144.9713134765625,26199200,QQQ
2017-11-06,144.8577877240061,145.51989822829307,144.81050648736726,145.463134765625,28693900,QQQ
2017-11-07,145.34961228657826,145.73741650362626,145.03747824109644,145.54824829101562,21333100,QQQ
2017-11-08,145.47265406013662,146.17257825543646,145.3023924770792,146.13475036621094,17373500,QQQ
2017-11-09,144.93339997831862,145.44416990989282,143.8740466870627,145.36849975585938,40594500,QQQ
2017-11-10,145.02805949886394,145.47261284254535,144.77267441294606,145.35910034179688,20150800,QQQ
2017-11-13,144.81051982973537,145.72800105380875,144.81051982973537,145.538818359375,12522400,QQQ
2017-11-14,145.02803064886663,145.18882435761006,144.30918563931775,145.0091094970703,25173800,QQQ
2017-11-15,144.3848740356133,144.71592932017538,143.56198415399368,144.328125,24808000,QQQ
2017-11-16,145.05641320562654,146.50357109719224,145.02803869266336,146.17251586914062,34790600,QQQ
2017-11-17,146.2103804224567,146.3144251300236,145.47261410793246,145.61448669433594,28725800,QQQ
2017-11-20,145.7185193211544,145.8509385350238,145.29288716461778,145.5009765625,21143900,QQQ
2017-11-21,146.1914597084668,147.1467832351804,146.12525731214947,147.08056640625,20147800,QQQ
2017-11-22,147.21294298801274,147.4021111931966,146.92918346393253,147.26023864746094,17299000,QQQ
2017-11-24,147.41163330565956,147.84671889465002,147.326495314236,147.79942321777344,8280600,QQQ
2017-11-27,147.7520907063723,148.08313146441515,147.39266100596248,147.73316955566406,22653400,QQQ
2017-11-28,148.06421556832439,148.20610255475748,147.26970040169405,148.11151123046875,25227300,QQQ
2017-11-29,147.94123077386448,147.97905863547595,144.82935875803264,145.529296875,71986300,QQQ
2017-11-30,146.14411903726452,147.03322546129016,145.80361050109744,146.7494659423828,56595500,QQQ
2017-12-01,145.85093792065757,146.8346358760685,144.0159756557592,146.125244140625,59015800,QQQ
2017-12-04,147.04275392746447,147.20354768691897,144.29976335631954,144.441650390625,51319100,QQQ
2017-12-05,144.41321275377902,146.181972376732,143.86462925710052,144.5361785888672,40604200,QQQ
2017-12-06,143.99703957900977,145.4158227606631,143.82677809225473,145.18881225585938,28647800,QQQ
2017-12-07,145.17939222874213,146.09687338479753,145.02805185746013,145.68069458007812,32666200,QQQ
2017-12-08,146.74953056491754,147.10896040931905,146.09690214643084,146.3238983154297,28081700,QQQ
2017-12-11,146.39007058374372,147.50617322849018,146.38060279117462,147.45887756347656,20821500,QQQ
2017-12-12,147.39265783435053,147.6953240761229,146.94810461423359,147.26023864746094,20310300,QQQ
2017-12-13,147.85615568924996,148.01694941082607,147.3264644249501,147.5440216064453,24418500,QQQ
2017-12-14,147.79943311677826,148.17778412451716,147.27922393413698,147.4400177001953,24594700,QQQ
2017-12-15,148.01696931604948,149.27495917678925,147.7710375878276,149.11415100097656,49816200,QQQ
2017-12-18,150.09894183361644,150.4875571126852,149.824076430613,150.3643341064453,26844500,QQQ
2017-12-19,150.080001730657,150.23165861105153,149.0563394821881,149.473388671875,31415000,QQQ
2017-12-20,149.99465135996272,150.02308520793656,148.72455794116,149.3122100830078,38972600,QQQ
2017-12-21,149.52075585095375,149.99467266823092,149.16057444172915,149.33119201660156,18638700,QQQ
2017-12-22,149.10370053564384,149.21743593896556,148.7624798628858,149.1605682373047,23330400,QQQ
2017-12-26,148.32650083842194,148.54449853972017,147.81466254153716,148.3549346923828,21918700,QQQ
2017-12-27,148.3643824620508,148.7719584038117,148.23168634531768,148.3738555908203,22388200,QQQ
2017-12-28,148.84775060016054,148.87619890789435,148.37383390070883,148.55392456054688,25393800,QQQ
2017-12-29,148.68666321315453,148.71509706623644,147.5776995545784,147.6345672607422,33186000,QQQ
2018-01-02,148.39282633839383,150.2600596903924,148.02317181231658,150.22215270996094,32573300,QQQ
2018-01-03,150.36430523191856,151.81448932382338,150.3358713840609,151.68179321289062,29383600,QQQ
2018-01-04,152.20309314663828,152.40213006675788,151.72917643406169,151.94717407226562,24776100,QQQ
2018-01-05,152.66754055374093,153.57745256550595,152.3831876265179,153.4731903076172,26992300,QQQ
2018-01-08,153.47324886521767,154.14621723432313,153.41638115063336,154.0703887939453,23159100,QQQ
2018-01-09,154.37366009830853,154.53479008134326,153.61540475762595,154.079833984375,24782400,QQQ
2018-01-10,153.39739030731755,153.74809858305758,152.71494894070165,153.7196502685547,34004000,QQQ
2018-01-11,153.98503942433933,154.78121610697485,153.7480810452603,154.771728515625,20473500,QQQ
2018-01-12,154.63905632860636,156.07029441588074,154.44001935854706,155.90916442871094,37762700,QQQ
2018-01-16,156.94227149942006,157.73844816243434,154.99920994629912,155.46365356445312,41231800,QQQ
2018-01-17,156.20299605983504,157.37830058718677,155.44472621015345,157.14134216308594,33849900,QQQ
2018-01-18,156.89487422094967,157.52992091472206,156.52521974359584,157.1697540283203,26432200,QQQ
2018-01-19,157.63420958058026,157.91856256374317,156.90437363178057,157.6626434326172,38937600,QQQ
2018-01-22,157.60570653423468,159.34971618652344,157.42561590853765,159.34971618652344,26081400,QQQ
2018-01-23,159.8427017908358,160.80949637894324,159.7668733463963,160.6673126220703,37989700,QQQ
2018-01-24,161.00846251826073,161.359170727269,158.7052341912789,159.6246337890625,54287400,QQQ
2018-01-25,160.72412222788344,160.78098991983535,159.05592612907853,159.56776428222656,28925000,QQQ
2018-01-26,160.4587371326615,162.03214431454649,160.1459647848773,162.01318359375,32038200,QQQ
2018-01-29,161.67201501665147,161.99427503121885,160.8853112426459,161.22653198242188,37277800,QQQ
2018-01-30,159.75736686841137,160.5819775275258,159.0654523436693,159.8995361328125,44987700,QQQ
2018-01-31,160.7999313737118,161.12220572313333,159.55827192720372,160.56297302246094,42449200,QQQ
2018-02-01,159.33083149942797,160.87579040901403,158.6862971406691,159.19813537597656,38037900,QQQ
2018-02-02,158.57256286054488,158.9516905122908,155.89019205920337,156.02288818359375,68478100,QQQ
2018-02-05,154.5632011350369,157.10338773209534,149.75767880344534,149.8714141845703,105372200,QQQ
2018-02-06,147.68194676290503,154.03242881236292,147.00899302492982,153.84286499023438,118537900,QQQ
2018-02-07,153.34999665936536,155.01819310462832,151.8429446584872,151.85243225097656,91028300,QQQ
2018-02-08,152.24104975673674,152.41166734954348,145.44508361816406,145.44508361816406,94184800,QQQ
2018-02-09,147.50184712608083,149.03734725663938,142.29825037963022,147.95681762695312,113836600,QQQ
2018-02-12,149.4734181632059,151.60604465258749,148.2981132652492,150.58238220214844,63050600,QQQ
2018-02-13,149.71979484465245,151.66284206389759,149.4923095846448,151.3595428466797,31785600,QQQ
2018-02-14,150.46859365321387,154.4305314132488,149.75771840760814,154.19357299804688,52107400,QQQ
2018-02-15,155.57741211832965,157.0560302734375,153.96609783296321,157.0560302734375,51633900,QQQ
2018-02-16,156.5441627803688,158.06068749392108,156.0891923497926,156.35459899902344,62256300,QQQ
2018-02-20,155.8049169687526,157.9849230307314,155.73856166389126,156.6674346923828,36785600,QQQ
2018-02-21,157.4351495465662,158.97063518273274,156.1271346933628,156.221923828125,41161800,QQQ
2018-02-22,156.90435998507564,157.7384581397299,155.8048840554223,156.20297241210938,37074400,QQQ
2018-02-23,157.46358181200682,159.39715576171875,156.81904752024204,159.39715576171875,50096900,QQQ
2018-02-26,160.14598068480566,161.51084899902344,160.0132845516403,161.51084899902344,39266700,QQQ
2018-02-27,161.55829589791668,161.82368825019955,159.43515707965383,159.51097106933594,42209900,QQQ
2018-02-28,160.42080215636128,160.94211341634022,158.38296614155888,158.4872283935547,42936300,QQQ
2018-03-01,158.57252471458426,159.30236045455953,154.49683835618828,155.89962768554688,76809900,QQQ
2018-03-02,154.02292780292106,157.60573690494428,153.511104129542,157.33087158203125,57445100,QQQ
2018-03-05,156.59158613878256,159.4824668772119,156.00391950691306,159.0749053955078,38540200,QQQ
2018-03-06,159.8521107721551,160.28812053700673,158.74314733501285,159.7478485107422,29480900,QQQ
2018-03-07,158.52523011479724,160.2502948674573,158.2503646295001,160.11758422851562,34609400,QQQ
2018-03-08,160.7810409869697,161.11277411631744,160.13650652695395,160.99903869628906,25828400,QQQ
2018-03-09,162.14589291679673,164.12686157226562,161.90893452845475,164.12686157226562,38310500,QQQ
2018-03-12,164.6102860576,165.37802908306125,164.24063147264476,164.9989013671875,37635000,QQQ
2018-03-13,165.3780219265254,166.06995094910576,162.3354838118934,162.75253295898438,55638900,QQQ
2018-03-14,163.60558348063265,163.72880649571093,162.0132152666499,162.72409057617188,40536400,QQQ
2018-03-15,162.8378130388127,163.52972750731436,161.9847541333627,162.58189392089844,28810400,QQQ
2018-03-16,162.85674987509069,163.21691675040657,162.02265181328218,162.09848022460938,31176700,QQQ
2018-03-19,160.538742580494,160.6526625363412,157.2539104863764,158.63999938964844,71395100,QQQ
2018-03-20,158.70641515926818,159.53236364145548,158.1747694932047,159.162109375,34075700,QQQ
2018-03-21,158.74435039364795,160.2158640317878,157.77598780092563,158.46902465820312,43863500,QQQ
2018-03-22,156.27599198035415,157.37726603615164,154.358258122673,154.55763244628906,66607300,QQQ
2018-03-23,154.37724505922134,155.03231347806772,150.40886607365744,150.4848175048828,80110400,QQQ
2018-03-26,153.53229159046967,156.26648492532192,151.10190395338012,156.07659912109375,57481500,QQQ
2018-03-27,157.23486754614297,157.23486754614297,149.69685722735747,151.02598571777344,78889100,QQQ
2018-03-28,150.16207044983997,151.69055896140753,148.13990476118795,149.2886505126953,89369700,QQQ
2018-03-29,150.09564981200703,153.52288173176856,148.700072456359,152.0228729248047,68692600,QQQ
2018-04-02,150.94055674999305,151.65258526531605,146.08926855280865,147.63673400878906,85549400,QQQ
2018-04-03,148.92790243307056,149.92474540440995,146.62093664358684,149.29815673828125,64090000,QQQ
2018-04-04,146.41205387097497,152.11777059081768,146.2411594914853,151.652587890625,65768700,QQQ
2018-04-05,153.1620441261568,153.39938690553416,151.40570176426277,152.51646423339844,43054900,QQQ
2018-04-06,150.8361437909228,152.33615245189097,147.9880293808903,148.70005798339844,59870900,QQQ
2018-04-09,149.98168182677352,152.73486743371004,149.48801915484603,149.7443389892578,41810400,QQQ
2018-04-10,152.0987550908306,153.5417887781341,151.01647258222604,153.04812622070312,48296800,QQQ
2018-04-11,152.08924022758345,153.79811102511303,151.994311813764,152.16519165039062,41622100,QQQ
2018-04-12,153.08606456176724,154.52911245130596,153.0006246535958,153.99746704101562,30467900,QQQ
2018-04-13,154.76651406830817,154.9943539101142,152.53548570891434,153.20004272460938,44604900,QQQ
2018-04-16,154.27287016497698,154.92793882378672,153.30450716994258,154.36781311035156,28180800,QQQ
2018-04-17,155.9247661260972,158.03237182239752,155.61147182137603,157.6905975341797,35536100,QQQ
2018-04-18,157.69059915089778,158.5450276370733,156.94058761444174,158.0133819580078,29573900,QQQ
2018-04-19,157.21593600324172,157.5861903318916,156.01971856740337,156.5608673095703,34705700,QQQ
2018-04-20,156.16210292714638,156.27602285671782,153.54182865694233,154.08297729492188,49197100,QQQ
2018-04-23,154.83295292429426,155.44054994185572,152.86776197931246,153.69371032714844,33040600,QQQ
2018-04-24,154.42476569584187,154.66210856166498,149.4215740281385,150.43740844726562,70256800,QQQ
2018-04-25,150.70317596749572,151.24430997004072,148.5480994809047,150.6177215576172,52089300,QQQ
2018-04-26,152.56393837840807,154.3012892924552,152.07026133244153,153.78863525390625,43005500,QQQ
2018-04-27,156.04812515871726,156.08610811552722,153.01014049533148,153.88356018066406,51043400,QQQ
2018-04-30,154.24437672231159,155.20323664740167,152.4120823375007,152.79183959960938,35615300,QQQ
2018-05-01,152.39306166140804,154.55762673313308,152.03229598736914,154.53863525390625,36513500,QQQ
2018-05-02,154.80446934641603,155.28865794148024,153.44687545056166,153.62725830078125,38646800,QQQ
2018-05-03,152.84877644412694,154.17789044479082,151.1588967206017,153.6082763671875,60337100,QQQ
2018-05-04,152.94375283751748,156.88363872661714,152.82981840805814,156.5228729248047,41543200,QQQ
2018-05-07,157.25384256361795,158.33612513547843,157.13041967391962,157.82347106933594,32500200,QQQ
2018-05-08,157.49119975437424,158.00385386737238,156.5133485029797,157.66209411621094,26040200,QQQ
2018-05-09,157.94690267480092,159.49438256986068,157.3867770698584,159.38046264648438,29122700,QQQ
2018-05-10,159.8931211678611,161.14629830435564,159.76969825665134,161.03236389160156,27067600,QQQ
2018-05-11,160.8424796831784,161.260205362008,160.17792268788403,160.88046264648438,24688800,QQQ
2018-05-14,161.2506740980004,162.17156514947868,160.88990847355464,161.15573120117188,21821700,QQQ
2018-05-15,159.8836250381792,159.96906497897382,158.52601653844195,159.37095642089844,49361600,QQQ
2018-05-16,159.57980385150896,160.79499784627689,159.50385241605406,160.42474365234375,22941200,QQQ
2018-05-17,159.86462292060756,161.02285699518038,159.02917159173393,159.8076629638672,27480200,QQQ
2018-05-18,159.19059888136476,159.74123606451644,158.74440762414307,158.98175048828125,26217900,QQQ
2018-05-21,160.21588922456885,160.91842917466076,159.19056652156544,159.87411499023438,22954600,QQQ
2018-05-22,160.60512010605225,160.8709428764327,159.38043766296056,159.6652374267578,19477700,QQQ
2018-05-23,158.45008281623265,161.0323742149248,158.43110581810473,161.01339721679688,26557800,QQQ
2018-05-24,160.96592712402344,161.25074144721452,159.34249562221504,160.96592712402344,27696500,QQQ
2018-05-25,160.94689072234866,161.70639054347728,160.64309948564974,161.1272735595703,27460500,QQQ
2018-05-29,160.3963222333421,161.31721380583676,159.45645365974678,160.41531372070312,41220500,QQQ
2018-05-30,160.99438129254085,161.84880963884973,160.6526070567661,161.56399536132812,22665800,QQQ
2018-05-31,161.56399640107222,162.53235915637518,161.0418537895543,161.45957946777344,35670900,QQQ
2018-06-01,162.26653734244198,164.08932846060375,162.21906588121905,163.99440002441406,45543300,QQQ
2018-06-04,164.41212756030455,165.51340183060785,164.3077106159944,165.47543334960938,20459600,QQQ
2018-06-05,165.86468970869214,166.26342397286297,165.25709257001398,165.98809814453125,24779300,QQQ
2018-06-06,166.15895256194668,166.98490087572253,165.32350126490581,166.9564208984375,25036600,QQQ
2018-06-07,166.98490428121306,167.02287275628242,164.76337909014498,165.59881591796875,39600300,QQQ
2018-06-08,164.82034227257748,166.02604780877206,164.41210510474937,165.6083221435547,31780300,QQQ
2018-06-11,165.4848759337975,166.46272701859607,165.45639595938616,166.05450439453125,22319700,QQQ
2018-06-12,166.28236801762193,167.08933937158923,166.10199964925502,166.92794799804688,22511800,QQQ
2018-06-13,167.18431038359554,168.17165027183768,166.54821879369703,166.91848754882812,37858600,QQQ
2018-06-14,167.68747649490828,168.88367925439383,167.5640535762184,168.60836791992188,35916000,QQQ
2018-06-15,167.97225815172501,168.35201536573092,167.19378121396173,168.0197296142578,49615700,QQQ
2018-06-18,166.9617564303183,168.0653731332348,166.43848175547026,167.92266845703125,31633200,QQQ
2018-06-19,165.80102189628815,167.48499492674256,165.2682384843528,167.4469451904297,38236000,QQQ
2018-06-20,168.21764114687196,169.33078143782703,168.06541311120344,168.63626098632812,33038000,QQQ
2018-06-21,169.06431853898016,169.23557863640494,166.84754769752328,167.17103576660156,43469400,QQQ
2018-06-22,167.73242008283626,167.79901077096955,166.20066004860738,166.800048828125,30073200,QQQ
2018-06-25,165.28733567736253,165.5347098929105,161.557835480855,163.04202270507812,77799700,QQQ
2018-06-26,163.641341588645,164.64982660358086,163.04195295939596,163.70794677734375,39008100,QQQ
2018-06-27,164.40252029355534,165.14461382872673,161.36754094258453,161.48170471191406,52843500,QQQ
2018-06-28,161.28187071590713,163.42252786529906,160.94887379687535,162.87071228027344,46407700,QQQ
2018-06-29,163.6508706247533,164.51665108130692,163.0705140515677,163.30836486816406,36408500,QQQ
2018-07-02,161.77659887274888,164.45005414406296,161.42458432310468,164.40248107910156,31770000,QQQ
2018-07-03,165.02090789079148,165.02090789079148,162.33795799704833,162.49969482421875,25512700,QQQ
2018-07-05,163.55572011822576,164.64982794129787,162.71848069498168,164.51663208007812,31626200,QQQ
2018-07-06,164.89723570770835,167.1996300742763,164.5927796672053,167.07594299316406,37005600,QQQ
2018-07-09,167.94170889153293,168.6171970819828,167.27572950754654,168.5791473388672,27362100,QQQ
2018-07-10,168.89311283386937,169.08339058473092,168.1224785066599,168.7028350830078,23902500,QQQ
2018-07-11,167.38039523686004,168.46500906267272,167.2567226650898,167.84658813476562,30280600,QQQ
2018-07-12,168.58866503560176,170.7388458251953,168.47450128297294,170.7388458251953,27930100,QQQ
2018-07-13,170.72934849989093,171.15747715470772,170.2536467684801,170.88157653808594,28049800,QQQ
2018-07-16,170.9195727582349,171.20499661114164,170.18700277372844,170.472412109375,21405300,QQQ
2018-07-17,168.66477463549015,171.87099908763918,168.66477463549015,171.5094757080078,31034100,QQQ
2018-07-18,171.52846457109496,171.67118375149244,170.66269875262654,171.1859588623047,23220800,QQQ
2018-07-19,170.56759327171355,171.13844109479385,170.12995585564676,170.32974243164062,31094100,QQQ
2018-07-20,170.84348737614243,171.4143206117939,170.1013794904511,170.2916717529297,35897300,QQQ
2018-07-23,169.78743422786638,170.91008312000614,169.10242271097164,170.83396911621094,22184700,QQQ
2018-07-24,172.59411389464066,173.20301155915547,170.83401159768752,171.53805541992188,36900300,QQQ
2018-07-25,171.61413570751634,174.04020256253918,171.52849837549678,173.93556213378906,35026600,QQQ
2018-07-26,171.57605619064552,172.12787180990094,171.07181363666854,171.30015563964844,40873500,QQQ
2018-07-27,172.38475194099135,172.4989156819913,168.01781464061128,168.9882354736328,59456100,QQQ
2018-07-30,168.997775402762,169.09290702385596,165.80105968530225,166.60023498535156,60193000,QQQ
2018-07-31,167.2567460906351,168.52211454737682,166.32437468150235,167.87515258789062,47285100,QQQ
2018-08-01,168.26521357312942,169.01681590578653,167.54215218239193,168.5125732421875,37101900,QQQ
2018-08-02,167.3233254753573,171.00526681675018,167.24721145484307,170.8054656982422,47178200,QQQ
2018-08-03,171.12890375708824,171.33821364059392,170.37730155159926,171.32870483398438,28934400,QQQ
2018-08-06,171.21455498343593,172.38477705092544,171.00524508294015,172.3372039794922,24808800,QQQ
2018-08-07,172.82236871410836,173.28856146311443,172.45132208278005,172.965087890625,29895700,QQQ
2018-08-08,172.72727774934523,173.48840331805096,172.26108489066306,173.1744384765625,22680700,QQQ
2018-08-09,173.0697479248047,173.7547593439903,172.81286501329515,173.0697479248047,18852900,QQQ
2018-08-10,171.8995279361938,172.4132938079921,171.1003527103533,171.747314453125,33818500,QQQ
2018-08-13,172.06129520753046,173.1649120190597,171.48093860508502,171.5570526123047,26089200,QQQ
2018-08-14,172.21353652337115,172.83195748795487,171.29067399799297,172.6321563720703,20913000,QQQ
2018-08-15,171.26211298798503,171.80441986951,169.4639612247789,170.52001953125,58528000,QQQ
2018-08-16,171.8329774589845,172.1945154150332,170.74837810810286,171.0813751220703,27711800,QQQ
2018-08-17,170.63417434670214,171.5475133137641,169.60665712081155,171.119384765625,36092600,QQQ
2018-08-20,171.49996189563717,171.56656709813248,170.3011989060883,170.96717834472656,24939000,QQQ
2018-08-21,171.48092902761542,172.62261003762114,171.3762740881913,171.5950927734375,26258700,QQQ
2018-08-22,171.23353024696442,172.4608484069788,171.01471159320772,172.26104736328125,18042400,QQQ
2018-08-23,171.95665103048253,173.20298712756986,171.7283089945243,172.01373291015625,25776200,QQQ
2018-08-24,172.58460397137853,173.75484082969407,172.54655421569504,173.61212158203125,23136100,QQQ
2018-08-27,174.48736191203926,175.38168334960938,174.2114613386833,175.38168334960938,29343600,QQQ
2018-08-28,175.84787495237077,176.02864390343962,175.26751835448457,175.63856506347656,20277000,QQQ
2018-08-29,175.94298707340056,177.76017067228722,175.87639639827557,177.6650390625,29175600,QQQ
2018-08-30,177.32250277142808,178.4071016534673,176.7611639461974,177.35104370117188,29315500,QQQ
2018-08-31,177.13220039854394,178.08360338150038,176.94192270540415,177.57936096191406,28653200,QQQ
2018-09-04,177.03707118766252,177.3415125973224,175.86684956774573,176.81825256347656,29063500,QQQ
2018-09-05,176.50435454071743,176.53289547999546,173.9355683848509,174.53494262695312,42623300,QQQ
2018-09-06,174.6110085985038,174.8203184404663,171.80437237597263,172.97459411621094,46091400,QQQ
2018-09-07,171.728252560719,173.7927954616217,171.6711706998037,172.30860900878906,46629500,QQQ
2018-09-10,173.29810401607068,173.3932501522772,171.94711308205856,172.88900756835938,26132000,QQQ
2018-09-11,172.194498508081,174.5064016932559,171.74733776969308,174.22097778320312,30116500,QQQ
2018-09-12,173.96412787119988,174.08780044883565,172.2135344776833,173.70724487304688,36204000,QQQ
2018-09-13,174.79177427849177,175.89540533075848,174.71566029034315,175.56240844726562,31133200,QQQ
2018-09-14,175.6861445515152,175.96204513299534,174.3541711628605,175.0487060546875,31224100,QQQ
2018-09-17,174.7537459921332,174.87743306298827,172.36572900618143,172.5274658203125,33071200,QQQ
2018-09-18,172.67021914219114,174.80135360105515,172.5845817976895,173.95460510253906,31877300,QQQ
2018-09-19,173.98308688875522,174.3921977863372,172.68917804270356,173.82135009765625,31843400,QQQ
2018-09-20,175.0201789857123,175.98109121070456,174.60155915945379,175.7432403564453,33295800,QQQ
2018-09-21,176.2189165822095,176.4662762086537,174.56346964974185,174.7823028564453,38605400,QQQ
2018-09-24,173.51464292397816,175.33509663372172,172.79980645041883,175.26837158203125,34945600,QQQ
2018-09-25,175.19213826555557,175.64010366426112,174.5916709133786,175.5066680908203,25277500,QQQ
2018-09-26,175.65913123246477,177.2698982195646,175.2874168926251,175.6305389404297,36210600,QQQ
2018-09-27,176.34538013030877,177.74646065171643,176.2500627920071,177.11740112304688,33113300,QQQ
2018-09-28,176.62179339745992,177.54631639921615,176.2977376868239,177.07928466796875,28076800,QQQ
2018-10-01,178.1086603786876,178.73771999861006,176.99351716703563,177.4414825439453,27371300,QQQ
2018-10-02,177.2889729570046,178.40411612059555,176.63133561184998,177.04116821289062,25618600,QQQ
2018-10-03,177.78457429959192,178.20394730794513,176.9553687425013,177.2317657470703,29128700,QQQ
2018-10-04,176.5169245244802,176.63130823305193,172.5710283482605,173.8291473388672,80557300,QQQ
2018-10-05,173.81014225343483,174.39154328713207,170.0643907954475,171.70375061035156,83325600,QQQ
2018-10-08,171.10322343029608,172.1707076672401,168.63464431729008,170.65525817871094,66864500,QQQ
2018-10-09,170.77917064156736,172.53291362234992,170.36933809578338,171.2080841064453,49097900,QQQ
2018-10-10,170.14065003844507,170.24549332972154,163.45931532968555,163.67852783203125,114471100,QQQ
2018-10-11,163.0017985776529,165.2702033234154,159.94229176713324,161.64837646484375,143084500,QQQ
2018-10-12,166.00408818956052,166.6617400661088,162.9159894166585,166.14706420898438,102078400,QQQ
2018-10-15,165.5656438351763,165.88015904548377,163.51643747810837,164.13597106933594,64885300,QQQ
2018-10-16,165.86115108845334,169.32095020750754,165.55614717023394,168.91111755371094,71979700,QQQ
2018-10-17,169.73081364380923,169.90236745668074,167.243181553452,168.97784423828125,66987600,QQQ
2018-10-18,168.33920450413996,168.39638909005936,164.3551898889925,165.06048583984375,82486200,QQQ
2018-10-19,166.39486222500517,167.81500918427412,164.30753749887268,164.9080047607422,82923700,QQQ
2018-10-22,165.89924809986746,167.0334576427571,164.49816743434326,165.75628662109375,52909300,QQQ
2018-10-23,162.6396332918771,165.9660117238104,160.90497059160538,165.14633178710938,77567000,QQQ
2018-10-24,164.95574502855573,165.23214218891238,157.3022123990643,157.58815002441406,102997400,QQQ
2018-10-25,160.0376242958517,164.0121141161188,159.32278768335647,163.03993225097656,83481100,QQQ
2018-10-26,157.4546064888551,161.99144352502287,156.530083708462,158.84616088867188,130970900,QQQ
2018-10-29,161.27665124807746,161.89617039468416,152.58422955653762,155.57701110839844,111871900,QQQ
2018-10-30,155.1195256955454,158.25526884815034,154.4142150896363,158.14089965820312,92584000,QQQ
2018-10-31,160.71426718688707,163.220964611148,160.63801623193578,161.85801696777344,73828600,QQQ
2018-11-01,162.09633647223575,164.16459506098812,160.86680951189948,163.99302673339844,52706800,QQQ
2018-11-02,163.48788246651003,164.46006424111607,160.333072837437,161.43869018554688,75966800,QQQ
2018-11-05,161.6483231466891,161.70550772446356,159.24646907648835,161.038330078125,39573500,QQQ
2018-11-06,161.0478558193864,163.16377245504805,160.80957704999548,162.25831604003906,34410400,QQQ
2018-11-07,164.2027533512245,167.34803771972656,163.81197246731764,167.34803771972656,51169600,QQQ
2018-11-08,166.56644056082771,167.081131016466,165.4894300580785,166.280517578125,40296500,QQQ
2018-11-09,164.72698805259702,165.12729490108967,162.18217088071358,163.47840881347656,50602700,QQQ
2018-11-12,162.33462833709405,162.63961771461013,158.388716463189,158.5316925048828,62578400,QQQ
2018-11-13,159.27512392338372,161.53400289297946,158.2171651888792,158.66513061523438,64128100,QQQ
2018-11-14,160.2377769767685,160.79058572498357,156.54922455885517,157.45468139648438,75270700,QQQ
2018-11-15,157.16872696328878,160.63806651085312,155.79625297473623,160.20916748046875,73254300,QQQ
2018-11-16,158.64607637507925,160.4188718349631,158.00749071794215,159.6468505859375,65390700,QQQ
2018-11-19,158.8842914509382,159.07491157088745,153.96621382198035,154.4618377685547,67280500,QQQ
2018-11-20,150.94483062482843,153.81371632451635,149.76297723293007,151.6977996826172,102652800,QQQ
2018-11-21,153.7851836069438,154.37611053179882,151.7645689643325,152.8511199951172,42965800,QQQ
2018-11-23,151.63106918583387,153.29902051642304,151.63106918583387,151.74545288085938,23503700,QQQ
2018-11-26,153.87094584356763,155.32921117898448,153.2228198370567,155.25296020507812,42012600,QQQ
2018-11-27,154.40464209252292,156.1679107979693,153.62308075049057,155.77713012695312,36608100,QQQ
2018-11-28,156.90183056873917,160.79054260253906,155.8057538292591,160.79054260253906,70141000,QQQ
2018-11-29,160.11383951400168,161.32428543620196,158.99869639281278,160.26632690429688,44885700,QQQ
2018-11-30,160.48556331819475,161.52445553359107,159.68493539102028,161.42913818359375,36722800,QQQ
2018-12-03,164.99376434756158,165.18438446905748,161.56254398710297,164.25033569335938,50771700,QQQ
2018-12-04,163.39258349508168,163.85008940719186,157.7596819323384,157.95030212402344,70594700,QQQ
2018-12-06,154.76686959124498,159.08448080716968,154.18546866703025,159.06541442871094,71715500,QQQ
2018-12-07,158.3696411750251,159.28462371547434,153.31812719431838,153.81375122070312,80432200,QQQ
2018-12-10,153.5278101389153,156.10121847100697,151.93610937594235,155.4245147705078,73960800,QQQ
2018-12-11,157.95988623262917,157.99801901104655,154.62398074740182,155.9392852783203,59058300,QQQ
2018-12-12,158.21716330380096,159.74215382769862,157.22592964363872,157.31170654296875,53780000,QQQ
2018-12-13,158.34106744837337,158.9987194070988,156.33951927341653,157.35935974121094,46378500,QQQ
2018-12-14,155.55797250900565,156.12983302913455,153.16564352146415,153.52783203125,56547400,QQQ
2018-12-17,152.87016262809442,154.0901490505615,148.84801489223452,150.04893493652344,74834100,QQQ
2018-12-18,151.2117356389231,152.45078843031783,149.67721943320657,150.99252319335938,63642100,QQQ
2018-12-19,150.76383975469153,153.18476186224945,146.15076309464462,147.28497314453125,81856500,QQQ
2018-12-20,146.9227280259277,148.56208762086436,143.33901948113328,145.14993286132812,99002100,QQQ
2018-12-21,145.87429755808162,146.86553105729587,139.8410760472385,140.65122985839844,141129400,QQQ
2018-12-24,139.62943530992285,141.44552972074598,137.1251333237363,137.16336059570312,56163300,QQQ
2018-12-26,138.67361591022723,145.80419198328076,137.7273266920349,145.7277374267578,98982100,QQQ
2018-12-27,143.72999172871658,146.41590606647816,140.5852772034891,146.29165649414062,85824300,QQQ
2018-12-28,147.34306621497728,148.7194812877948,145.02037671834336,146.21517944335938,77856600,QQQ
2018-12-31,147.64894494816028,148.13641921674719,145.96666793647307,147.44821166992188,53015300,QQQ
2019-01-02,144.32262212397305,148.87242584295743,144.2174788963182,148.0408477783203,58576700,QQQ
2019-01-03,145.86147817772218,146.492322740226,142.88880931785476,143.20423889160156,74820200,QQQ
2019-01-04,145.61301184560864,150.06724044455302,145.03951521911114,149.33123779296875,74709300,QQQ
2019-01-07,149.70402616078695,151.84511830357516,149.21655180646775,151.10911560058594,52059300,QQQ
2019-01-08,152.49507375198274,153.03991086244955,150.25840627584705,152.47596740722656,49388700,QQQ
2019-01-09,153.06858654122655,154.3876535927889,152.4281739453945,153.71856689453125,46491700,QQQ
2019-01-10,152.5524407972887,154.24427121015788,151.69217395439262,154.1582489013672,38943400,QQQ
2019-01-11,153.2501802853404,153.75677547994312,152.73401733442805,153.5942840576172,30176600,QQQ
2019-01-14,152.29433244868426,152.8965176740951,151.58700400272542,152.2369842529297,30710200,QQQ
2019-01-15,152.93477680709236,155.41997276420636,152.84875449553763,155.20968627929688,40874200,QQQ
2019-01-16,155.46771019745844,156.54781642700195,155.12360646145297,155.18096923828125,33812200,QQQ
2019-01-17,154.68396092606267,157.1022407746182,154.4354471790358,156.40447998046875,39329000,QQQ
2019-01-18,157.50367962616622,158.68892922791906,156.58607926383704,157.9529266357422,57183200,QQQ
2019-01-22,156.8154893359725,156.89195847208921,153.66120674989125,154.7891082763672,56711700,QQQ
2019-01-23,155.5823932601915,156.28970694595216,153.240583475327,154.98976135253906,38106100,QQQ
2019-01-24,155.496396710118,156.22284609135642,154.90377923383954,155.99343872070312,32417800,QQQ
2019-01-25,157.24560710962174,158.3352667176428,156.71033777024235,157.8573455810547,36515900,QQQ
2019-01-28,155.8214331281853,155.9170086177979,154.60750918862365,155.90745544433594,33491200,QQQ
2019-01-29,155.99345302054616,156.03169487832432,153.88104980565595,154.43544006347656,30784200,QQQ
2019-01-30,156.18461820924225,158.9374485633718,155.6971439111132,158.3639373779297,41346500,QQQ
2019-01-31,159.3389301873309,161.5278175199503,159.11909051219817,160.73446655273438,37258400,QQQ
2019-02-01,159.94113547050242,161.155059591503,159.61615250425024,160.0558319091797,32143700,QQQ
2019-02-04,160.0844656640517,162.0439453125,159.94109515184655,162.0439453125,26718800,QQQ
2019-02-05,162.26379825352484,163.66888772823614,162.19689687068004,163.47772216796875,28156400,QQQ
2019-02-06,163.51588932915496,163.80263024606046,162.25417095480805,162.99017333984375,27970000,QQQ
2019-02-07,161.5659612557447,161.9674131186173,159.57780827890625,160.80128479003906,42036200,QQQ
2019-02-08,159.3962262665874,161.14541909184325,159.21462851565343,161.1167449951172,29020700,QQQ
2019-02-11,161.69979333531091,162.09169206527127,160.56233899395815,160.9637908935547,21434100,QQQ
2019-02-12,162.13951615557795,163.58283261898958,161.85276058016657,163.3438720703125,29722100,QQQ
2019-02-13,164.0703261394785,164.55781505037749,163.27698985957667,163.45858764648438,26094100,QQQ
2019-02-14,162.87550415729183,164.24236608003088,162.33068169046174,163.6593017578125,30326800,QQQ
2019-02-15,164.90192448677166,164.9401517629514,163.58285739112327,164.3475341796875,32521700,QQQ
2019-02-19,163.84092252536684,165.16954266097235,163.81224842484977,164.67250061035156,19487700,QQQ
2019-02-20,164.7872151228341,165.43719550430995,163.75491822077873,164.6438446044922,32593000,QQQ
2019-02-21,164.20413266661953,164.6533796880643,163.1718358779754,164.04164123535156,25207400,QQQ
2019-02-22,164.3953324284625,165.37028113257563,164.30929553163153,165.25558471679688,27735400,QQQ
2019-02-25,166.5173370377666,166.94746326822755,165.74309232093708,165.85780334472656,32608800,QQQ
2019-02-26,165.45633421263307,166.55554719801808,165.1791317340588,166.0298309326172,21939700,QQQ
2019-02-27,165.26508821953172,166.1253548343108,164.17542884213893,165.92462158203125,25162000,QQQ
2019-02-28,165.4085257906455,166.13496074451905,165.07397512563955,165.54234313964844,25085500,QQQ
2019-03-01,166.73711082149845,166.93782951002686,165.53274035035176,166.68931579589844,31431200,QQQ
2019-03-04,167.7885409645895,168.0275015254047,164.85411286197657,166.71800231933594,38063500,QQQ
2019-03-05,166.84228515625,167.35843360799603,166.0202601516198,166.84228515625,22319900,QQQ
2019-03-06,167.0047613604551,167.03343546154585,165.6283461681169,165.89598083496094,27194600,QQQ
2019-03-07,165.47539146675527,165.53273966323962,163.24827746498417,163.86001586914062,39407400,QQQ
2019-03-08,162.02482475390224,163.69754879677805,161.8623333113653,163.6115264892578,39303200,QQQ
2019-03-11,164.29015606481428,167.1290084630015,164.26148196665028,167.01429748535156,30518400,QQQ
2019-03-12,167.45402462294763,168.36207194383215,167.052572583767,167.93194580078125,33953500,QQQ
2019-03-13,168.80181068303864,170.07306851895834,168.56285003064758,169.19369506835938,42426100,QQQ
2019-03-14,169.3083275699652,169.50904625727503,168.8590805850417,168.90687561035156,23751500,QQQ
2019-03-15,169.5664254129887,170.9810825784791,169.45172899929904,170.4744873046875,38192000,QQQ
2019-03-18,170.4016869811278,171.3975802858128,170.05695693128135,170.88047790527344,32935100,QQQ
2019-03-19,171.57950805269343,172.3647321794945,170.72726079471195,171.4550323486328,36893300,QQQ
2019-03-20,171.46459860143173,173.18824880225344,170.6793891058868,172.13490295410156,50105000,QQQ
2019-03-21,171.6177942969604,175.07466483562465,171.59863857163467,174.82569885253906,42428500,QQQ
2019-03-22,174.06920845553097,174.53842877078407,170.8038511979676,170.9857940673828,70794500,QQQ
2019-03-25,170.3634302153531,171.2539745302313,169.42498926294505,170.6602783203125,46336500,QQQ
2019-03-26,171.9817052859336,173.02546599069552,170.58362936251146,171.4550323486328,33248100,QQQ
2019-03-27,171.7135846293149,172.0966115253098,169.108960824239,170.3538055419922,37096700,QQQ
2019-03-28,170.7943114615626,171.38800757496924,169.72182438920467,170.74642944335938,30368200,QQQ
2019-03-29,172.06784981586515,172.20191066301882,171.0145041514174,172.03912353515625,35205500,QQQ
2019-04-01,173.8106743226147,174.52886070180634,173.1020731131974,174.3181915283203,30969500,QQQ
2019-04-02,174.5097522922567,175.15133049119558,174.06925813471705,174.9789581298828,22645200,QQQ
2019-04-03,175.96520401640677,177.07600227045907,175.4385457823553,175.98435974121094,31633500,QQQ
2019-04-04,176.03227880716864,176.67385691357842,174.90232459042522,175.91737365722656,28530800,QQQ
2019-04-05,176.42485906218317,176.93237619827036,176.21418991759558,176.82704162597656,25674700,QQQ
2019-04-08,176.5397880213675,177.42076155786106,175.84075737171685,177.27713012695312,22697500,QQQ
2019-04-09,176.6738645919742,177.2579901487995,176.28125249722228,176.6547088623047,25631900,QQQ
2019-04-10,176.88447493033814,177.66011369116472,176.69296153198547,177.6026611328125,24563000,QQQ
2019-04-11,177.89953702324155,177.89953702324155,176.85577641853763,177.1813507080078,20654100,QQQ
2019-04-12,177.9665891995375,178.0623386157482,177.21009137031533,177.9474334716797,24989100,QQQ
2019-04-15,177.95702530012605,178.1772796679688,176.78877415733055,177.97618103027344,21073000,QQQ
2019-04-16,178.62731662133194,178.9816318511034,178.04319109283287,178.58901977539062,27195700,QQQ
2019-04-17,179.78599600637975,179.9583537293581,178.68478270102315,179.21144104003906,29651600,QQQ
2019-04-18,179.50824560845726,179.82423466500396,178.3878623254698,179.4412078857422,28580900,QQQ
2019-04-22,178.65607983625767,180.01584451589116,178.52200432986598,179.9488067626953,17936000,QQQ
2019-04-23,180.40841143303865,182.4576359705207,180.1498748585222,182.23739624023438,33665600,QQQ
2019-04-24,182.39059867303212,182.62042355517872,181.6053746176848,181.662841796875,24977100,QQQ
2019-04-25,183.02261393829343,183.10879279344346,181.4138689177999,182.40017700195312,29517500,QQQ
2019-04-26,182.11292360726955,182.60129974073888,180.59037185225,182.56298828125,26359500,QQQ
2019-04-29,182.56293643918883,183.20452900534065,182.26608846437807,182.91725158691406,21716200,QQQ
2019-04-30,181.4426237148172,181.79693897200892,180.22650515916257,181.5000762939453,31495300,QQQ
2019-05-01,182.68747167086732,183.20457407354934,180.7914636212935,180.9159393310547,34797100,QQQ
2019-05-02,180.85850963123627,181.79695052175236,178.94334561040787,180.13075256347656,44110100,QQQ
2019-05-03,181.6245738624937,183.13755515651815,181.29899949342987,183.0034942626953,30386200,QQQ
2019-05-06,179.11567637522847,182.1320531629397,178.83796947423522,181.88308715820312,38371800,QQQ
2019-05-07,179.90087514127458,180.6669434484417,176.68339994040275,178.34002685546875,58818100,QQQ
2019-05-08,177.7558775146286,179.23054675312798,177.1142995944575,177.8899383544922,37165300,QQQ
2019-05-09,175.9077384540658,177.5452094326984,174.3660314808403,176.93235778808594,55351700,QQQ
2019-05-10,176.30040163162693,178.00489621993557,173.3510476690994,177.15264892578125,58526400,QQQ
2019-05-13,172.64243120218214,173.57128679732043,170.50702769500126,171.00497436523438,67185800,QQQ
2019-05-14,171.9051128851168,173.92561135034435,171.2731053018989,172.8818359375,43360600,QQQ
2019-05-15,171.74232242036683,175.7641635438806,171.7040109612773,175.32366943359375,40944500,QQQ
2019-05-16,175.40027815006388,178.1772744789252,175.1896089592006,177.0856170654297,39281200,QQQ
2019-05-17,175.3331934869619,177.70799171879602,175.12252437002533,175.27572631835938,44702300,QQQ
2019-05-20,172.83395112965204,173.49467032390714,171.7327232494816,172.3168487548828,38608300,QQQ
2019-05-21,173.8010769769522,174.5958715341431,173.24567784259457,174.11708068847656,31613800,QQQ
2019-05-22,173.1499782281915,174.34695568653854,173.08294047698425,173.34149169921875,24332600,QQQ
2019-05-23,171.34969865841083,171.42630695983203,169.62604840528246,170.68896484375,45351300,QQQ
2019-05-24,171.60823170330409,172.2210834383309,170.3920987905888,170.60276794433594,25903300,QQQ
2019-05-28,171.08155047919024,172.03913218171135,169.94202591534417,169.961181640625,24763800,QQQ
2019-05-29,168.90782506798766,169.49195045344686,167.6629660124065,168.56309509277344,42178800,QQQ
2019-05-30,169.01319258970312,169.75053468826593,168.31416194671036,169.27174377441406,30354800,QQQ
2019-05-31,167.27996588517303,167.85450619449003,166.4947418007729,166.57135009765625,45446200,QQQ
2019-06-03,166.12129953607695,166.57136418612092,162.08988802594664,162.90382385253906,75842300,QQQ
2019-06-04,164.73279092683072,167.5480836719402,164.10078345108403,167.49063110351562,47797800,QQQ
2019-06-05,169.0897588865713,169.11848516534351,166.98308231123985,168.73545837402344,34412700,QQQ
2019-06-06,169.02274980909164,170.48784872093427,168.27583721134985,170.0760955810547,29913200,QQQ
2019-06-07,170.98576692589157,174.05961026881465,170.7655272507088,173.36056518554688,45888300,QQQ
2019-06-10,174.5192401755973,177.00895808856006,174.48094334208275,175.3810577392578,41385300,QQQ
2019-06-11,177.21011876735565,177.535693133577,175.02683302327853,175.6205291748047,41260300,QQQ
2019-06-12,175.1417581581296,175.50564402748682,174.2799401230176,174.6055145263672,27758100,QQQ
2019-06-13,175.3332907943949,176.07061850134372,174.98856064913622,175.63970947265625,23715800,QQQ
2019-06-14,174.73955986196765,175.342841199709,174.22247200929064,174.8927764892578,22844100,QQQ
2019-06-17,175.27577172803416,176.43445217137113,175.08425828434864,175.9460906982422,20379500,QQQ
2019-06-18,178.02404720448294,179.75726803425997,177.564397391103,178.50283813476562,48177300,QQQ
2019-06-19,178.74218690076006,179.57527822610135,177.69842645221175,179.173095703125,31672900,QQQ
2019-06-20,181.67240109478232,181.7106979336642,179.22099428330188,180.8393096923828,40922000,QQQ
2019-06-21,180.6286653405313,181.7203080427045,180.18817126947863,180.5712127685547,39980400,QQQ
2019-06-24,180.93201869443652,181.11436381459296,180.48095907421018,180.57693481445312,19375200,QQQ
2019-06-25,180.45221531435504,180.55778279801584,177.20842776536523,177.47714233398438,33921100,QQQ
2019-06-26,178.65758886096017,179.78043505629498,178.014592218017,178.302490234375,22595700,QQQ
2019-06-27,178.94550519706257,179.40615667654427,178.49444543704112,178.98388671875,19709200,QQQ
2019-06-28,179.4157009255505,179.60763777089733,178.57117587725597,179.21417236328125,21179200,QQQ
2019-07-01,182.64990730189874,182.88983203428742,180.7880890355476,181.6326141357422,31025600,QQQ
2019-07-02,181.57504788634887,182.37159981367654,181.05681686959733,182.35240173339844,18035800,QQQ
2019-07-03,182.81308129186127,183.72479248046875,182.62112976260016,183.72479248046875,15792100,QQQ
2019-07-05,182.46751233279434,183.68631909692144,181.7573300470816,183.35043334960938,21415600,QQQ
2019-07-08,182.16046001251365,182.21803960797038,181.31592022889717,182.0644989013672,17598800,QQQ
2019-07-09,181.20073235093798,183.20649937563715,181.0471770248009,182.97618103027344,19193500,QQQ
2019-07-10,184.08946895386526,185.30827613860768,183.75356844679305,184.7996368408203,28374500,QQQ
2019-07-11,185.0779766883669,185.5482198737703,184.07988142707129,184.66529846191406,23736100,QQQ
2019-07-12,184.86683699514674,185.74015202167354,184.6940835473218,185.73056030273438,20211900,QQQ
2019-07-15,186.16242969040874,186.36397294726976,185.64419861309608,186.32557678222656,15606100,QQQ
2019-07-16,186.0952252942938,186.26796407474993,184.79962586549806,185.3658447265625,20190900,QQQ
2019-07-17,185.3658584722952,185.69216726598248,184.4349492583339,184.4541473388672,16765100,QQQ
2019-07-18,183.58083379642346,185.02038244172417,183.00502312461083,184.66529846191406,28877000,QQQ
2019-07-19,185.9320611677944,186.018430550096,183.1201359119552,183.31207275390625,29387900,QQQ
2019-07-22,183.72479030425623,185.164338893589,183.72479030425623,184.77085876464844,18954900,QQQ
2019-07-23,185.77852817975426,185.99925484235203,184.54050830916842,185.9800567626953,23786700,QQQ
2019-07-24,185.26990385023888,187.29486942404915,185.25070576903275,187.28526306152344,20422900,QQQ
2019-07-25,186.65187085645834,186.680660656042,185.1547280588826,185.50982666015625,23434700,QQQ
2019-07-26,186.6902355104539,187.6691325394075,186.594259757948,187.4196014404297,20431200,QQQ
2019-07-29,187.2468691014347,187.314040415425,185.5961856796736,186.776611328125,20451700,QQQ
2019-07-30,185.34667573998604,186.69984022390932,185.21231846343179,185.97047424316406,18705000,QQQ
2019-07-31,186.46950160849616,186.59425250929502,181.69020512500984,183.39846801757812,41627500,QQQ
2019-08-01,183.71519961821673,187.12213449912412,181.60386443580194,182.48678588867188,63251600,QQQ
2019-08-02,181.11438921467683,181.37351203459949,178.70555009271143,179.7996063232422,55214000,QQQ
2019-08-05,176.0375957275831,176.114373411468,171.97807270764764,173.4464111328125,75040000,QQQ
2019-08-06,175.04909368986904,176.3926810911231,173.7727068922526,175.8744354248047,41897200,QQQ
2019-08-07,173.9646553021642,177.07407093089796,172.64026589357272,176.82455444335938,49990600,QQQ
2019-08-08,177.62107707477912,180.73050683342655,177.1316358995564,180.67291259765625,38418100,QQQ
2019-08-09,179.80920713447338,180.42341391523954,177.57310668347526,178.97427368164062,33608900,QQQ
2019-08-12,177.87059426745313,178.4080233194846,176.1047517696801,176.92050170898438,24642900,QQQ
2019-08-13,176.76698091162126,182.03571963848822,176.60383382064643,180.79771423339844,40241900,QQQ
2019-08-14,177.88980018514792,178.45601905821513,175.0682828938041,175.3945770263672,51000500,QQQ
2019-08-15,175.62493111394508,176.19115005492606,173.85908832655736,175.1930694580078,36685000,QQQ
2019-08-16,176.78616712439924,178.45603408687566,176.6805996439333,178.00497436523438,32781400,QQQ
2019-08-19,180.57693616983818,181.2199326315347,179.94353142470112,180.83604431152344,22494100,QQQ
2019-08-20,180.38499785700824,181.03758602992903,179.38690287698097,179.4348907470703,19902900,QQQ
2019-08-21,181.00883231487717,181.6038410198232,180.38503381090763,181.0280303955078,20418500,QQQ
2019-08-22,181.3639298787213,181.82459598536545,179.02226175674122,180.442626953125,24243700,QQQ
2019-08-23,179.21418360693562,180.8552605780289,174.24293553066067,174.73239135742188,55372400,QQQ
2019-08-26,176.7189942776766,177.41957053066508,175.70171555978598,177.37159729003906,27598900,QQQ
2019-08-27,178.60958591037726,178.90709026474875,176.30631411072812,176.99728393554688,28012800,QQQ
2019-08-28,176.42149116646308,177.9282111715968,175.53856973242583,177.63070678710938,21792400,QQQ
2019-08-29,179.83802504530934,180.8649101757767,179.15663219827016,180.34666442871094,25358900,QQQ
2019-08-30,181.31591667912633,181.35431283790857,178.89748585422632,179.91476440429688,26319800,QQQ
2019-09-03,178.71512620974687,179.63642893195677,177.5730822020585,178.1680908203125,27964200,QQQ
2019-09-04,179.88599597715196,180.8936829291597,179.36775027893282,180.74012756347656,21592100,QQQ
2019-09-05,182.73627308667636,184.57889323781566,182.66908713388784,184.05105590820312,33932600,QQQ
2019-09-06,184.35818450173164,184.42535581720358,183.46565681332962,183.8687286376953,19487800,QQQ
2019-09-09,184.44453165179706,184.52130932010823,182.553923670683,183.48483276367188,24407600,QQQ
2019-09-10,182.49639501419955,183.05302228192508,181.2967710692343,182.95704650878906,23744700,QQQ
2019-09-11,183.3025183703362,184.7708567438894,182.88024844573485,184.6748809814453,25063600,QQQ
2019-09-12,185.80736311233716,186.86303809223168,185.1931562087206,185.4426727294922,28689900,QQQ
2019-09-13,185.17396726737638,185.60582900089364,184.54056224816523,184.78048706054688,27669800,QQQ
2019-09-16,183.59046341496838,184.33902763383813,183.40811822045046,183.95513916015625,20319000,QQQ
2019-09-17,183.97432046754864,184.8380584716797,183.5808403093505,184.8380584716797,20953400,QQQ
2019-09-18,184.45411980144505,184.83800813557625,182.44835267857837,184.76123046875,29781300,QQQ
2019-09-19,185.08755745607831,186.21999529433003,184.7132754161999,185.068359375,26039400,QQQ
2019-09-20,185.3274828919966,185.51941977194406,182.49637364219686,183.11058044433594,29086100,QQQ
2019-09-23,183.05673223922244,183.73949914661742,182.44128678572116,183.1913604736328,22485900,QQQ
2019-09-24,184.02794293611623,184.4318275629649,179.96984520058388,180.75839233398438,40820700,QQQ
2019-09-25,180.575713445676,183.26829280454317,179.06595500941023,182.7874755859375,34704900,QQQ
2019-09-26,182.54706666778287,182.71054276102697,180.76803709260102,182.1143341064453,26826000,QQQ
2019-09-27,182.45082490392696,182.5469941786475,178.6235254786616,179.8544158935547,40773500,QQQ
2019-09-30,180.58532140928105,181.85468588784218,180.21028457213833,181.56619262695312,26307700,QQQ
2019-10-01,182.22970657284932,183.2778844769089,179.78716181702353,180.08526611328125,32367600,QQQ
2019-10-02,178.8639840436429,178.89283189945732,175.9983178701984,176.98880004882812,48544300,QQQ
2019-10-03,176.96956270212303,179.06593314948006,174.84435907241675,178.93130493164062,39392500,QQQ
2019-10-04,179.9025691876663,181.82583802909096,179.7102452381992,181.56619262695312,31887600,QQQ
2019-10-07,181.04692952586643,182.4605333999197,180.70074052255998,181.01808166503906,21216000,QQQ
2019-10-08,179.88327750192735,180.65258773842868,178.16195887037355,178.3061981201172,32379300,QQQ
2019-10-09,179.81597013088356,180.86414780444417,179.27744269580575,180.0467529296875,20147400,QQQ
2019-10-10,180.09486474319561,182.16237255241103,179.9409997385297,181.44114685058594,25177700,QQQ
2019-10-11,183.50869763855286,185.23964252459825,183.40291726570072,183.7779541015625,40976700,QQQ
2019-10-14,183.51828893130602,184.34529502814203,183.3355760639367,183.75869750976562,14975000,QQQ
2019-10-15,184.32607108931563,186.5282220386867,184.210679659087,186.09548950195312,23234200,QQQ
2019-10-16,185.46080872733805,186.1051020067386,185.04729831018471,185.63389587402344,20457100,QQQ
2019-10-17,186.7494003721813,187.03789363122357,185.41272912288295,186.1243438720703,19045200,QQQ
2019-10-18,185.7877867228123,186.23975612203984,183.3933261539031,184.33572387695312,27700800,QQQ
2019-10-21,185.3165699006643,186.09549140944398,184.76843125470745,185.97047424316406,15801200,QQQ
2019-10-22,186.70127945591918,186.96092480596693,184.43182209140176,184.48953247070312,22392300,QQQ
2019-10-23,184.11451536412517,184.88381108978436,183.81639639605052,184.84535217285156,14828400,QQQ
2019-10-24,186.1627985263961,186.7590218276546,185.34541809677967,186.64361572265625,18998500,QQQ
2019-10-25,185.6819996546259,188.23033985031984,185.64354073141527,188.13417053222656,21507100,QQQ
2019-10-28,189.00919558435154,190.24008612552413,189.00919558435154,189.9900665283203,18818700,QQQ
2019-10-29,189.67274112719028,189.96121965797724,188.48992045746817,188.51876831054688,18569700,QQQ
2019-10-30,188.88423437450666,189.74971417192347,187.79758276510225,189.432373046875,21764300,QQQ
2019-10-31,189.98044014629969,190.06698369810826,188.4225975202546,189.51885986328125,26801800,QQQ
2019-11-01,190.33629566317134,191.24986011026004,190.04781707290852,191.240234375,22131900,QQQ
2019-11-04,192.50954770446972,192.83649980212834,191.24018355115086,192.42300415039062,19015900,QQQ
2019-11-05,192.66342153861095,192.855745447629,191.89411122916502,192.52879333496094,15048900,QQQ
2019-11-06,192.30764533894597,192.32688213570498,191.16329804249827,192.09608459472656,19725500,QQQ
2019-11-07,193.0577128102473,193.98088827116,192.18263667637697,192.74037170410156,17832400,QQQ
2019-11-08,192.39417421913194,193.52889560729912,191.8844945597673,193.50965881347656,15258800,QQQ
2019-11-11,192.528835214425,193.32697887679592,192.2691898104162,193.25006103515625,10147600,QQQ
2019-11-12,193.41351086535647,194.45207766699806,193.11540658100446,193.80776977539062,14778300,QQQ
2019-11-13,193.1346397145884,194.03857835311732,193.0096372267365,193.85586547851562,15774600,QQQ
2019-11-14,193.12503926956595,193.82702827649825,192.53844169572483,193.70201110839844,16945400,QQQ
2019-11-15,194.87522503911487,195.12525939941406,194.25016848512286,195.12525939941406,18427900,QQQ
2019-11-18,194.8175338938674,195.5868444445773,194.02900121758896,195.2791290283203,18365900,QQQ
2019-11-19,196.0195352198238,196.0195352198238,194.81749232624654,195.56756591796875,16923300,QQQ
2019-11-20,195.05793933541133,195.64453696998393,192.92310956194245,194.3944091796875,36629000,QQQ
2019-11-21,194.18278063696917,194.31742350702146,193.35578933834822,193.96160888671875,17883600,QQQ
2019-11-22,194.4424699492782,194.55787605351466,193.03849196255794,194.086669921875,17189600,QQQ
2019-11-25,194.92329084475682,196.4234381679387,194.89444298649383,196.38497924804688,17752800,QQQ
2019-11-26,196.50999011090897,197.01002942034103,196.22149686415904,196.760009765625,14780600,QQQ
2019-11-27,197.26965161204814,198.144742310713,197.0292430469231,198.13511657714844,16963100,QQQ
2019-11-29,197.63508581783285,197.9331901036559,197.13503187234338,197.231201171875,9854600,QQQ
2019-12-02,197.24081041972875,197.3081171900823,194.03856646330578,195.21176147460938,28007000,QQQ
2019-12-03,192.52882670667788,193.75971754579666,191.58641444440238,193.6827850341797,31104100,QQQ
2019-12-04,194.67326098840758,195.1252303086969,194.38476774750737,194.66363525390625,15300100,QQQ
2019-12-05,195.356024707508,195.356024707508,194.096285976953,195.04830932617188,14962300,QQQ
2019-12-06,196.47152544633008,197.2792948352332,196.31766041795518,197.1350555419922,16555300,QQQ
2019-12-09,196.77925082818098,197.7024116297453,196.15417966777412,196.24073791503906,13984100,QQQ
2019-12-10,196.33683953880416,197.01960623078728,195.63485072895338,196.0771942138672,21799800,QQQ
2019-12-11,196.5196055794728,197.31776388825116,196.21187552980462,197.11581420898438,18780800,QQQ
2019-12-12,196.91386285032556,199.36603328898818,196.64460641591458,198.58709716796875,32612000,QQQ
2019-12-13,198.48132846125282,199.93340575356623,198.0582216633157,199.24102783203125,32519400,QQQ
2019-12-16,200.54881787211528,201.4912152914474,200.4814964340476,201.24119567871094,21296600,QQQ
2019-12-17,201.5008371706039,201.66432790801144,201.02002003872718,201.35659790039062,15996100,QQQ
2019-12-18,201.52973484404973,202.06824777792636,201.2989372980839,201.510498046875,15443300,QQQ
2019-12-19,201.59703799516552,202.83753993313138,201.57780119833706,202.77023315429688,17865900,QQQ
2019-12-20,203.7318552508478,204.36653744742344,203.1644945024131,203.58761596679688,27672600,QQQ
2019-12-23,204.30847521608393,204.4530272174162,203.95190380933877,204.1253662109375,23774700,QQQ
2019-12-24,204.30843778929292,204.39516897420418,203.7687574762641,204.23133850097656,7089000,QQQ
2019-12-26,204.5590343437983,206.0528020612346,204.53012394389594,206.0335235595703,17067500,QQQ
2019-12-27,206.75631345496978,206.7755919566795,205.3107346356919,205.8600616455078,18134100,QQQ
2019-12-30,205.75408629725408,205.8793745215036,203.49898649190698,204.51089477539062,21815500,QQQ
2019-12-31,203.85552850796174,205.04089904900556,203.5374993959376,204.89634704589844,18170900,QQQ
2020-01-02,206.62141055085482,208.31756591796875,206.21665021239065,208.31756591796875,30969400,QQQ
2020-01-03,205.56131512712398,207.6525840959463,205.54203662503116,206.4093780517578,27518900,QQQ
2020-01-06,204.79034030016408,207.7682292486953,204.53977858942946,207.73931884765625,21655300,QQQ
2020-01-07,207.8164131453682,208.29827275799474,207.05508142770114,207.7104034423828,22139300,QQQ
2020-01-08,207.68150602390165,210.22572434939758,207.3538449960792,209.27163696289062,26397300,QQQ
2020-01-09,210.99664143095043,211.4495905399802,209.81127117155887,211.04483032226562,23547000,QQQ
2020-01-10,211.87366690111043,211.8929306969113,210.12932283874846,210.5051727294922,21898500,QQQ
2020-01-13,211.37257143865799,212.96270251897704,211.03526377667973,212.9337921142578,22756900,QQQ
2020-01-14,212.82775825920564,213.18434438562113,211.76767589427655,212.0953369140625,24418100,QQQ
2020-01-15,212.21096301163251,213.17468220306154,211.48817361806076,212.1820526123047,25742100,QQQ
2020-01-16,213.24216398162028,214.2540721418806,212.78921475469602,214.21551513671875,18805000,QQQ
2020-01-17,215.1792416958493,215.44908192038469,214.06132379123738,215.27561950683594,24325200,QQQ
2020-01-21,214.67809161639136,215.71891015540382,214.58172851594986,215.17922973632812,21146300,QQQ
2020-01-22,216.26823460908247,216.98137742359447,215.4779777868317,215.74781799316406,20736400,QQQ
2020-01-23,215.6225132507356,216.53804343993446,214.6202371679939,216.44166564941406,26496100,QQQ
2020-01-24,217.45360666700074,217.68490457627922,213.62764014400184,214.62026977539062,37436500,QQQ
2020-01-27,209.7727574021594,211.32434590904438,209.30052969825945,210.18716430664062,42264400,QQQ
2020-01-28,211.67125918832176,213.90709452345268,211.112300354539,213.41558837890625,26731900,QQQ
2020-01-29,214.6009736810809,214.8419034690497,212.8181020732241,213.76254272460938,28924500,QQQ
2020-01-30,212.3844224019062,214.62024309287722,211.7194538624423,214.5238800048828,39568100,QQQ
2020-01-31,215.4201582903583,215.4490686908412,210.37026423164505,211.12197875976562,52015800,QQQ
2020-02-03,212.153138148339,214.80336587399313,212.00858615446927,214.31187438964844,25408600,QQQ
2020-02-04,217.24162691371654,219.59310461911187,216.4995588530356,219.21725463867188,30691200,QQQ
2020-02-05,221.85782438255845,221.89636668390315,218.61972697759555,219.9400177001953,38534800,QQQ
2020-02-06,220.48928541956465,221.89632176947066,219.70867530493183,221.8385009765625,22467100,QQQ
2020-02-07,220.84588763527864,222.07944699148595,220.24837175276227,220.88442993164062,25884900,QQQ
2020-02-10,220.15201228337645,223.5635717172881,220.09419148528795,223.55393981933594,21478900,QQQ
2020-02-11,224.78748526718863,225.52955310878127,223.00459900893256,223.59246826171875,30198000,QQQ
2020-02-12,224.9128286888529,225.87654804776622,224.35386969606031,225.77053833007812,24471300,QQQ
2020-02-13,224.19962079400128,226.4065311607429,223.92978061043078,225.4813690185547,22773200,QQQ
2020-02-14,225.83797173010817,226.33910987135076,225.07663997194174,226.12709045410156,23438500,QQQ
2020-02-18,225.02842046210606,226.63782967038173,224.78749067574404,226.2137908935547,24394500,QQQ
2020-02-19,227.5630343389917,228.85441462251333,227.2931941216943,228.38218688964844,22230500,QQQ
2020-02-20,227.88103394871118,228.3532469152331,223.46719852997722,226.26197814941406,42604000,QQQ
2020-02-21,225.13446837706815,225.51995021861518,221.00011901149605,221.9156494140625,66017200,QQQ
2020-02-24,213.63726017708728,216.11402552137415,212.26878070986876,213.3577880859375,84522600,QQQ
2020-02-25,215.15034170917147,215.86349931150477,206.94909545569362,207.5562286376953,97743000,QQQ
2020-02-26,208.84759679251124,212.2880667308365,207.10325266735435,208.6259307861328,79537700,QQQ
2020-02-27,203.2483721444078,208.5681062130514,198.04429437857868,198.17921447753906,121822600,QQQ
2020-02-28,191.4331276955741,199.65364899328674,190.98017862199177,198.33335876464844,148173700,QQQ
2020-03-02,201.30164921281633,208.71265140411816,198.46831272148094,208.56808471679688,112933900,QQQ
2020-03-03,209.23306461036697,211.6423624780626,200.08736461072698,201.8798828125,131953500,QQQ
2020-03-04,205.58062217606215,210.4088509049717,203.70135764855297,210.30284118652344,73086200,QQQ
2020-03-05,204.97345769445946,208.51030571639828,202.47742826806606,203.91336059570312,78705500,QQQ
2020-03-06,197.24441971991618,201.5618778990907,195.5482791115377,200.47288513183594,89828400,QQQ
2020-03-09,186.46038849463562,193.86175966862743,185.14009788357802,186.54713439941406,116424000,QQQ
2020-03-10,193.8135845974811,196.887851447301,186.65314271484766,196.70474243164062,100599200,QQQ
2020-03-11,192.11741758517988,193.46661850713986,185.73758684085925,188.1372528076172,89168800,QQQ
2020-03-12,175.48361803042835,183.85833987007013,170.52047024655613,170.88668823242188,137820700,QQQ
2020-03-13,180.28296555639227,187.4241139595875,171.66731318500624,185.36175537109375,134882000,QQQ
2020-03-16,167.83168282781844,177.97964422455982,163.02273371681625,163.15765380859375,92054400,QQQ
2020-03-17,169.1038092730566,177.70018277612678,163.62024466987097,175.5318145751953,121257100,QQQ
2020-03-18,165.38386096925564,172.71776504502085,160.74837373270967,170.1928253173828,114156300,QQQ
2020-03-19,169.3158576600736,176.83287165123687,165.40315938937735,171.21438598632812,120896500,QQQ
2020-03-20,175.14635103014504,176.2353438405754,163.92865895647157,164.5068817138672,118983900,QQQ
2020-03-23,165.0699340124014,168.24733571628911,159.2849479248567,164.6256866455078,124639800,QQQ
2020-03-24,173.75217729603546,177.53800467075953,171.85925624041215,177.3738250732422,94881800,QQQ
2020-03-25,178.1078743312559,183.02365590102409,173.81983938539278,176.06044006347656,88754900,QQQ
2020-03-26,177.57666225101244,186.1237584956269,177.3255665967264,185.33181762695312,79887600,QQQ
2020-03-27,180.53191767157102,183.9893863558448,178.3396238407872,178.9577178955078,58845000,QQQ
2020-03-30,180.6574658606257,185.90162006711387,179.96210823394748,185.46701049804688,49356900,QQQ
2020-03-31,185.1579908173705,188.56716814577018,182.72423886155386,183.88316345214844,62659300,QQQ
2020-04-01,178.44587635715587,181.23695965981682,174.66970049575394,176.070068359375,53715400,QQQ
2020-04-02,175.03670596126688,183.59345543515303,174.77594312185715,179.6434326171875,56465300,QQQ
2020-04-03,179.19917320434047,180.66715220952585,175.08497102009434,177.09378051757812,47487600,QQQ
2020-04-06,183.96045777832654,190.88504920532145,182.71461695109656,189.75509643554688,64763500,QQQ
2020-04-07,195.44344519329564,195.72352756974777,189.29147690942696,189.6777801513672,69904500,QQQ
2020-04-08,191.36790980752508,194.2845483290108,189.4556834361989,193.70509338378906,45940400,QQQ
2020-04-09,195.42416018310405,196.26437792469775,192.21778695074894,193.9851531982422,68252600,QQQ
2020-04-13,193.1546109230474,196.45755300144822,191.94739460477834,196.08090209960938,42853900,QQQ
2020-04-14,200.13713928672698,205.2267672405194,199.35486549650153,204.60867309570312,63959600,QQQ
2020-04-15,201.3443441894699,204.57968952602957,200.03089236387422,202.26182556152344,47036000,QQQ
2020-04-16,204.4444465930339,207.03271062607504,202.5129009911142,205.9510498046875,64657400,QQQ
2020-04-17,208.77113429098793,209.09949355322345,204.8211265103519,207.92124938964844,62863200,QQQ
2020-04-20,206.05734698756143,208.49109929959357,205.29439273084583,205.4585723876953,38249100,QQQ
2020-04-21,203.39179805275919,203.93262857054916,196.66035911817565,197.87722778320312,72932800,QQQ
2020-04-22,201.94312433773194,205.08188634127163,201.199475059897,203.74911499023438,40089100,QQQ
2020-04-23,204.54103512758533,207.10034214349758,202.90889131228306,203.31451416015625,43278500,QQQ
2020-04-24,203.7491406157427,206.96516662607795,202.3294530597426,206.52090454101562,34231900,QQQ
2020-04-27,208.79047909378295,209.21542159577743,207.15832027318018,208.18203735351562,36451700,QQQ
2020-04-28,209.8818235317285,209.8818235317285,203.98094912228035,204.26101684570312,46862800,QQQ
2020-04-29,208.79046793833598,212.44108871183653,207.77640333757992,211.50428771972656,48716400,QQQ
2020-04-30,212.4217864372169,212.5087024778297,209.91078526594984,211.41738891601562,43359500,QQQ
2020-05-01,207.1583277202499,209.25405355630917,204.4348405340307,205.4585723876953,48795000,QQQ
2020-05-04,204.22232202692146,208.0757460534864,203.8939480763618,207.85362243652344,32841000,QQQ
2020-05-05,209.99767281483525,212.6052568351252,209.42787031053436,210.21014404296875,37783100,QQQ
2020-05-06,211.8905910264305,213.47445816235918,210.64475033626272,211.50428771972656,36455200,QQQ
2020-05-07,214.2277374267578,215.10657950723328,212.87564661525315,214.2277374267578,38624800,QQQ
2020-05-08,215.89855130961155,217.29891917476593,214.86516715378124,217.16371154785156,31852300,QQQ
2020-05-11,215.84057156583782,220.12859048250655,215.60878078526505,219.10487365722656,35714100,QQQ
2020-05-12,219.7037130501463,220.29283519099184,214.48852981892514,214.5175018310547,41054100,QQQ
2020-05-13,215.03904594373472,216.9223005761182,209.29269884019396,211.83267211914062,65521200,QQQ
2020-05-14,210.50955737467632,214.2760664553529,208.59733082114263,214.23744201660156,51549300,QQQ
2020-05-15,211.29178730188508,215.68605680731994,210.8571924577266,215.62811279296875,55747200,QQQ
2020-05-18,218.5350885059672,220.85293754879643,217.75281482242545,219.64572143554688,42398100,QQQ
2020-05-19,219.90647576259502,221.98289623923193,218.95037006914487,219.09523010253906,36237300,QQQ
2020-05-20,221.64487418703376,223.82751557322564,221.6255546033614,223.47018432617188,37417000,QQQ
2020-05-21,223.51849683462507,224.1945349611781,220.52459475578544,221.0364532470703,43642900,QQQ
2020-05-22,220.6308010864211,222.00219674297972,219.7133198409833,221.7993927001953,28762400,QQQ
2020-05-26,225.3727997292555,225.57561855400007,220.9592098134664,221.20065307617188,33055300,QQQ
2020-05-27,220.86257879474508,222.52370915059407,216.27515810264975,222.40780639648438,55665600,QQQ
2020-05-28,221.26827900546365,225.47905037705462,221.21033497639812,222.1181640625,42784300,QQQ
2020-05-29,222.4948031307782,225.60459357481275,220.93024074674634,225.372802734375,50691800,QQQ
2020-06-01,224.50358499805844,226.42546372482894,224.05932295984263,226.04881286621094,25776000,QQQ
2020-06-02,226.47378098706872,227.6230532782803,224.06900077932698,227.5651092529297,33383400,QQQ
2020-06-03,228.17354657524794,229.3421385066041,227.294704256804,228.58883666992188,37228700,QQQ
2020-06-04,228.24110337725907,229.6511235103212,225.68179643834645,226.985595703125,38716100,QQQ
2020-06-05,228.1348963147749,232.0752518726521,227.56509378884476,231.4861297607422,47365600,QQQ
2020-06-08,231.341242413212,233.4079959050743,229.76704254967692,233.28245544433594,32937300,QQQ
2020-06-09,232.42295485244995,235.8224655112898,232.23945560791896,234.97259521484375,35046300,QQQ
2020-06-10,236.6627259557278,239.33792184989457,236.14120017450344,237.7926788330078,58084400,QQQ
2020-06-11,233.8715684089503,235.25261657892358,225.95223359629532,226.0101776123047,72919400,QQQ
2020-06-12,230.90662587455597,232.1717859431157,223.80820430878626,227.80650329589844,72034800,QQQ
2020-06-15,224.48423815167155,231.25430036035334,223.54743733103558,230.57826232910156,45307400,QQQ
2020-06-16,235.4361409431384,236.02526306305504,230.91633037317598,234.53797912597656,48890100,QQQ
2020-06-17,236.0349332881963,237.09728956374468,234.422094023702,235.28163146972656,34749300,QQQ
2020-06-18,234.96290105421258,236.1604648506583,234.19029446195202,235.9190216064453,30578600,QQQ
2020-06-19,238.28513610887617,238.54589891002493,234.15162940385116,235.88037109375,49422100,QQQ
2020-06-22,235.74881154787224,238.83498729885778,235.4585876156787,238.709228515625,24068700,QQQ
2020-06-23,240.30549411155485,242.97565734413317,239.75405393578563,240.7408447265625,32767400,QQQ
2020-06-24,239.98624113416216,241.21490982146324,234.27827785162066,235.77783203125,46032400,QQQ
2020-06-25,235.8649239122379,238.3222467820991,233.29149670339368,238.0223388671875,36940800,QQQ
2020-06-26,237.78044585924073,237.95459496475345,231.8789804094809,232.4014129638672,52824600,QQQ
2020-06-29,232.15957332663174,234.94584119916232,229.6248525472428,234.9361572265625,34377800,QQQ
2020-06-30,234.86841724587862,240.08298495739132,234.68459893265793,239.5412139892578,38909200,QQQ
2020-07-01,239.5799280296446,243.33364832067178,239.03815701076502,242.33717346191406,34689200,QQQ
2020-07-02,244.78482936675303,245.99414496054678,243.51746898640175,243.98184204101562,31956500,QQQ
2020-07-06,247.13574447485212,250.5024751273051,247.11639129095556,249.98007202148438,34589000,QQQ
2020-07-07,249.7284810450246,252.38897502047544,247.95802670229682,248.2579345703125,36578200,QQQ
2020-07-08,249.583379604465,251.55696123366448,248.15153943046374,251.52793884277344,30426300,QQQ
2020-07-09,253.44354123293766,254.31424260771402,249.2448007829336,253.64669799804688,40312900,QQQ
2020-07-10,253.50163363436184,255.63004141628036,250.82180024358087,255.3784942626953,32885300,QQQ
2020-07-13,258.22269297315665,261.008960278286,249.30278172307214,250.1251220703125,64108100,QQQ
2020-07-14,247.60009296158933,252.3019271171447,244.53327053443735,251.8955841064453,72230500,QQQ
2020-07-15,253.30814072034545,254.14016543857565,249.10939932530377,252.40841674804688,54523900,QQQ
2020-07-16,249.6220908690507,251.3248167676321,247.30021070463584,250.68629455566406,47594100,QQQ
2020-07-17,251.14104344335112,251.83761056996914,248.79982443743594,250.97659301757812,35137900,QQQ
2020-07-20,251.61489234453472,258.72567014347885,250.36690057571508,258.0968322753906,40610100,QQQ
2020-07-21,259.6642094373432,259.6738934087916,254.56574609122862,255.4074249267578,43243800,QQQ
2020-07-22,255.9008459459863,257.2359349932183,254.00461796837638,256.3071594238281,29865500,QQQ
2020-07-23,255.90085230881024,256.6070736888156,248.19990969040234,249.61241149902344,51363500,QQQ
2020-07-24,245.77164022630512,248.56757751578107,243.1401828616405,247.24217224121094,54054500,QQQ
2020-07-27,248.88686258351555,252.04073794826013,248.10322834808824,251.6537628173828,36445700,QQQ
2020-07-28,250.87007751423138,251.3925100729386,248.1612226252013,248.45144653320312,31302400,QQQ
2020-07-29,249.9897344930615,252.17618671676647,249.5156921885378,251.3151397705078,27556900,QQQ
2020-07-30,249.35115132339854,253.1919382119114,248.19988070151143,252.63082885742188,41774500,QQQ
2020-07-31,257.25524971065187,257.2939560702197,252.35994333802887,257.13916015625,53686300,QQQ
2020-08-03,259.2772157927388,261.3572323280069,259.1514422701452,260.6123046875,32081600,QQQ
2020-08-04,260.1092871633935,261.6765851474885,259.36435930360824,261.579833984375,24911300,QQQ
2020-08-05,262.0635464294465,262.6827006969021,261.17347710986314,262.2279968261719,21612100,QQQ
2020-08-06,262.03451859036824,266.030102185925,261.39599638999357,265.701171875,28048200,QQQ
2020-08-07,265.15931367779456,265.93329323320563,260.4865320544736,262.63427734375,44969400,QQQ
2020-08-10,262.9244959903747,263.1276822270447,257.99051297274144,261.51202392578125,35088400,QQQ
2020-08-11,260.3511438334103,261.6378722697648,256.0169752671021,256.5587463378906,43104300,QQQ
2020-08-12,258.7161952017296,263.9597719206163,258.66780485566227,263.01165771484375,38773400,QQQ
2020-08-13,263.78564562330496,265.88500136033656,262.67308096999074,263.61151123046875,31895700,QQQ
2020-08-14,264.23059540468074,264.50148089636525,261.9087155439127,263.3018493652344,30799500,QQQ
2020-08-17,265.01426610988574,266.8621039966272,263.3405921181047,266.3590393066406,24803000,QQQ
2020-08-18,267.4232508621353,269.39683283615625,265.96238804200317,268.92279052734375,23529500,QQQ
2020-08-19,268.8840725870389,269.9385922940173,266.60089880480473,267.1136474609375,31999400,QQQ
2020-08-20,266.32038155283476,271.3027571180356,265.9140384228306,270.81903076171875,27723400,QQQ
2020-08-21,271.0124733975465,273.1505351545465,270.3642672322133,272.6958312988281,34748900,QQQ
2020-08-24,275.96579721751306,276.6913865178221,272.1153260351239,274.3985290527344,36418500,QQQ
2020-08-25,273.6245590254986,276.7494410173016,273.1795391724885,276.5559387207031,34866600,QQQ
2020-08-26,277.8039837438717,282.7089750801637,276.5269393383919,282.4574279785156,42216700,QQQ
2020-08-27,283.43457879796097,284.28594177799596,279.3132214283867,281.5770568847656,49482700,QQQ
2020-08-28,282.8153783041637,283.6377188397529,281.4609506995913,283.0088806152344,28021000,QQQ
2020-08-31,283.53129260256844,287.0915104824484,283.09592719649555,285.2823791503906,36321000,QQQ
2020-09-01,287.93319733325944,290.27444528456937,286.16277231654675,290.1583557128906,36216200,QQQ
2020-09-02,293.4089789537744,293.6218196745437,287.22697312776324,292.9059143066406,50836800,QQQ
2020-09-03,288.39764380548326,288.90070855985175,275.15321453022233,278.0555725097656,110083300,QQQ
2020-09-04,276.2657252124288,279.5260353152859,262.95356976582957,274.35015869140625,123959000,QQQ
2020-09-08,263.3598633923325,269.1645771285318,260.8831878934982,261.16375732421875,99568600,QQQ
2020-09-09,266.66854876125336,270.93498714476664,264.11446068407344,268.83563232421875,64837900,QQQ
2020-09-10,271.79617364182667,273.0151735352991,261.75400953199926,263.47607421875,69667500,QQQ
2020-09-11,265.2271091905795,266.2622904991096,258.2130782424053,261.6475524902344,71809000,QQQ
2020-09-14,265.4302439467507,268.19717334742415,264.07581640152523,266.2042236328125,38525200,QQQ
2020-09-15,269.9482420132667,271.32203741207366,266.17518355781664,269.9772644042969,41849900,QQQ
2020-09-16,270.7706127550769,271.2349710635181,265.3238504092941,265.672119140625,42321000,QQQ
2020-09-17,258.841866588255,265.46892114580163,258.0001877606345,261.521728515625,81570800,QQQ
2020-09-18,262.94402418439034,263.2342482360827,254.0821523394557,258.18414306640625,86251100,QQQ
2020-09-21,253.92725388489964,258.938650650959,251.6440506769576,258.80322265625,57168600,QQQ
2020-09-22,261.20253403231925,264.1919592065895,257.8648400723766,263.61151123046875,41128900,QQQ
2020-09-23,263.29219188406984,263.4760102209543,254.68187054174592,255.562255859375,48837300,QQQ
2020-09-24,252.8823878064297,259.9544622311648,252.71790791372052,256.752197265625,70631700,QQQ
2020-09-25,257.2552742914648,263.534030994483,255.69766055627156,262.72137451171875,55242400,QQQ
2020-09-28,267.5780110688686,268.1778564453125,262.82784506916073,268.1778564453125,58438300,QQQ
2020-09-29,267.61668244413096,268.6712020340795,266.40736692479027,266.968505859375,27050000,QQQ
2020-09-30,267.1620303274032,271.9412485466263,266.891144779623,268.7970275878906,49380800,QQQ
2020-10-01,272.6184566655552,273.67297638022234,270.73191242253915,273.0634765625,50020200,QQQ
2020-10-02,267.0362632139753,273.0538197289879,264.5402484294594,265.3819274902344,75497400,QQQ
2020-10-05,267.34573785743106,271.3606585893646,267.2393322869141,271.0414123535156,28184600,QQQ
2020-10-06,270.3546029716696,272.0379608118565,265.3238383473394,266.2042236328125,49704200,QQQ
2020-10-07,268.84533811728915,271.60255359693394,268.2551768522164,270.80926513671875,27539700,QQQ
2020-10-08,273.20850067066374,273.27622941180806,271.18652907638824,272.250732421875,25443300,QQQ
2020-10-09,273.89544539449054,276.4882403653257,273.50847032437207,276.41082763671875,30201100,QQQ
2020-10-12,281.0932848969225,287.7783845687081,280.0484492886036,284.9437561035156,79370700,QQQ
2020-10-13,286.7431507606252,287.381643184551,283.56987943335497,284.9339904785156,64240000,QQQ
2020-10-14,285.73712648576384,286.7045790694134,280.81279637790465,282.55419921875,36949100,QQQ
2020-10-15,277.8523225983736,281.248060219857,277.21380051395136,280.6579284667969,42514200,QQQ
2020-10-16,282.30261781514326,283.7247741213676,278.7714222185283,279.1197204589844,40570700,QQQ
2020-10-19,281.03524741066656,281.99304539448815,273.5858814018512,274.56298828125,36756800,QQQ
2020-10-20,275.2982186266941,278.258620243613,273.740634626473,275.1531066894531,32195400,QQQ
2020-10-21,275.40469541094143,277.9684384378739,274.45658140364156,274.9403076171875,29306100,QQQ
2020-10-22,275.77240429592644,276.67215782361285,271.68009791477607,274.93072509765625,32196200,QQQ
2020-10-23,275.5014039822625,275.63686148730443,272.60873081007645,275.4723815917969,24658500,QQQ
2020-10-26,273.18920721373644,276.0141516237852,267.7521295734599,271.34136962890625,38421100,QQQ
2020-10-27,272.3379259232388,274.28251523285076,271.0802492651122,273.4601745605469,30559100,QQQ
2020-10-28,268.9614649881043,269.5709647553025,262.5472505227228,262.7987976074219,53413500,QQQ
2020-10-29,264.1146080248672,270.3933670975308,263.6502200633226,267.394287109375,43246300,QQQ
2020-10-30,265.41085981745687,266.2815609805573,258.37749224167834,260.6123046875,65838300,QQQ
2020-11-02,263.00200278392623,264.6176321388095,258.28082923616364,261.19287109375,39987400,QQQ
2020-11-03,263.1083961377249,267.81023104252813,262.02485396893513,265.7108459472656,43604100,QQQ
2020-11-04,274.35976789488217,279.37116324230914,272.69574891753865,277.57171630859375,75728200,QQQ
2020-11-05,283.97632512437224,285.7758020888672,282.49612401172146,284.808349609375,52054200,QQQ
2020-11-06,284.15044739201414,285.7467380103803,280.3967272074456,285.0211486816406,40959800,QQQ
2020-11-09,287.96216736147034,289.40369134582903,278.7423482460267,279.1970520019531,86537100,QQQ
2020-11-10,275.88841524340836,277.329909878657,271.4864890873703,274.19537353515625,69024900,QQQ
2020-11-11,276.7204622668145,280.80311336475245,274.156718816236,280.3290710449219,36102900,QQQ
2020-11-12,281.29653977049674,282.5639003701791,277.9007715476698,279.0133361816406,34414600,QQQ
2020-11-13,280.7256937058883,282.0801212469425,278.50053533015796,281.4609375,24806900,QQQ
2020-11-16,281.1609695882644,283.9569207765208,280.55146994380436,283.6570129394531,30168400,QQQ
2020-11-17,283.8505502393088,284.1794805378679,282.1188020423801,282.75732421875,21843500,QQQ
2020-11-18,282.205908526477,283.82153768198714,280.58056587379644,280.6676330566406,28069600,QQQ
2020-11-19,280.1161475041133,283.1733003182524,279.4486030544655,282.86370849609375,22718400,QQQ
2020-11-20,282.7863250846613,283.53128232920227,280.84176583461374,280.9288330078125,25907300,QQQ
2020-11-23,281.92535911540415,283.2217420261678,278.69407104989295,280.9385681152344,26875600,QQQ
2020-11-24,282.0027532837775,285.3791829864817,280.203305591641,284.8857727050781,24516800,QQQ
2020-11-25,285.94986644210957,287.27527129063463,285.0017526155773,286.6367492675781,23326800,QQQ
2020-11-27,288.60072560591834,290.40020243829326,288.204066575533,289.2779541015625,17163100,QQQ
2020-11-30,289.59721751794035,290.20671729517454,285.1856366366247,289.86810302734375,27836200,QQQ
2020-12-01,292.14169582879094,295.20853390818513,291.038785568441,293.58319091796875,27521300,QQQ
2020-12-02,292.41254966450754,294.2990940527124,290.57439562110636,293.9604797363281,23620000,QQQ
2020-12-03,294.27005923343233,295.9243948502273,293.65087542111775,294.37646484375,22828700,QQQ
2020-12-04,294.4248094730478,295.7212218182587,293.7476104304128,295.5760803222656,19332100,QQQ
2020-12-07,295.7597797728493,297.617300836668,295.57596150783564,297.2496643066406,20851000,QQQ
2020-12-08,296.7757497269518,298.5558588522891,295.024662996755,298.2559509277344,18341500,QQQ
2020-12-09,298.04306999188924,298.32360993230856,290.4388787232526,291.5030822753906,48839300,QQQ
2020-12-10,289.4714407906166,293.7959544453921,288.3878987649172,292.6737060546875,27519500,QQQ
2020-12-11,291.01935393302256,292.15128623113674,288.75551886109844,292.0255126953125,26760400,QQQ
2020-12-14,293.21545054394346,296.0887852563194,293.1477513166906,294.14422607421875,28804800,QQQ
2020-12-15,296.3984438144814,297.28851318359375,294.2119915240718,297.28851318359375,25709000,QQQ
2020-12-16,297.6850935957013,299.7070654214321,296.64022854623624,298.9234313964844,25461900,QQQ
2020-12-17,300.5197938582186,301.109925748978,299.3201621299148,300.87774658203125,23730500,QQQ
2020-12-18,301.5162219990141,301.8258138564122,297.5980220193117,299.9682922363281,41173400,QQQ
2020-12-21,297.0228669180954,299.94018648660574,294.2509519140145,299.4071350097656,37095500,QQQ
2020-12-22,300.30850795630914,301.1420109826274,297.4008897341945,300.2212829589844,26176300,QQQ
2020-12-23,300.2697276304532,300.62832914085624,298.5542435491377,298.7093200683594,21201300,QQQ
2020-12-24,298.9709433921492,300.47320069715903,298.893419934846,300.0273742675781,16785000,QQQ
2020-12-28,302.63454860179166,303.5262310626723,300.80273521514425,303.0513000488281,22497700,QQQ
2020-12-29,304.37909320791135,304.9993991652534,302.4213079884554,303.3226623535156,25871900,QQQ
2020-12-30,304.4857855797049,304.8056105717975,302.7121218900881,303.3324279785156,18138100,QQQ
2020-12-31,303.2355611461822,304.56336900443426,302.1597563831878,304.0787658691406,21611400,QQQ
2021-01-04,305.40644690114704,305.58092643654595,295.7822397295423,299.7850646972656,45305900,QQQ
2021-01-05,298.7965787628583,302.5280284370665,298.7965787628583,302.2566223144531,29323400,QQQ
2021-01-06,297.54626155709104,302.27599188041745,296.55768202012894,298.06964111328125,52809600,QQQ
2021-01-07,300.7252375313277,306.11402054363856,300.6961625343405,305.280517578125,30394800,QQQ
2021-01-08,307.5678802824092,309.5547706636761,305.37746488866003,309.2058410644531,33955800,QQQ
2021-01-11,306.249752108564,307.4224832000481,304.0884118717858,304.73779296875,32746400,QQQ
2021-01-12,304.7765237949617,305.86202982994007,301.6169322098256,304.253173828125,29266800,QQQ
2021-01-13,304.5148547170226,307.10261833669665,303.9139516915649,306.3078918457031,22898400,QQQ
2021-01-14,306.7537703794752,307.7520516086555,304.1950517467256,304.66998291015625,23500100,QQQ
2021-01-15,304.45673925260405,305.4162438970654,301.01603959858863,302.2566223144531,35118700,QQQ
2021-01-19,304.57298488357054,307.17044985963673,303.477777373336,306.6664733886719,24537000,QQQ
2021-01-20,310.28164205481335,314.7399662658125,306.76341932672693,313.7998352050781,30728100,QQQ
2021-01-21,315.1373276057846,317.05636614976254,313.76107163791585,316.31005859375,25130600,QQQ
2021-01-22,315.2729853210208,316.40693962385825,314.71082935358044,315.39898681640625,21609400,QQQ
2021-01-25,318.7814859088355,320.1480696476685,311.51244234769047,318.006103515625,39080600,QQQ
2021-01-26,318.72334697789864,319.60532784323686,317.14353672338166,318.4713439941406,25498100,QQQ
2021-01-27,316.21320026631315,316.2228722146571,307.5872420790357,309.593505859375,55264000,QQQ
2021-01-28,310.7952540444055,316.3681877018211,310.1749481008374,311.42523193359375,42836300,QQQ
2021-01-29,309.7389401947867,310.8438495878964,303.12897562566866,304.87353515625,55259000,QQQ
2021-02-01,308.31411931482035,313.57693059334537,306.2884822397194,312.4914245605469,35646000,QQQ
2021-02-02,315.45715072768695,318.74274338725553,315.29237270849,317.5893859863281,33930800,QQQ
2021-02-03,319.6636005504615,320.0319036441765,316.27137880198893,316.32952880859375,24824500,QQQ
2021-02-04,317.7251554430915,320.157842676717,316.40701974736385,320.07061767578125,22350900,QQQ
2021-02-05,321.02042394773883,322.1640799698343,319.3824633831187,321.1560974121094,22732000,QQQ
2021-02-08,322.84250881266615,323.4627852420299,321.20454838611016,323.3077087402344,20462800,QQQ
2021-02-09,322.37726071840535,324.49982399899955,322.3675591945343,323.2398681640625,17597500,QQQ
2021-02-10,324.6743693155153,325.1298974039891,319.35343684333327,322.50335693359375,28068700,QQQ
2021-02-11,324.0345540247882,324.6839349088436,321.8926175419533,324.27685546875,22046100,QQQ
2021-02-12,323.4337715765903,326.2541649835537,322.38704196326086,326.08941650390625,20346800,QQQ
2021-02-16,326.8841049520655,327.77578750807453,324.0443384014163,325.2073974609375,27080800,QQQ
2021-02-17,322.231909705681,325.3236791131042,320.00274780804534,323.6469421386719,31360300,QQQ
2021-02-18,320.0609518390549,323.5888467814989,318.2485115255932,322.2319641113281,32236200,QQQ
2021-02-19,323.57914095192615,323.70514247994913,319.8089445264556,320.82659912109375,39157700,QQQ
2021-02-22,316.4457156421232,317.7056714383622,312.30721723717556,312.5107421875,47256900,QQQ
2021-02-23,307.23832938573645,313.24741895248553,301.4230928673944,311.58038330078125,97241900,QQQ
2021-02-24,308.92473819569517,314.458926239365,306.23034646139433,314.1487731933594,58206300,QQQ
2021-02-25,311.49317868001674,314.05186753500726,301.6557125973365,303.1967468261719,110182600,QQQ
2021-02-26,306.1236421449601,309.2832327779963,301.3066883829016,304.46630859375,104739800,QQQ
2021-03-01,309.43844940964163,313.9646553279137,308.14941819211657,313.62542724609375,49164500,QQQ
2021-03-02,314.26504533882803,314.34256880454757,308.3432108792186,308.5951843261719,48370000,QQQ
2021-03-03,307.4999240653366,308.44005490669593,299.58152897130867,299.6396789550781,86301100,QQQ
2021-03-04,299.271442392636,302.4310635748034,290.8684129401482,294.7355651855469,139131600,QQQ
2021-03-05,297.35238750821816,300.07585398861437,288.29033511498864,299.17449951171875,121523700,QQQ
2021-03-08,298.6317416108626,300.512003576939,290.2868923264038,290.7036437988281,88409800,QQQ
2021-03-09,298.0017680987758,304.06900708490633,297.4687166333101,302.1693420410156,80391100,QQQ
2021-03-10,306.4242312076411,306.7246827589697,300.6186956204412,301.30682373046875,76798100,QQQ
2021-03-11,306.0460997608665,310.01014786802676,305.15444700317596,308.2462158203125,53484800,QQQ
2021-03-12,304.1949616046045,308.4304164004417,301.8010513316527,305.7456970214844,69315600,QQQ
2021-03-15,306.0655372367336,309.17667987152043,304.4275769113143,309.01190185546875,42955700,QQQ
2021-03-16,311.20234284203747,314.21658880357774,309.2736324174418,310.7080383300781,54925900,QQQ
2021-03-17,307.67447751041885,313.8773904178107,305.958963843639,311.9874267578125,78258700,QQQ
2021-03-18,307.11225096678345,308.09115833384044,301.9754718261989,302.4309997558594,82718100,QQQ
2021-03-19,302.26628178699343,305.0382264310817,300.1243447287122,303.4971923828125,78446200,QQQ
2021-03-22,305.8893246619074,311.2558030028116,305.8893246619074,309.18878173828125,56194800,QQQ
2021-03-23,310.27560206820834,311.5953726848554,307.02465556652095,307.8398132324219,53455400,QQQ
2021-03-24,309.20815794592994,309.24698344349076,302.50248217460296,302.6480407714844,64803700,QQQ
2021-03-25,300.8042221864616,303.6378911365038,298.3005255349611,302.1239929199219,78729000,QQQ
2021-03-26,301.91052690579824,306.9761737612359,300.513134656362,306.65594482421875,63519600,QQQ
2021-03-29,306.122274868741,307.6167163293073,303.23038167816503,306.56866455078125,54608000,QQQ
2021-03-30,304.60838735325643,305.5982156181683,302.327870178271,305.0256652832031,44635700,QQQ
2021-03-31,306.81118082295455,311.2557376046905,306.47152436840304,309.693359375,55032500,QQQ
2021-04-01,313.51685851674256,315.10834847578525,313.26453721468926,314.9725036621094,55685600,QQQ
2021-04-05,317.4567949509735,322.02751230877504,317.2141874323933,321.2608642578125,42172500,QQQ
2021-04-06,320.95038456405575,322.9882642529045,320.2613578123154,321.0377197265625,33537200,QQQ
2021-04-07,320.56228434978607,322.64873355390307,319.6306793901837,321.81414794921875,32046400,QQQ
2021-04-08,324.66707892414195,325.35607597538365,323.87131916627106,325.17169189453125,29940800,QQQ
2021-04-09,323.81312481383054,327.34550476932856,323.0756180393598,327.1416931152344,36664900,QQQ
2021-04-12,326.1034068863233,327.1320606369448,324.83214556026877,326.71478271484375,25833000,QQQ
2021-04-13,328.2383335566623,330.9943520410831,328.02483770712075,330.528564453125,30374000,QQQ
2021-04-14,330.7710495750227,330.8972102051173,325.74422961469463,326.55938720703125,42564300,QQQ
2021-04-15,329.43190098231787,331.8968016818083,326.278003217147,331.50860595703125,36342800,QQQ
2021-04-16,332.0326648874163,332.11031588274375,330.02386739959644,331.8968200683594,40860100,QQQ
2021-04-19,330.3247340079446,331.47951864409623,326.9379126355204,328.859375,34533100,QQQ
2021-04-20,328.1995419220028,329.48048742067397,324.4924910388118,326.46246337890625,38081800,QQQ
2021-04-21,325.18141445261983,329.44161675184677,324.0945374930946,329.2572326660156,36598100,QQQ
2021-04-22,328.8690360322553,329.84915019130574,324.1333329065431,325.28814697265625,45936100,QQQ
2021-04-23,325.91891962784706,330.6934186170517,325.91891962784706,329.38336181640625,36381900,QQQ
2021-04-26,329.62607160195415,331.8095397674835,328.8788213204785,331.5281066894531,30812000,QQQ
2021-04-27,331.819161290806,332.0326571001832,329.14079431837337,330.091796875,33187200,QQQ
2021-04-28,329.76184556196415,330.7711011449007,328.32559837144595,328.9757995605469,33615700,QQQ
2021-04-29,332.2461170803668,332.6633948761398,326.937863752322,330.1596984863281,37708900,QQQ
2021-04-30,327.71426309227223,330.19856182815215,327.08345982266536,327.99566650390625,38263400,QQQ
2021-05-03,329.19898640316984,329.94620685723686,325.80248133258067,326.2488708496094,29729700,QQQ
2021-05-04,323.69666197663526,324.0169204943218,316.5639948144166,320.3778076171875,65147000,QQQ
2021-05-05,322.4253840899194,323.28908104964285,318.52426595065555,319.30059814453125,46219300,QQQ
2021-05-06,319.0385927528076,321.8625477524645,316.79690170625486,321.707275390625,46814300,QQQ
2021-05-07,324.4827360878982,326.69531572419015,321.88199030080017,324.3177795410156,53324500,QQQ
2021-05-10,322.9396968116653,323.11436710542796,315.92347719379603,316.1272888183594,60700500,QQQ
2021-05-11,310.2465741413895,316.4864337699325,309.58665903966653,315.690673828125,71963600,QQQ
2021-05-12,310.76082509333276,313.08013750936215,306.6558953267054,307.51959228515625,91164900,QQQ
2021-05-13,310.45999125151934,312.86663879564367,307.52927357866866,309.8971252441406,69877800,QQQ
2021-05-14,313.06076996295343,317.65088558428255,312.55612733502784,316.73870849609375,44370000,QQQ
2021-05-17,315.0306954915386,316.71923421389585,311.9447352006191,314.81719970703125,39395000,QQQ
2021-05-18,315.76832414836974,316.99104616719796,312.4203278243808,312.6920471191406,36528500,QQQ
2021-05-19,307.29647218780775,313.35194797677383,306.94710186873016,313.0511169433594,66319100,QQQ
2021-05-20,314.53575893747666,319.9604589469915,314.3125789968102,319.1064758300781,46466100,QQQ
2021-05-21,320.6591861330802,321.0764639362925,316.9812776603383,317.34033203125,50330400,QQQ
2021-05-24,319.6306299878955,323.80349813598093,317.2336659111789,322.67779541015625,32475800,QQQ
2021-05-25,324.19162465292703,324.90973352546797,321.9499332557762,323.1241455078125,31280300,QQQ
2021-05-26,323.7937440335758,324.7156349543194,323.1047468839372,324.2498474121094,25444900,QQQ
2021-05-27,323.80348292638405,324.64775252730004,322.8330526512748,323.0368347167969,27931700,QQQ
2021-05-28,324.24007865599907,325.6472140532538,323.7354656991059,324.0556945800781,29927400,QQQ
2021-06-01,325.3851630408676,325.86069387317445,321.62960372676787,322.978515625,31145400,QQQ
2021-06-02,323.3959096589274,324.4536751719568,321.8917544833314,323.6094055175781,22047900,QQQ
2021-06-03,320.7756680855697,322.0469291884791,318.5728023487736,320.241943359375,37057800,QQQ
2021-06-04,322.03724805700716,326.1227506563772,321.9693108395276,325.6763610839844,38736500,QQQ
2021-06-07,325.1425746945179,326.7049824666826,324.4535776548945,326.6467590332031,32611900,QQQ
2021-06-08,328.39349168347985,329.25718856090725,325.1231474652468,326.802001953125,27282800,QQQ
2021-06-09,328.1702658842677,328.94659789567714,326.6951936013546,326.87957763671875,21485300,QQQ
2021-06-10,327.21932601863756,330.3926217670131,326.77293646730095,330.285888671875,33702100,QQQ
2021-06-11,330.2955834012602,331.1592804285053,329.6454118014749,331.1495666503906,21222800,QQQ
2021-06-14,331.5764817348543,334.3324991021083,330.3925560700677,334.32281494140625,27827700,QQQ
2021-06-15,333.9735324102014,334.28407716789974,331.4212963603784,332.1394348144531,35963800,QQQ
2021-06-16,332.60515544567727,333.6726343260986,327.4716022735315,330.92633056640625,55399500,QQQ
2021-06-17,329.9171816153935,336.13764322893036,329.8686719477398,335.1283874511719,59722700,QQQ
2021-06-18,333.46893484005597,334.61403537004617,331.7512544298912,332.4985046386719,55414900,QQQ
2021-06-21,332.6898154796355,334.88554087749765,330.4746696413553,334.5649108886719,32992600,QQQ
2021-06-22,334.3609209204521,338.1305621489894,334.0597409959635,337.68365478515625,28941600,QQQ
2021-06-23,337.62537705205324,338.9952743346827,337.0132921332687,337.84881591796875,27188500,QQQ
2021-06-24,339.7823221258144,341.4630951862858,339.2382530872233,339.9377746582031,32581600,QQQ
2021-06-25,340.50114774694623,340.74403668648523,338.9175071172272,339.5198669433594,28682800,QQQ
2021-06-28,340.802426289796,343.7851104464246,340.74413529939926,343.6490783691406,39130300,QQQ
2021-06-29,343.47414537490874,344.92175413268325,342.6386215588739,344.8926086425781,29426000,QQQ
2021-06-30,344.73721878344486,345.1258649215054,343.7656627373686,344.3486022949219,32724000,QQQ
2021-07-01,343.99884113906717,344.9898175884121,342.64836406295893,344.484619140625,29290000,QQQ
2021-07-02,346.3791192382601,348.7594431935655,346.1459552963488,348.4388427734375,32727200,QQQ
2021-07-06,349.04113188977976,350.2264311031794,346.3499034583853,349.9446716308594,38842400,QQQ
2021-07-07,352.14034735024285,352.4415272213545,348.7301776263033,350.6830139160156,35265200,QQQ
2021-07-08,345.62128085020595,349.4200679163913,344.3388496163626,348.5650939941406,50890000,QQQ
2021-07-09,347.98214865318926,351.2174163723197,347.39920925212596,350.7413635253906,35184500,QQQ
2021-07-12,352.1403820578418,352.56786894597764,350.56643688814484,352.1112365722656,25717700,QQQ
2021-07-13,351.73231561024755,355.07446965411276,351.25626279599396,352.1112365722656,39723000,QQQ
2021-07-14,354.4527466915116,355.0939771809763,351.9169998759118,352.7428283691406,35336400,QQQ
2021-07-15,352.6553379425304,352.85935636038874,348.26388671366414,350.2652893066406,53391600,QQQ
2021-07-16,351.1202447443441,352.1015255470273,347.07856923619346,347.4283447265625,47262000,QQQ
2021-07-19,343.9793365421211,345.0771993956187,342.0265294469521,344.58172607421875,64404600,QQQ
2021-07-20,345.5144136301292,350.03214242822906,343.7364498108535,348.58453369140625,42183700,QQQ
2021-07-21,348.1570706277468,351.2757568359375,347.9336020918231,351.2757568359375,30259900,QQQ
2021-07-22,351.4796729403577,353.6073821622936,351.4796729403577,353.5976867675781,30252200,QQQ
2021-07-23,354.9190268234628,358.00856697658435,353.56857975570756,357.7268371582031,31960800,QQQ
2021-07-26,357.03711097579617,358.3973131183733,356.17244153896695,358.0086669921875,28438100,QQQ
2021-07-27,357.74626100686675,357.74626100686675,349.9155239997721,354.0640563964844,57933100,QQQ
2021-07-28,355.20081650644175,356.9982007174381,352.9079293355111,355.42425537109375,42066200,QQQ
2021-07-29,354.86079222041604,357.2216659398344,354.86079222041604,356.0558166503906,25672500,QQQ
2021-07-30,352.13068516979905,354.78304316742987,352.10153968189235,354.2001037597656,36484600,QQQ
2021-08-02,355.86145466317794,356.4443940688661,353.520001644176,354.229248046875,27334100,QQQ
2021-08-03,354.88992452387834,356.4929857682527,351.70322247856217,356.37640380859375,35558500,QQQ
2021-08-04,356.33756341711404,357.8434929221903,355.23000505712656,356.891357421875,29602200,QQQ
2021-08-05,357.70745184817855,359.38825426520106,356.99823500160903,359.15509033203125,21443900,QQQ
2021-08-06,357.8920512520388,358.86360717677746,356.4735879037899,357.5811462402344,33332100,QQQ
2021-08-09,358.03780370053937,358.7664706949516,356.9399703345685,358.2418518066406,25960200,QQQ
2021-08-10,358.7566648847073,359.04811973295875,355.2201879284461,356.4054870605469,35130800,QQQ
2021-08-11,357.6686130206565,358.16408638149835,354.46246067342184,355.7934875488281,34249800,QQQ
2021-08-12,355.28823812662705,357.43536811406886,353.93776135089763,357.0758972167969,25969200,QQQ
2021-08-13,357.4256838386604,358.6595490527327,356.9301808840148,358.3292236328125,19336200,QQQ
2021-08-16,357.21194441275657,358.5235210612484,353.35486658868456,358.48468017578125,34856900,QQQ
2021-08-17,355.73521586261194,356.706771841835,352.89828900702054,355.3271789550781,44793900,QQQ
2021-08-18,354.7927177767465,356.1917604133601,351.57687065148923,351.9071960449219,38541900,QQQ
2021-08-19,349.9738430679288,355.27852960997615,349.7212290637019,353.6074523925781,48499400,QQQ
2021-08-20,354.67610547136155,357.66851349611557,354.3652005454993,357.2701721191406,39486000,QQQ
2021-08-23,358.30975495051,363.30356582383774,358.30005955452134,362.61376953125,34034700,QQQ
2021-08-24,363.2063291774894,364.3236121483064,362.73997183205563,363.72125244140625,21732900,QQQ
2021-08-25,363.97395124012723,364.71234313017925,363.225834304302,364.13909912109375,20441900,QQQ
2021-08-26,363.2841463984758,363.96421764744815,361.3896007880284,361.8268127441406,29133300,QQQ
2021-08-27,362.4583499945528,365.8490704411561,361.97257206698066,365.3438720703125,27104700,QQQ
2021-08-30,366.13083855432507,369.9296255952502,366.1113884610643,369.44384765625,27295700,QQQ
2021-08-31,369.686738600358,369.75472497853656,367.59786973187414,369.1426696777344,29628200,QQQ
2021-09-01,370.20169783934716,371.8241797174664,369.5507422888536,369.7547607421875,28138300,QQQ
2021-09-02,371.10515311883734,371.43547851776793,368.3653587724071,369.5798034667969,25453400,QQQ
2021-09-03,368.4333603509238,371.1148636188877,368.4139399104051,370.7165222167969,24605400,QQQ
2021-09-07,370.8234185329037,371.8921358655914,369.66726473429577,371.2411804199219,23970200,QQQ
2021-09-08,371.06634955267714,371.06634955267714,367.6853538890298,369.9490661621094,32949200,QQQ
2021-09-09,370.17244307872124,371.2800011479982,368.4333500910774,368.6762390136719,29399000,QQQ
2021-09-10,370.38626849619504,371.10521037835343,365.54790941338325,365.87823486328125,40249400,QQQ
2021-09-13,368.2099525437821,368.63743950186546,363.57564168171336,365.6256103515625,48741800,QQQ
2021-09-14,367.11201961520175,367.84068638433644,363.63386328299066,364.58599853515625,41826600,QQQ
2021-09-15,365.04270476619996,367.64646743225006,362.7498174509155,367.29669189453125,34097900,QQQ
2021-09-16,365.96564513231044,368.12250027388,364.0419835530262,367.5492858886719,35193100,QQQ
2021-09-17,367.0732752185729,367.12184115613655,362.15720449594147,363.1967468261719,60912300,QQQ
2021-09-20,357.4037084010266,359.1447297554638,351.0524161954908,355.69189453125,76203200,QQQ
2021-09-21,357.52040510766665,358.71675431650056,355.0012893402798,356.1295471191406,41927500,QQQ
2021-09-22,357.0438227553833,360.9149125462884,355.9447427828518,359.4559631347656,46972900,QQQ
2021-09-23,360.61345840433813,363.8036937916766,359.9715169951143,362.772705078125,44652000,QQQ
2021-09-24,360.50638799214573,363.53129182607177,360.13678273117716,363.113037109375,36056800,QQQ
2021-09-27,360.06871061119614,361.0899632808485,357.66630616651645,360.214599609375,43338100,QQQ
2021-09-28,355.66271239422485,360.16597812722546,349.51566487941074,350.02142333984375,97701600,QQQ
2021-09-29,351.2857999976475,353.4255743394461,348.82504021102085,349.447509765625,58076600,QQQ
2021-09-30,351.09133108312494,352.75452518256225,347.3272461664179,348.1636962890625,61384600,QQQ
2021-10-01,348.7861595912774,351.3636308081304,344.6816476164096,350.3229064941406,56375500,QQQ
2021-10-04,348.70837747868603,349.0390691415434,340.73280457366985,342.9698486328125,76766000,QQQ
2021-10-05,344.0300631718556,349.84642009446213,343.8063765440991,347.5996398925781,47232900,QQQ
2021-10-06,344.38995014504667,350.09933195811476,343.48540839348345,349.8269958496094,56806500,QQQ
2021-10-07,352.87122991088916,355.68215344387613,352.3362936499442,353.0365905761719,39411200,QQQ
2021-10-08,354.11625619373734,354.3497083285022,350.741218052169,351.27618408203125,41822300,QQQ
2021-10-11,349.739345608254,353.26030184571573,348.49437661062404,348.5819396972656,34847200,QQQ
2021-10-12,350.0312162202531,350.46888332011713,346.7242695086251,347.3662109375,43905100,QQQ
2021-10-13,349.6712770247832,350.81897676780096,347.648183891679,350.1478576660156,40120800,QQQ
2021-10-14,353.73686192747704,356.81038545468476,353.07547867896915,356.5964050292969,43433900,QQQ
2021-10-15,357.8121817077922,358.95988136016933,356.78119324956873,358.8431701660156,40419900,QQQ
2021-10-18,357.54961191886395,362.66567112653223,356.94658419280813,362.4516906738281,34513500,QQQ
2021-10-19,363.52155869340515,365.24310829907796,362.50030598675886,365.1944885253906,29091000,QQQ
2021-10-20,365.65161478068956,366.26437825684025,363.23947450315666,364.7178955078125,31390300,QQQ
2021-10-21,363.9203769979809,367.13978994323423,363.6188631341587,366.94525146484375,25469300,QQQ
2021-10-22,365.6905235710402,366.6534206308841,362.19877506830113,363.8619689941406,36275800,QQQ
2021-10-25,365.28205322129304,368.5014661306031,363.33678718872363,367.5871887207031,32597800,QQQ
2021-10-26,369.82426700241473,372.2363779156397,367.5677512531877,368.74462890625,47191300,QQQ
2021-10-27,369.1920059987736,372.6643127907117,368.9294057851657,369.60052490234375,45760500,QQQ
2021-10-28,371.49712073712357,373.95788060605577,370.7287324914986,373.7049865722656,38007000,QQQ
2021-10-29,370.6315499016707,375.7086956406966,370.281416249106,375.5433349609375,37310100,QQQ
2021-11-01,375.98099303268674,376.95362598852097,373.8995739420506,376.8271789550781,30765300,QQQ
2021-11-02,376.2144079243628,378.8794423541163,376.1657881505037,378.40283203125,25135300,QQQ
2021-11-03,378.8892283054573,382.83811648438643,377.8485334029375,382.4198913574219,33748900,QQQ
2021-11-04,383.6842616336203,388.2750904027313,383.1395895493531,387.3218994140625,40265300,QQQ
2021-11-05,389.09215287374263,390.0161365074907,386.2909648020386,387.6915588378906,43383800,QQQ
2021-11-08,387.6623426124407,388.68359539126715,386.5243489401909,387.1662902832031,29256300,QQQ
2021-11-09,388.2361888677813,388.63497195661483,383.13960148519317,384.50128173828125,50490700,QQQ
2021-11-10,381.72926606554546,384.540159937135,376.92445677960063,378.85028076171875,54937400,QQQ
2021-11-11,381.8265197042397,382.0015865093536,379.560268335903,379.90069580078125,32243000,QQQ
2021-11-12,381.04841716504535,384.433190667977,379.4533144906086,383.89825439453125,34730600,QQQ
2021-11-15,385.07507895448435,385.39603473785365,381.36935013449727,383.8106384277344,33716900,QQQ
2021-11-16,383.0812526688252,387.0398764491549,382.8867438612393,386.5438537597656,27872900,QQQ
2021-11-17,386.86466650012204,388.78075415631855,385.7850584225551,386.7479553222656,28703300,QQQ
2021-11-18,388.7906020726515,391.26106853591654,386.573000006846,390.75531005859375,45721500,QQQ
2021-11-19,392.38928790572385,394.20810669892666,391.56254399543144,392.9339599609375,45191700,QQQ
2021-11-22,394.47071088299424,397.5247625877379,388.265308569928,388.3722839355469,61715400,QQQ
2021-11-23,387.2148455722131,389.2768521256282,382.16690844188827,386.60211181640625,70098700,QQQ
2021-11-24,384.12196673194364,388.12921018442887,381.7973891566023,387.84716796875,46954400,QQQ
2021-11-26,385.2695892759179,386.660476829211,379.10310048381626,380.4939880371094,51533300,QQQ
2021-11-29,385.0556850127537,389.76322507789195,384.3262102771607,388.7516784667969,54447100,QQQ
2021-11-30,387.86661005974304,390.2106592936949,381.02900084263916,383.0423583984375,81332700,QQQ
2021-12-01,387.38034682913985,389.52015172619764,376.05891190014995,376.5257568359375,77766500,QQQ
2021-12-02,375.2417819698472,381.01922409411867,373.8217461673623,379.23931884765625,84416600,QQQ
2021-12-03,380.60102852102005,381.60283935442993,368.5306490591684,372.6448974609375,105349100,QQQ
2021-12-06,373.1311855550033,376.9925395765384,368.9196682345571,375.630859375,67588800,QQQ
2021-12-07,382.27396962972693,387.5553600113219,382.2350559963303,386.9425964355469,56005300,QQQ
2021-12-08,387.27323361603425,388.8780718765483,385.37658769208196,388.6737976074219,39204000,QQQ
2021-12-09,387.44833232178706,389.24770917282194,382.760234490901,382.95477294921875,49973700,QQQ
2021-12-10,385.7657016429064,387.38027600962283,382.5949085157785,387.11767578125,52545800,QQQ
2021-12-13,387.1079282528068,387.4288840777842,381.15541913036526,381.5250244140625,50166400,QQQ
2021-12-14,376.70071746726086,379.41437162098543,373.13117127846147,377.57611083984375,75199200,QQQ
2021-12-15,377.3232270446941,386.54379804863623,373.37433966272437,386.18389892578125,73858000,QQQ
2021-12-16,387.1467645151117,387.5747253178257,374.66786918204116,376.2532653808594,82591400,QQQ
2021-12-17,372.83944373938226,378.5390893019202,371.3221384349322,374.376220703125,80492500,QQQ
2021-12-20,369.65383235643225,371.5334044386726,367.60868840628507,370.74456787109375,65336800,QQQ
2021-12-21,374.0167921394008,379.3536394122616,370.2673960601498,379.0419921875,48899500,QQQ
2021-12-22,378.7497726949041,383.862617023732,378.0875447528065,383.6581115722656,37042200,QQQ
2021-12-23,384.00876815044677,388.0211296414889,383.8432259923988,386.55059814453125,29595500,QQQ
2021-12-27,387.84583056663473,392.939208984375,387.81661549702426,392.939208984375,32820700,QQQ
2021-12-28,393.8351623802079,394.0104527999988,390.2415601729176,391.1180419921875,33113700,QQQ
2021-12-29,391.2544488367904,392.5204749909473,388.68340346978243,391.0596618652344,32248500,QQQ
2021-12-30,390.8453700057501,393.026870937428,389.3066600735181,389.8909912109375,23850100,QQQ
2021-12-31,389.21898010882563,390.5823994941913,386.9595824300405,387.4562683105469,34752900,QQQ
2022-01-03,388.6248911831583,391.4394048095801,386.51159861800147,391.1861877441406,40575900,QQQ
2022-01-04,391.73155393518823,391.7705172651739,383.01538866067614,386.1123046875,58027200,QQQ
2022-01-05,384.42749707501173,385.54747736079605,373.99730172965064,374.2505187988281,75739800,QQQ
2022-01-06,372.42943304347233,377.2306314972155,370.19925011866803,373.98760986328125,70814300,QQQ
2022-01-07,373.9972600596945,375.6820747117179,368.1637576183187,369.9361877441406,72652300,QQQ
2022-01-10,365.0279391905365,370.69590044692626,359.6618768929974,370.1797180175781,91770500,QQQ
2022-01-11,369.4492843140459,375.9060816926195,367.36520682533364,375.74053955078125,68295700,QQQ
2022-01-12,378.31160870654446,380.0061720189423,374.9517565939594,377.2306213378906,54576400,QQQ
2022-01-13,378.61350290208264,379.2952275240133,366.85885020807444,367.79376220703125,77994000,QQQ
2022-01-14,365.27142052289753,370.41348098310857,365.0668853086839,370.0823669433594,80121200,QQQ
2022-01-18,364.26829048052855,366.3913312973548,360.1098243286915,360.86944580078125,75450900,QQQ
2022-01-19,362.4276169600093,364.9012680659936,356.6427964175311,356.90576171875,81791500,QQQ
2022-01-20,360.1293528653298,364.1027509832261,351.73455259619834,352.2701721191406,88610700,QQQ
2022-01-21,350.0789145108733,352.7181079448339,342.2197346222496,342.5021667480469,143388900,QQQ
2022-01-24,336.87320642826637,344.7323871817224,325.4204234632394,344.07012939453125,198685800,QQQ
2022-01-25,337.61332782671474,341.85940942247294,332.75367038091014,336.09405517578125,124398400,QQQ
2022-01-26,343.6902916646973,347.5565772992611,331.87718103363807,335.56817626953125,146559500,QQQ
2022-01-27,340.271995193972,342.09313709621506,331.16625596244336,332.1888427734375,95255700,QQQ
2022-01-28,334.06837888638336,342.82350664340015,329.1211063883496,342.6092529296875,108167900,QQQ
2022-01-31,343.9727220021404,354.149699698525,342.3365891287706,353.56536865234375,94326400,QQQ
2022-02-01,354.9093657280363,356.6233957534103,349.7575868291186,355.97088623046875,74433000,QQQ
2022-02-02,360.10012183811494,360.43123585657395,354.773023033465,358.86328125,78777100,QQQ
2022-02-03,349.16353924829605,352.47470960045916,343.25210855127375,344.3136291503906,95384800,QQQ
2022-02-04,344.82969162345745,351.9584646804363,342.774829372832,348.65704345703125,86318300,QQQ
2022-02-07,349.25114058242553,351.61765032861587,344.5960180338166,345.8523254394531,58198100,QQQ
2022-02-08,344.71286787681044,350.8288031286312,343.5831690442686,349.7380676269531,64720900,QQQ
2022-02-09,354.2569417637777,357.2272499860865,352.6597717665106,357.14935302734375,55766400,QQQ
2022-02-10,350.12762153742625,356.9155332644288,347.2254922938927,349.06610107421875,112468500,QQQ
2022-02-11,349.0661216262267,350.6632914067648,336.7660716564922,337.9931640625,101569100,QQQ
2022-02-14,337.43799008762295,341.8107097063511,334.9059384823163,338.411865234375,80254400,QQQ
2022-02-15,343.6903228548699,347.05992294534923,342.6288023839486,346.8262023925781,55128800,QQQ
2022-02-16,344.5766122966764,347.7611742582783,341.547844250229,346.7386169433594,58947100,QQQ
2022-02-17,343.5246990994241,344.22589037214857,336.00638201088776,336.4251708984375,61801400,QQQ
2022-02-18,337.36011738339107,337.74966152600837,330.2800552572967,332.588134765625,80001500,QQQ
2022-02-22,329.6469730214184,335.05199765750416,325.61514556279974,329.2476806640625,85967100,QQQ
2022-02-23,332.40313641940185,333.2406549416096,320.5023786388824,320.81402587890625,86215400,QQQ
2022-02-24,310.51033638338527,332.13037570497437,309.94550189674453,331.5947265625,130614100,QQQ
2022-02-25,332.39337147017665,336.94138213250466,328.57579699262675,336.7368469238281,78842100,QQQ
2022-02-28,333.56208600121306,339.43455370743686,332.4031718515985,337.739990234375,77515500,QQQ
2022-03-01,336.7173519143617,338.9864680636294,330.0463008202966,332.5686340332031,67407000,QQQ
2022-03-02,334.11712876141945,339.4831912377867,331.35132644345447,338.14898681640625,70609000,QQQ
2022-03-03,340.78817997983646,340.89532171846434,331.4584675901399,333.3185729980469,71089400,QQQ
2022-03-04,330.96171876502984,332.3933163869497,326.1702697955539,328.4880676269531,76936300,QQQ
2022-03-07,328.47840017883215,329.6373141349506,316.168602423875,316.37310791015625,89933800,QQQ
2022-03-08,315.5842827764271,324.5049841954412,311.58166951225644,314.902587890625,116153900,QQQ
2022-03-09,323.08311801855376,327.59216523477136,320.49260625639835,326.23846435546875,64723400,QQQ
2022-03-10,322.1774050898638,323.8232565774196,318.1747625099664,322.6156311035156,69362700,QQQ
2022-03-11,325.58593350178387,325.89758066946933,315.4381417913107,315.9250793457031,66228400,QQQ
2022-03-14,314.6883542048612,318.0579546755952,309.1567492160719,309.8579406738281,79802600,QQQ
2022-03-15,312.49708626661936,320.35626644797605,310.89019809296275,319.5771484375,76471000,QQQ
2022-03-16,323.4921226654571,331.54605948186617,319.82059431746063,331.42919921875,105243000,QQQ
2022-03-17,329.53009956836956,335.499958446336,328.2348588144383,335.4415283203125,67810000,QQQ
2022-03-18,333.78602484866855,342.59961451650804,332.62711081530585,342.30743408203125,85446300,QQQ
2022-03-21,341.472747390431,343.6959267738545,336.96785649515317,341.355712890625,73799100,QQQ
2022-03-22,341.85302014961167,348.9321048086692,341.47275472750243,348.06427001953125,63345900,QQQ
2022-03-23,345.1877678450262,348.7468006718368,343.00357038743124,343.06207275390625,70615500,QQQ
2022-03-24,344.98291605541533,350.7359055901478,342.82799993632113,350.6871337890625,53555300,QQQ
2022-03-25,350.6287849157161,351.68188729274743,346.09467182471184,350.394775390625,57584200,QQQ
2022-03-28,350.38493365490325,355.9136454569455,349.1465938629714,355.8161315917969,56833900,QQQ
2022-03-29,359.7066966193203,362.56367141997544,356.9374753723277,361.93963623046875,68073000,QQQ
2022-03-30,360.07725940542946,361.7349060109512,356.45972376857384,357.94183349609375,68757700,QQQ
2022-03-31,358.08810376601923,358.43914777902,352.6666653724775,353.5052490234375,67011400,QQQ
2022-04-01,353.7685569114576,354.54860853343536,349.6537206278416,352.8324890136719,54527800,QQQ
2022-04-04,353.6708823739403,360.1064094818084,353.4076217664408,360.0966491699219,45950200,QQQ
2022-04-05,358.6439399994428,359.355758650696,350.9603098177033,352.1011657714844,62738700,QQQ
2022-04-06,346.7869364328608,347.8887807691179,341.8237865192822,344.4565124511719,90077100,QQQ
2022-04-07,343.4619108236752,347.46950207698916,340.00039133532164,345.27557373046875,63777400,QQQ
2022-04-08,343.53986629496006,344.2906664689678,339.8150570927389,340.4488525390625,61956100,QQQ
2022-04-11,336.21703846727803,337.1336152464879,332.0534612200127,332.3947448730469,66107400,QQQ
2022-04-12,337.14340927653535,339.0253050777088,329.61579631478435,330.99066162109375,72790200,QQQ
2022-04-13,331.33196219190665,338.7718226397427,330.61041297128776,337.71875,61367800,QQQ
2022-04-14,337.80645754236645,338.3232483542657,329.7815446072718,329.9960632324219,73519400,QQQ
2022-04-18,328.9430310057589,332.5410762570827,327.4219095710435,330.2496337890625,58560600,QQQ
2022-04-19,329.6060677727792,338.20627468447685,328.5822463696504,337.6309814453125,56515700,QQQ
2022-04-20,338.440226895412,338.89851529742356,331.48790762443156,332.7067565917969,65500000,QQQ
2022-04-21,336.587638098854,339.2008435755003,324.8964463920442,325.82275390625,75801000,QQQ
2022-04-22,325.97876223802604,327.1976113773675,316.8617647243402,317.2908020019531,82562100,QQQ
2022-04-25,315.6624178317536,321.6786401692086,314.3947969464285,321.3666076660156,101755900,QQQ
2022-04-26,319.30918839349266,319.4944558229734,308.96358255665734,309.23663330078125,105819600,QQQ
2022-04-27,309.33416895411995,314.83363086897674,307.15000069366886,308.86614990234375,111204200,QQQ
2022-04-28,313.8292925866465,321.66893883860865,309.60718236628287,319.8357849121094,99450000,QQQ
2022-04-29,315.6331629944997,319.07519153345316,304.8097774412421,305.4435729980469,91977900,QQQ
2022-05-02,305.03402196148,310.7772529007873,301.9332771565138,310.5432434082031,115511800,QQQ
2022-05-03,310.56275386246165,313.16622865984607,308.1055647642228,310.8747863769531,78185500,QQQ
2022-05-04,311.35256472176445,322.0589460045462,306.06765165068026,321.3861389160156,116083400,QQQ
2022-05-05,317.06652589040266,317.144519135594,301.90402602983977,305.1997985839844,154607400,QQQ
2022-05-06,303.20088995546826,307.2377023806188,297.50640122599674,301.5432434082031,139572800,QQQ
2022-05-09,295.91701839384905,301.6407279963995,288.35039499388364,289.7447509765625,113387300,QQQ
2022-05-10,296.92144036193764,298.14028962320856,289.17930747378006,293.264892578125,124124600,QQQ
2022-05-11,291.00269919588874,296.51189186733717,283.6993639950994,284.5671691894531,140326100,QQQ
2022-05-12,280.28654225693896,288.37968812743026,277.83908381769044,283.8943176269531,120910900,QQQ
2022-05-13,288.3504415696245,295.4490174318297,286.7512972908962,294.4154357910156,83684900,QQQ
2022-05-16,292.6700322221477,294.72746492235825,289.72530358674845,291.0026550292969,59190400,QQQ
2022-05-17,296.8629014948216,298.9203045116113,293.0600684613582,298.5400390625,62715300,QQQ
2022-05-18,294.0254638189151,294.71776189204365,282.62678274019294,283.8846435546875,79477100,QQQ
2022-05-19,282.0806822827589,287.0535923689451,280.4132753536652,282.3634338378906,79920700,QQQ
2022-05-20,285.82495393267806,286.4782402945012,273.22691831272135,281.48583984375,91764200,QQQ
2022-05-23,282.52917343826965,286.5464946290503,280.13048714847355,286.1662292480469,63648400,QQQ
2022-05-24,280.94965263922137,281.66144160827423,275.21618059067515,280.0818176269531,73491100,QQQ
2022-05-25,278.58984938084336,286.0784797006402,278.3850910959002,284.0015563964844,67144500,QQQ
2022-05-26,283.20204360932223,293.42088572276367,282.91926227102294,291.8704833984375,59462200,QQQ
2022-05-27,295.0004557822568,301.5432285780379,294.8834510448265,301.39697265625,66985600,QQQ
2022-05-31,301.3677635987881,303.5714225615586,296.7458675248366,300.5974426269531,60968300,QQQ
2022-06-01,302.7328732653819,304.85853901035546,296.1608482664755,298.374267578125,65341700,QQQ
2022-06-02,297.2529655584795,306.72097834437847,295.83908850416947,306.54547119140625,59291300,QQQ
2022-06-03,301.32873605577254,302.7328525405804,297.321174666632,298.56927490234375,60914700,QQQ
2022-06-06,303.00587127128927,304.5660039935262,298.0037100512005,299.5638427734375,51785000,QQQ
2022-06-07,296.2388487907185,302.92790846647307,295.14676470252834,302.1478271484375,44900300,QQQ
2022-06-08,301.34825485773797,303.9517297604242,299.1250751769183,299.9734191894531,38342100,QQQ
2022-06-09,298.2864961255871,301.3482294885749,291.77297389502866,291.938720703125,55900500,QQQ
2022-06-10,286.33203587892865,287.52163383758494,281.19337858382175,281.64190673828125,85963500,QQQ
2022-06-13,272.77841004096007,275.303861633674,267.6884953550074,268.54656982421875,94442000,QQQ
2022-06-14,270.7405073348584,271.7155865820096,266.52815784547136,269.03411865234375,64697500,QQQ
2022-06-15,272.4566377365892,279.68194827863294,269.7166378626102,275.75238037109375,86051400,QQQ
2022-06-16,268.7220849855624,269.1803734200172,262.56933734329976,264.62677001953125,81910300,QQQ
2022-06-17,265.3970848172145,270.28224178129193,263.7687190005617,267.84454345703125,82703400,QQQ
2022-06-21,272.3257624590559,276.91745540200355,272.2183118950251,274.60205078125,51633700,QQQ
2022-06-22,272.10115516724903,278.607670898115,271.50522767427793,274.2016296386719,67472900,QQQ
2022-06-23,276.68299919489084,279.1351620807887,273.8498399380309,278.28521728515625,57457800,QQQ
2022-06-24,281.10858580343864,288.24036412158455,280.8741265079586,287.82025146484375,58422300,QQQ
2022-06-27,289.178287137997,289.74490714992544,284.57684368727377,285.7101135253906,54151500,QQQ
2022-06-28,286.2474363739082,288.83635773662206,276.81983905686894,277.0054626464844,61609800,QQQ
2022-06-29,276.86868491471404,278.7639775620373,274.367685716769,277.25946044921875,57302700,QQQ
2022-06-30,274.2797260299329,277.39621043122844,269.4242653952654,273.820556640625,79313600,QQQ
2022-07-01,272.5212243301203,276.01870517279946,270.645460260721,275.6279296875,56675100,QQQ
2022-07-05,271.8959161183753,280.46378726256006,270.3718711000249,280.3465576171875,61829300,QQQ
2022-07-06,280.727630686022,284.24466970613287,279.0081827619103,282.1441955566406,63194700,QQQ
2022-07-07,282.9550253886291,288.88513983664154,282.9550253886291,288.1817321777344,56620100,QQQ
2022-07-08,285.34855596743785,289.9109417837041,284.4106889856484,288.543212890625,59895500,QQQ
2022-07-11,286.13019108228656,286.3548713416814,281.4994403008102,282.3786926269531,55273900,QQQ
2022-07-12,283.629268711889,285.5440900437324,278.05084037220973,279.6432800292969,55797100,QQQ
2022-07-13,274.13322897066035,281.41151653972287,273.566579098107,279.06683349609375,73939400,QQQ
2022-07-14,276.46805152929664,280.9327360199211,273.3515675906992,280.0632629394531,63741800,QQQ
2022-07-15,283.0528280764293,285.25097407105335,281.44083049562784,285.14349365234375,63818100,QQQ
2022-07-18,287.9277466342046,289.33456210782214,281.55802032784345,282.7303466796875,59519600,QQQ
2022-07-19,286.35484062579235,291.7183358870412,284.7526523077867,291.42523193359375,55172600,QQQ
2022-07-20,291.8453156918877,297.2283089431938,291.06373504108547,296.04620361328125,67769400,QQQ
2022-07-21,296.5054054078204,300.3546048186835,293.84809053251774,300.2959899902344,55049400,QQQ
2022-07-22,299.36785786813266,301.4389945456537,293.2032835855231,295.0301818847656,57127700,QQQ
2022-07-25,295.05949165968326,295.52844008286405,291.3470802058321,293.3498229980469,40582400,QQQ
2022-07-26,291.64997677634415,291.9039942701177,286.7749875225989,287.5858459472656,50074100,QQQ
2022-07-27,292.1482168992006,301.42927622650285,291.58156710744385,299.7391357421875,69304400,QQQ
2022-07-28,299.5241912245391,303.24638193831424,295.7726930962561,302.66998291015625,55139900,QQQ
2022-07-29,304.2136402618357,309.0984089755225,302.7872663311703,308.1898193359375,57501000,QQQ
2022-08-01,306.4214903306957,311.4625744787069,305.32730707021403,308.004150390625,46358800,QQQ
2022-08-02,305.7082763133401,311.2084990061324,304.6531499271803,307.08575439453125,48676500,QQQ
2022-08-03,308.7661588173464,316.26918477093403,308.70754398924663,315.44854736328125,53735700,QQQ
2022-08-04,315.5267001030721,317.23636887445446,313.3773902933455,316.9237365722656,38973700,QQQ
2022-08-05,311.83390044210813,316.3669507834357,311.05234929113396,314.33489990234375,53894000,QQQ
2022-08-08,315.25319622472165,318.94608006953575,311.85338656828117,313.3188171386719,43878500,QQQ
2022-08-09,311.42348436801046,311.6775018413341,308.15071370114674,309.7724304199219,39764200,QQQ
2022-08-10,317.10937327023964,318.7115915246145,314.63768179382663,318.4184875488281,51459600,QQQ
2022-08-11,320.74366994336793,322.7464131219047,315.90773715620287,316.61114501953125,45897700,QQQ
2022-08-12,318.6627601705691,322.9711296931809,317.6076632615217,322.7757568359375,40928400,QQQ
2022-08-15,321.82808994824325,325.8824417015116,321.80853179378624,325.3841857910156,38266600,QQQ
2022-08-16,324.40726136423206,326.71288772848254,321.57410143877166,324.6221923828125,41186900,QQQ
2022-08-17,321.4861750127914,323.7917715329037,318.8386089058885,320.9195251464844,47842200,QQQ
2022-08-18,320.8706467232856,322.8733897022626,319.2586792262726,321.6912841796875,41937200,QQQ
2022-08-19,318.6529945948618,319.30753686380024,314.65722781123844,315.41925048828125,51770600,QQQ
2022-08-22,311.15974534576816,311.3942046870982,306.3042843906594,307.1151428222656,51098900,QQQ
2022-08-23,306.88061232020414,309.69424302076794,306.10881074828137,306.861083984375,39497100,QQQ
2022-08-24,306.3823937431,309.5672719111162,305.7766873020248,307.7501525878906,38057100,QQQ
2022-08-25,309.5282266157888,313.21136113357704,308.48290881912897,313.1918029785156,38098300,QQQ
2022-08-26,312.89869478251217,314.1003584319973,300.2666920123757,300.3546142578125,69047700,QQQ
2022-08-29,297.59956106025794,300.13964604339435,296.290446989052,297.3944091796875,48321900,QQQ
2022-08-30,299.045490832156,299.6609763455526,291.56202298100885,294.0825500488281,51184500,QQQ
2022-08-31,296.9841164897894,297.8829269235928,292.2654437015311,292.3728942871094,50044000,QQQ
2022-09-01,289.88167989587697,292.8711555938858,286.1985754742801,292.4999084472656,57990700,QQQ
2022-09-02,295.37211033183024,296.74961831058744,286.75537351879814,288.36737060546875,64666800,QQQ
2022-09-06,288.8460984730638,289.7644372216003,284.16648248606504,286.2962341308594,57005400,QQQ
2022-09-07,286.7750127826732,293.0763465961109,286.5112161884384,292.0798645019531,49260400,QQQ
2022-09-08,290.0086525256781,294.9129483640316,288.64092358811484,293.59405517578125,55649800,QQQ
2022-09-09,295.8508330938615,300.5109206504732,293.59407275816847,300.0126647949219,56125200,QQQ
2022-09-12,301.39015542418196,303.91068234154807,301.0775231480615,303.5785217285156,45905700,QQQ
2022-09-13,294.84457445150866,296.0364589952393,286.04224309081405,286.9312744140625,79562200,QQQ
2022-09-14,288.07424998711866,290.0867716457952,286.3059666832742,289.20751953125,54907200,QQQ
2022-09-15,287.2927274499248,289.6960247499915,282.7889562401916,284.39117431640625,65299400,QQQ
2022-09-16,281.08902926490174,283.0429360358758,279.03742119252865,282.65216064453125,79920400,QQQ
2022-09-19,280.0086793621741,285.0098685244469,279.9499592056261,284.853271484375,52613800,QQQ
2022-09-20,282.3478531158375,284.87293998532556,280.2827907071365,282.582763671875,51271100,QQQ
2022-09-21,283.42444346717195,287.6916318605769,277.3858233676275,277.5228271484375,82931000,QQQ
2022-09-22,275.9959877236679,277.0040569805694,272.8836997112343,274.1070861816406,62757100,QQQ
2022-09-23,271.6407409257336,271.93437162201394,266.22847995728023,269.6441955566406,74815200,QQQ
2022-09-26,269.1744246394618,273.5394598688767,267.73572073603924,268.5284729003906,71176700,QQQ
2022-09-27,271.8952277370962,274.24412407915327,266.3165727903529,268.6361389160156,69780100,QQQ
2022-09-28,268.616461339531,275.2619037522209,267.1386310730644,273.97979736328125,79652100,QQQ
2022-09-29,269.98670518368925,270.36841610769596,263.11617736207876,266.0816650390625,81216000,QQQ
2022-09-30,265.25954706384584,269.3309808245553,261.41322716628036,261.56982421875,78482400,QQQ
2022-10-03,263.34129462673053,269.3016301388179,261.8340740784838,267.7063293457031,61267400,QQQ
2022-10-04,273.0500687714272,276.82790179562363,273.0500687714272,276.12322998046875,66696900,QQQ
2022-10-05,272.35520431840735,277.76746518524186,269.55611024700687,275.9764404296875,55766300,QQQ
2022-10-06,274.97814412366046,278.12958912178726,273.48072015712467,273.8037109375,53489400,QQQ
2022-10-07,269.16463975667466,269.29187675342655,262.0396367491258,263.3706970214844,71354700,QQQ
2022-10-10,263.5663998737213,263.9579074840265,258.02693157551664,260.7379455566406,60393000,QQQ
2022-10-11,259.06434824004356,261.93195915010915,255.47247218095,257.1558532714844,66522500,QQQ
2022-10-12,257.7920454441237,259.71030747132846,256.37293475983284,257.06781005859375,50580200,QQQ
2022-10-13,249.7274761425017,264.4179127385428,248.846628785448,263.0966491699219,112894100,QQQ
2022-10-14,265.425980705299,266.02297905657764,254.60145796764166,255.18865966796875,77244300,QQQ
2022-10-17,261.158816772981,264.4864228111585,261.0609398578909,263.6153869628906,64576500,QQQ
2022-10-18,270.642451152486,271.30796623349556,263.0182981983642,265.6999816894531,69781000,QQQ
2022-10-19,264.18297380767734,267.85313339964506,262.3625889866223,264.7310485839844,53115400,QQQ
2022-10-20,263.8403961005883,268.9884157206703,262.2157652163069,263.3804016113281,60605500,QQQ
2022-10-21,262.2745224263195,270.0943999806143,261.1392160824891,269.5561218261719,77897700,QQQ
2022-10-24,269.820389534672,273.4513929468913,266.1795894710103,272.5216369628906,63963600,QQQ
2022-10-25,273.4611132950566,278.54061591496753,271.98325299591863,278.1589050292969,59014500,QQQ
2022-10-26,272.53137952198904,277.93387389821464,271.5233101517326,272.0126647949219,63492400,QQQ
2022-10-27,270.89694777541763,272.3552150330736,266.5416795676331,267.0603942871094,57760300,QQQ
2022-10-28,266.43410737427513,275.7024878622664,266.26771361153044,275.2326965332031,62651300,QQQ
2022-10-31,272.9816062790332,273.8037184923803,270.1139653810978,272.0322570800781,47742000,QQQ
2022-11-01,275.50665194717493,276.0645233840519,268.8905679057626,269.252685546875,45895900,QQQ
2022-11-02,269.22336064956,272.28672575983467,259.9549817109005,260.02349853515625,79803100,QQQ
2022-11-03,257.4103362172952,258.86860348070746,254.56228864022904,254.9439697265625,70038900,QQQ
2022-11-04,259.87667816224507,260.93367106003626,253.56399125615113,259.0447692871094,78313200,QQQ
2022-11-07,260.09206132392166,262.43119147070047,257.95848168623587,261.89288330078125,47333800,QQQ
2022-11-08,263.4098223217411,267.04082528231476,259.86686974183834,263.8013000488281,63213800,QQQ
2022-11-09,262.0592168841519,262.84217239242884,257.4299110516059,257.7137451171875,64862100,QQQ
2022-11-10,270.1335209010714,277.02361178294706,268.01950556191656,276.7300109863281,99256700,QQQ
2022-11-11,276.5441375836308,282.494707717876,275.20331042674405,281.82916259765625,66961800,QQQ
2022-11-14,279.77377303555267,283.0524545415355,278.38402281943956,279.36273193359375,55290700,QQQ
2022-11-15,285.9886362575642,287.01629894350947,279.8814997818295,283.22869873046875,73985400,QQQ
2022-11-16,281.2712266533271,283.3167251177695,278.54061986184405,279.36273193359375,48859800,QQQ
2022-11-17,274.8998650329681,280.2240458608114,274.74326796534484,278.7461853027344,55462100,QQQ
2022-11-18,281.7606260724462,281.8584731051754,276.30920827035084,278.7559814453125,53588600,QQQ
2022-11-21,277.3661973666616,278.5210671212513,275.05645785748214,275.88836669921875,40083500,QQQ
2022-11-22,276.622322564617,280.0184140781401,274.4887142723095,279.8618469238281,41873400,QQQ
2022-11-23,279.8814493901695,283.2971346752864,279.70528891612594,282.6707763671875,46390000,QQQ
2022-11-25,281.0755811422082,281.7802531705234,280.3219855864747,280.81134033203125,15498800,QQQ
2022-11-28,278.83420161915933,280.85033986729354,275.76107074172194,276.6908264160156,38714200,QQQ
2022-11-29,276.91603302251815,277.31730745051124,273.2263094302499,274.59649658203125,35618900,QQQ
2022-11-30,274.8607064926113,287.22180929264937,274.0092342106235,287.1141357421875,74718100,QQQ
2022-12-01,287.437101100991,289.4532396198207,284.6869306980874,287.4664611816406,51547300,QQQ
2022-12-02,282.3967467133728,287.2022122275757,282.22055636668915,286.32135009765625,53583200,QQQ
2022-12-05,284.19761464913205,285.4699248069331,280.05766350911045,281.5159606933594,41482100,QQQ
2022-12-06,281.3594250116566,281.4964288138834,274.2931410461356,275.6828918457031,53937600,QQQ
2022-12-07,274.49865286668603,276.5539487768296,272.84463143306266,274.557373046875,45614300,QQQ
2022-12-08,275.9079421946226,278.77555327375643,273.83308325862356,277.806640625,42594900,QQQ
2022-12-09,276.7887515955548,279.5585154089067,275.5947251546985,276.03515625,47860500,QQQ
2022-12-12,276.2113073349363,279.55850588887154,275.1738779884526,279.499755859375,35732500,QQQ
2022-12-13,290.3341619421532,290.55927587549905,279.82283166027133,282.5044860839844,80667700,QQQ
2022-12-14,281.9171330760669,285.20561105232366,277.16062137612914,280.4099426269531,64984400,QQQ
2022-12-15,276.31896272447955,276.9845076979305,269.8007855608975,270.99481201171875,60554100,QQQ
2022-12-16,270.3195057192116,271.8560565360291,266.8059132420267,268.4110107421875,68300400,QQQ
2022-12-19,268.68081660488616,268.7691077283645,263.40274989066353,264.6388854980469,44167900,QQQ
2022-12-20,263.4714192377774,266.17913333023336,261.89193931007276,264.432861328125,51064200,QQQ
2022-12-21,265.4727028175878,269.57349338805386,264.62898244767973,268.2687072753906,46394700,QQQ
2022-12-22,265.2569096929665,265.3844512745815,257.4869627714914,261.70550537109375,60278400,QQQ
2022-12-23,260.4399551404093,262.9612667355134,258.53671128427175,262.29412841796875,39373600,QQQ
2022-12-27,261.68594505012555,261.7938763980321,258.0462485081974,258.5858154296875,38009000,QQQ
2022-12-28,258.18356031428505,260.43996874522173,254.80873783263485,255.17172241210938,47139000,QQQ
2022-12-29,257.9774983432451,262.3333728477039,257.280959609681,261.3915710449219,45893600,QQQ
2022-12-30,258.6249860783853,261.3621302042253,257.3201997757236,261.2345886230469,37858300,QQQ
2023-01-03,263.55969075063524,265.0312691802193,257.16324062153893,259.4687194824219,42335300,QQQ
2023-01-04,261.5878662658846,262.3825164361244,257.5557247174941,260.70489501953125,47754900,QQQ
2023-01-05,259.03706753273036,259.203829664046,256.309743232515,256.6236572265625,45396700,QQQ
2023-01-06,258.36013103501256,264.825262145389,255.40715401036852,263.70684814453125,54659700,QQQ
2023-01-09,265.6983935359543,270.0739085528397,264.80566224824554,265.4139099121094,45568700,QQQ
2023-01-10,264.38381092329047,267.76845379716315,263.8736744356486,267.6605224609375,35247800,QQQ
2023-01-11,268.7298816623899,272.3990079906392,267.94502179315026,272.29107666015625,44077000,QQQ
2023-01-12,272.8502932331982,274.7927877956512,268.5532788594756,273.7626647949219,60600000,QQQ
2023-01-13,271.2609957287121,275.8915643759767,270.92744149666754,275.64630126953125,44802900,QQQ
2023-01-17,275.4500454160634,277.4906509803417,274.28259077576485,276.2054748535156,36269700,QQQ
2023-01-18,277.74572238568624,279.2958018979134,272.4088250315882,272.6148376464844,47754500,QQQ
2023-01-19,270.9863484502432,272.1243730509048,268.700509081747,269.9366149902344,44150400,QQQ
2023-01-20,271.5455597981427,277.6574983858524,270.48600621528425,277.3239440917969,60613600,QQQ
2023-01-23,278.1675466538179,284.7111480025747,277.37289677415583,283.4848327636719,52799900,QQQ
2023-01-24,281.86612337300437,284.06367086220337,281.34616687102994,282.9060363769531,44875100,QQQ
2023-01-25,278.3932395490146,282.89626664664723,275.85231732735315,282.2782287597656,50872000,QQQ
2023-01-26,285.702034394049,287.95844256923704,283.0531813715776,287.7818603515625,51596300,QQQ
2023-01-27,286.46731345608214,292.608711331998,286.3495919531761,290.6466064453125,56441900,QQQ
2023-01-30,287.3796528484936,288.80219070771494,284.3972753111684,284.7700500488281,49405800,QQQ
2023-01-31,284.8093552347855,289.1358004490428,284.70145382826416,289.0376892089844,46705100,QQQ
2023-02-01,288.831631729578,297.68071332529627,286.76159566124306,295.2182922363281,67562200,QQQ
2023-02-02,301.7422981380262,307.7365140162562,300.91821770304585,305.81365966796875,83070600,QQQ
2023-02-03,299.1621361358604,306.47098885524724,298.76972114420454,300.3786315917969,76170800,QQQ
2023-02-06,297.75923649741816,300.11375637228986,296.49367046317866,297.83770751953125,40802300,QQQ
2023-02-07,297.71014499075807,305.13671864637575,296.5917608530074,304.0085144042969,67584000,QQQ
2023-02-08,302.69393776816526,303.63573975725507,297.9162170249619,298.6029357910156,56720900,QQQ
2023-02-09,302.9881743981649,303.13532624833186,294.5118984958231,295.9638366699219,49137800,QQQ
2023-02-10,293.80556011389376,295.8559558737562,291.6178026580942,294.0213928222656,50050100,QQQ
2023-02-13,295.4242966291426,299.31907562567426,294.2470218426378,298.7304382324219,39636700,QQQ
2023-02-14,297.1509273822048,301.8893965286975,295.2084331685964,300.9377746582031,64079100,QQQ
2023-02-15,299.1228543039255,303.4100482655992,298.4361356253388,303.2432861328125,43100600,QQQ
2023-02-16,298.61271491031835,302.5859648965573,297.40600975851845,297.55316162109375,59498600,QQQ
2023-02-17,295.3654747394392,296.2091654939277,292.45174770191,295.4537658691406,58230700,QQQ
2023-02-21,291.6275800656275,293.0697279651219,288.3214390154632,288.4587707519531,46526700,QQQ
2023-02-22,289.0376061204894,290.74462743727656,287.0166409015023,288.67462158203125,51389200,QQQ
2023-02-23,292.3242188075793,292.48119080254816,287.00690100814256,291.1960144042969,69294400,QQQ
2023-02-24,286.2318687854434,287.41893385196727,284.55424756075683,286.3201599121094,74332000,QQQ
2023-02-27,289.47913843428347,290.8722160742341,287.7819070065774,288.37054443359375,48995000,QQQ
2023-02-28,287.74265849325576,290.5092334615913,287.40910426818135,287.99774169921875,48243100,QQQ
2023-03-01,287.70343010420504,288.36071843177893,284.70141222109334,285.6824645996094,58287000,QQQ
2023-03-02,283.1906219892063,288.85128421092963,282.90610837742537,288.04681396484375,53565900,QQQ
2023-03-03,289.7930467854235,294.23721240743714,289.2828804396578,294.0017395019531,60511500,QQQ
2023-03-06,295.23790852017675,298.23992643719316,294.13913463412405,294.3353271484375,56736300,QQQ
2023-03-07,294.384341597095,295.3065330626154,290.11675852824413,290.7250061035156,65955800,QQQ
2023-03-08,291.146939898782,292.77549064291287,289.2927662406376,292.17706298828125,50876300,QQQ
2023-03-09,292.67735762881415,295.27717051410644,286.3005168477535,287.11480712890625,71456700,QQQ
2023-03-10,287.2815444320978,288.7727631546609,281.9348271262649,283.0826416015625,98593600,QQQ
2023-03-13,281.2971998277831,288.89053675172266,279.7863705640196,285.1821594238281,97123600,QQQ
2023-03-14,288.73345644301565,292.28486044275337,287.88976596322635,291.7354736328125,73602500,QQQ
2023-03-15,289.1259187355792,293.59951488700585,287.68377063812324,293.2659606933594,83631500,QQQ
2023-03-16,292.3536342883857,301.35968872296763,291.5589841876488,300.9967041015625,98198100,QQQ
2023-03-17,300.9083432902864,303.29229304043884,297.6218123089048,299.5740966796875,89923700,QQQ
2023-03-20,298.9571102988408,300.9615338726046,296.74632519208114,300.6372985839844,56359500,QQQ
2023-03-21,302.5729571040387,305.383096151372,301.05978916317935,304.9311218261719,49757000,QQQ
2023-03-22,304.862301208813,309.7555157093951,300.617617168865,300.7846374511719,75791900,QQQ
2023-03-23,304.51846019922783,308.6747169209865,301.6591745901483,304.3514099121094,74576000,QQQ
2023-03-24,303.9289137231987,305.5697907431197,301.6002249076024,305.4715576171875,57195200,QQQ
2023-03-27,306.16916043212996,307.24999463812065,302.52383005099284,303.378662109375,50287400,QQQ
2023-03-28,302.7989907375691,302.8284666751966,299.45822454941873,301.76727294921875,48585900,QQQ
2023-03-29,305.4617259902813,307.8886779467395,304.646175138239,307.2696533203125,53274300,QQQ
2023-03-30,309.74576681536263,310.8069606106633,307.3581257544808,310.1781005859375,58354800,QQQ
2023-03-31,310.4040515378781,315.57238531475065,310.0994568842144,315.3365478515625,62138100,QQQ
2023-04-03,313.21420687465223,314.8354733237728,311.88775975910704,314.5701599121094,47126800,QQQ
2023-04-04,315.01233543509,316.0243825803943,312.2905939967629,313.5090026855469,45875400,QQQ
2023-04-05,312.5559386818872,313.499198740395,308.5961775150166,310.4139404296875,62795700,QQQ
2023-04-06,308.76318082870716,312.99806052865506,307.36794644197226,312.50677490234375,46916500,QQQ
2023-04-10,309.57870772010875,312.3790415697629,307.7904209826378,312.32989501953125,45134700,QQQ
2023-04-11,312.2906125041193,312.3495943669615,309.81454370686527,310.3254699707031,40113600,QQQ
2023-04-12,312.2807647449235,312.87031342197184,307.1222662957105,307.5840759277344,62813300,QQQ
2023-04-13,309.3429139101412,314.0789148450452,308.1638463235502,313.6072998046875,54613800,QQQ
2023-04-14,312.05476966810073,314.7764809739093,310.10926798541686,313.0177001953125,56278300,QQQ
2023-04-17,312.6050129930765,313.63673071713305,310.53180220918756,313.2829895019531,43007000,QQQ
2023-04-18,315.39555502669543,315.8180834788908,312.1039651285769,313.30267333984375,46746900,QQQ
2023-04-19,310.8953109711348,314.2164059332527,310.76757193633193,313.15521240234375,38960100,QQQ
2023-04-20,310.18786478954866,313.70545604121475,309.4804124167507,310.767578125,62462100,QQQ
2023-04-21,310.40407605124466,311.86809756580624,308.6256245513953,311.09185791015625,59002300,QQQ
2023-04-24,310.8658272036678,312.20210941105614,308.2718252918835,310.4433288574219,44043100,QQQ
2023-04-25,308.8123240884824,309.4804653365715,304.489016620201,304.5872497558594,57121600,QQQ
2023-04-26,307.9770920863072,309.4509487559447,305.91368675167655,306.4344482421875,55400500,QQQ
2023-04-27,310.1976828367422,315.26772290973327,309.5589876855451,314.7666320800781,65430400,QQQ
2023-04-28,314.5309204669341,317.0266602507173,313.4009693396822,316.938232421875,59712600,QQQ
2023-05-01,316.4763828700563,317.98955105108405,315.4938115810739,316.57464599609375,41013400,QQQ
2023-05-02,316.5057726007453,316.8300378297772,312.07436769901994,313.81353759765625,56519400,QQQ
2023-05-03,314.17709565364254,316.8496901296234,311.6518808391574,311.7599792480469,59882100,QQQ
2023-05-04,311.5339574567819,312.68357871530185,309.6277673265198,310.65948486328125,50224500,QQQ
2023-05-05,312.9194127732155,318.1172221778604,310.6987925389379,317.26239013671875,51806100,QQQ
2023-05-08,316.8005465371422,318.3923067168419,315.7197124689244,318.04840087890625,36465800,QQQ
2023-05-09,316.3878908866645,317.25255824331975,315.7197497422272,316.0341796875,31768800,QQQ
2023-05-10,318.47096377915307,320.3280376891628,315.99489521816594,319.47320556640625,60446600,QQQ
2023-05-11,320.0234543863166,321.0551421602665,318.470975085948,320.5147399902344,44278500,QQQ
2023-05-12,321.045269963454,321.4677983234003,317.31151179697923,319.3650817871094,48432800,QQQ
2023-05-15,319.8367315655272,321.3302288576638,318.3137283538319,321.09442138671875,33375600,QQQ
2023-05-16,320.3771430453496,323.16764148062344,320.33783180381295,321.4579772949219,40019200,QQQ
2023-05-17,322.51918892551805,325.9287124831827,321.34012137518226,325.3489990234375,47486100,QQQ
2023-05-18,325.74191015949276,331.6078599234032,325.7222695353631,331.3916931152344,64213500,QQQ
2023-05-19,331.6079200448358,332.31537245568006,329.5838259221381,330.64501953125,61554900,QQQ
2023-05-22,330.389521879848,332.76735706001745,330.37968657373955,331.75531005859375,43015900,QQQ
2023-05-23,330.03586072499985,331.18545225778513,327.19621551255364,327.5499267578125,48216700,QQQ
2023-05-24,325.5946627161901,327.1078309877669,323.8162109755639,325.8697814941406,62891200,QQQ
2023-05-25,333.22919419234955,335.0665974450739,330.8022422525077,333.799072265625,66862800,QQQ
2023-05-26,334.82096116751046,343.1629807974881,334.722698053465,342.3277893066406,63007000,QQQ
2023-05-30,346.56264897187214,347.7613869295113,342.4555089148934,343.8802490234375,72652200,QQQ
2023-05-31,342.29833914546276,344.48948381232617,340.4707710265134,341.9249572753906,65105400,QQQ
2023-06-01,341.6694746335876,347.20132498528426,340.6181163131397,345.8748779296875,50488600,QQQ
2023-06-02,347.6336501039752,349.62826827724246,345.8748693896707,348.4688415527344,53372100,QQQ
2023-06-05,348.2527593539305,351.26926062072357,347.6828811597775,348.7145690917969,47266200,QQQ
2023-06-06,348.10528017352283,349.6184480290235,346.7788032216218,348.655517578125,41390400,QQQ
2023-06-07,348.9404690538599,350.89577588867536,342.11158811981494,342.7404479980469,69225900,QQQ
2023-06-08,343.03520441858984,347.4567741982454,342.8092322651374,346.9949645996094,47153900,QQQ
2023-06-09,348.44915015745397,351.4263390165101,346.87703059808115,348.3214111328125,53196900,QQQ
2023-06-12,349.9820781537995,354.30538593111123,349.00934214997096,354.2071228027344,44606500,QQQ
2023-06-13,356.9583089451528,357.76399456101933,353.75511715426626,356.9288330078125,57097800,QQQ
2023-06-14,356.93850838031034,359.80762850822373,354.1382053953959,359.5226745605469,69525600,QQQ
2023-06-15,358.25527243714697,365.2904858588163,357.6362777663679,363.80682373046875,71138800,QQQ
2023-06-16,366.2239501258424,366.35168918348165,361.0752864749284,361.5174255371094,80932000,QQQ
2023-06-20,360.0651120113186,362.3969948610823,358.03824160023504,360.99981689453125,49204700,QQQ
2023-06-21,359.85850638708854,360.2914331262993,355.1553750173207,356.08026123046875,53378300,QQQ
2023-06-22,354.83069680412274,360.43901681980367,354.4272864301973,360.2816162109375,47603000,QQQ
2023-06-23,356.38534235985924,359.0124196685937,355.01771037278706,356.7100524902344,48922900,QQQ
2023-06-26,356.17866827388485,358.9729945543616,351.8395819991526,351.9281311035156,52685500,QQQ
2023-06-27,353.4729120940555,358.70736854848366,352.7448216192728,357.979248046875,49428100,QQQ
2023-06-28,356.15902609665824,360.62599693384084,356.080295758173,358.6778564453125,46498000,QQQ
2023-06-29,358.3826727205455,359.02224413799314,356.31646669343706,357.9595947265625,46151000,QQQ
2023-06-30,361.63938600193586,364.53211002061613,361.3245547688206,363.4793395996094,58712500,QQQ
2023-07-03,364.11892479463893,364.965080752573,363.0366078498649,364.33538818359375,19432900,QQQ
2023-07-05,362.77089140209085,366.02766038802605,362.73152624064664,364.3254699707031,34460900,QQQ
2023-07-06,360.6161373160052,361.99361781521185,358.6581182234109,361.55084228515625,49374700,QQQ
2023-07-07,361.32456403843355,364.5223006013329,360.1241817275953,360.3504638671875,47133700,QQQ
2023-07-10,360.0749443133993,361.1474122875821,357.5659631843357,360.468505859375,48498800,QQQ
2023-07-11,360.8916985434887,362.702106101561,358.75658086429127,362.24951171875,38214100,QQQ
2023-07-12,366.35235412152997,368.17261006456084,364.34515118816057,366.82464599609375,61975400,QQQ
2023-07-13,370.0027017557936,373.8793447436065,369.4221931900927,373.0528564453125,46960000,QQQ
2023-07-14,373.4858091986902,376.70321351551775,372.09847980698714,372.97418212890625,55148500,QQQ
2023-07-17,373.6923742197424,377.3328860436692,373.21026358279346,376.4571838378906,40868900,QQQ
2023-07-18,375.8176832280745,380.9045575398771,373.8892104448696,379.5368957519531,55262000,QQQ
2023-07-19,380.5995015032938,381.7408509867263,378.12000675325004,379.44830322265625,54093000,QQQ
2023-07-20,376.4571954822207,377.9232550597698,369.67800988298177,370.7012939453125,71941700,QQQ
2023-07-21,373.08240858363587,373.8105290801638,369.15658128362156,369.5895080566406,60499600,QQQ
2023-07-24,370.5635223180503,371.50807603161047,368.32018848158145,370.1798095703125,40380100,QQQ
2023-07-25,370.88825382019803,374.351637654843,370.8685562243706,372.6888122558594,38894400,QQQ
2023-07-26,371.64580089267963,373.1413466210195,369.14663879667995,371.4490051269531,47075700,QQQ
2023-07-27,376.9098576612278,378.52346920353193,369.2746366303733,370.5635681152344,63940200,QQQ
2023-07-28,374.6172742044875,378.3364864635538,374.1056471836481,377.313232421875,56902900,QQQ
2023-07-31,377.6181954097631,378.6906632722747,376.1915011739824,377.50994873046875,44019900,QQQ
2023-08-01,376.1620464793932,377.3919451508952,374.56810260541835,376.63433837890625,41060600,QQQ
2023-08-02,373.1611574017235,373.1611574017235,367.1297286772393,368.3694763183594,72687100,QQQ
2023-08-03,365.95882713700206,369.90435184798616,365.7915476989131,367.7790832519531,47666400,QQQ
2023-08-04,369.7075205928436,372.0197359751691,365.55538170207865,366.05718994140625,61702800,QQQ
2023-08-07,367.86762374671235,369.2549530766585,365.53574062735606,369.15655517578125,37230400,QQQ
2023-08-08,366.64757532989904,366.6672428994244,362.8889976997199,366.0178527832031,44726500,QQQ
2023-08-09,366.3031607187657,366.4605913395506,361.2359845962108,361.99359130859375,51150900,QQQ
2023-08-10,365.0043904450485,368.3398598555968,361.137596428398,362.66265869140625,72035300,QQQ
2023-08-11,360.10448413157985,362.0821708144487,358.82540151714943,360.3504638671875,48707200,QQQ
2023-08-14,359.553484355475,364.51244412842345,358.83524275979033,364.3943786621094,42130800,QQQ
2023-08-15,363.42028192294197,364.21728388168873,359.8585001971934,360.527587890625,45539900,QQQ
2023-08-16,359.9864900060609,361.52140145830043,356.6116545711259,356.7100524902344,53190500,QQQ
2023-08-17,358.10714866014956,358.45152631342546,352.40043050549747,352.81365966796875,62604300,QQQ
2023-08-18,349.54706796393924,353.6303257433368,349.0058945064905,352.37091064453125,61191400,QQQ
2023-08-21,353.83692384755506,358.72700217281374,353.3744807454022,358.048095703125,50696500,QQQ
2023-08-22,360.6554439405942,360.6652927377172,356.8476827797194,357.53643798828125,44530200,QQQ
2023-08-23,358.71719481869087,364.26651268565723,358.5007314261463,363.1743469238281,51770600,QQQ
2023-08-24,366.64759261976684,366.74596049885605,355.2046097815919,355.4112243652344,66842500,QQQ
2023-08-25,356.24754426125236,359.85851002139935,352.8136466802501,358.1661682128906,69960500,QQQ
2023-08-28,361.0884037220295,361.7968265629238,358.392475423515,360.86212158203125,40910000,QQQ
2023-08-29,360.6652902859232,369.0974820142303,360.34061027809554,368.7432556152344,58492400,QQQ
2023-08-30,368.8515119480578,371.3801906583347,367.8478954803411,370.7996520996094,41731500,QQQ
2023-08-31,370.87842661191354,373.6137202039194,370.8095450761535,371.9115295410156,35730700,QQQ
2023-09-01,374.28275412084383,374.7058320533503,370.0322171464116,371.5179443359375,39801200,QQQ
2023-09-05,370.71115217182,373.210314848442,369.7862659063022,371.9902648925781,32344200,QQQ
2023-09-06,371.2129381611802,371.5573157971025,366.70660260739953,368.7137756347656,42998700,QQQ
2023-09-07,364.2566177579788,366.85417813956576,363.2136660969296,366.0768737792969,52060700,QQQ
2023-09-08,366.0277204788888,368.82204686376593,365.6243100816136,366.5885314941406,35800100,QQQ
2023-09-11,369.618997042065,371.4195555120843,367.65115913843493,370.9079284667969,39936600,QQQ
2023-09-12,369.23526587586855,370.88827258740463,366.5098211030943,366.795166015625,41391000,QQQ
2023-09-13,367.031304560014,369.79611455684034,365.8998037117071,368.19232177734375,46300700,QQQ
2023-09-14,369.94367941722965,372.18701344044155,367.8774736268473,371.2030944824219,48039400,QQQ
2023-09-15,369.8649156585052,370.2683259653032,363.9121889676396,364.846923828125,69811200,QQQ
2023-09-18,363.9069995262197,366.3407987118216,363.6212415458056,365.22735595703125,36903500,QQQ
2023-09-19,363.9069867992095,365.24703922410754,361.4239024926307,364.44891357421875,37621700,QQQ
2023-09-20,365.513137164835,365.86784634626923,359.118238210128,359.19708251953125,45514200,QQQ
2023-09-21,355.5118100588146,356.3001026510691,352.44740717910935,352.6148986816406,69734800,QQQ
2023-09-22,354.35897605910213,356.49715394100406,352.34886753279636,352.6641845703125,51589700,QQQ
2023-09-25,351.698581571032,354.4280017936402,350.71323825781116,354.33929443359375,39168000,QQQ
2023-09-26,351.75768571572956,352.29964255853133,348.03308934331926,349.0184326171875,53657700,QQQ
2023-09-27,350.171286287333,351.74784148919474,346.21018720799054,349.8362731933594,56066000,QQQ
2023-09-28,348.91986332461573,354.89107073347196,348.0626195587254,352.7627258300781,56453300,QQQ
2023-09-29,356.2409818254251,357.6303193180829,351.7872114054841,353.0188903808594,64829600,QQQ
2023-10-02,353.28495323022247,357.3642583710357,352.67404526804705,355.965087890625,51625100,QQQ
2023-10-03,353.5214895496969,355.71881606812383,348.1021010689043,349.71807861328125,60478500,QQQ
2023-10-04,350.5555871096961,355.32464523779134,350.09247453990724,354.4772644042969,54786700,QQQ
2023-10-05,354.4673681510727,354.87136248860946,349.93481329542783,353.4327697753906,45897400,QQQ
2023-10-06,350.4373013348461,360.54693213939856,349.6490388068552,359.35467529296875,75049100,QQQ
2023-10-09,356.98986686898144,361.72936575371153,355.49215587280247,361.18743896484375,45304800,QQQ
2023-10-10,361.522389768607,365.83819750579465,361.01988521817543,363.1876220703125,46968800,QQQ
2023-10-11,364.51790605468614,365.9663619214004,362.7935552643259,365.7791442871094,38215100,QQQ
2023-10-12,366.2816313728331,368.26215071816847,362.1136188933288,364.50799560546875,49587900,QQQ
2023-10-13,365.1386211851273,365.71997003976674,358.5269469460031,359.9261474609375,52469900,QQQ
2023-10-16,361.2465806062894,365.05002164165177,361.09878511521293,363.9956970214844,44201100,QQQ
2023-10-17,360.448360262545,364.4981360766888,358.3298785924585,362.8033447265625,50999100,QQQ
2023-10-18,360.31052779188826,362.5176873454726,356.71400039070437,358.0442199707031,54280500,QQQ
2023-10-19,359.4630578223605,360.6553146993433,353.89587464125333,354.6940002441406,72274200,QQQ
2023-10-20,354.19143261499835,354.76294846899185,349.17603969846044,349.4026794433594,72559700,QQQ
2023-10-23,348.0823202047124,353.9943789248996,345.97367149410854,350.4570007324219,60665200,QQQ
2023-10-24,352.270112103193,354.6349301386818,350.575320331539,353.8663635253906,47082100,QQQ
2023-10-25,351.47196873068145,351.6493233086152,344.62382073653515,345.2051696777344,71190500,QQQ
2023-10-26,344.00298131145286,344.93906929286834,337.3322192905976,338.6230163574219,78621400,QQQ
2023-10-27,341.35245046408454,343.7271312742948,339.03688784248624,340.2488708496094,63476700,QQQ
2023-10-30,342.73193313591645,345.4022350230032,341.37218469520366,344.0818786621094,55298500,QQQ
2023-10-31,344.1114087821121,346.10179117581265,341.5396474517011,345.72735595703125,47671900,QQQ
2023-11-01,346.5649298772897,352.2897717671252,346.46638953800874,351.7281188964844,58992700,QQQ
2023-11-02,356.2410129874096,358.3496319411529,355.0191668891615,358.1131591796875,58162400,QQQ
2023-11-03,359.40394905155324,363.6113538875242,359.17730927962293,362.320556640625,53280500,QQQ
2023-11-06,363.08910516190724,364.3602063061445,361.5322761410514,363.7985534667969,38848700,QQQ
2023-11-07,364.84305022033044,368.10453411405916,363.640930200235,367.2374572753906,50777400,QQQ
2023-11-08,367.61187041571196,368.3114858193752,365.1879342825612,367.47393798828125,35663400,QQQ
2023-11-09,368.163678832252,369.3066505791059,364.1533244520648,364.64599609375,53859400,QQQ
2023-11-10,366.3703426610041,372.991850652543,365.8382488743715,372.84405517578125,58309800,QQQ
2023-11-13,371.26750810516944,372.735659990496,369.74020795754484,371.68133544921875,40733500,QQQ
2023-11-14,378.0860607128957,380.5987041135127,377.56382997846237,379.68231201171875,67792600,QQQ
2023-11-15,381.57425429700993,382.0669260262507,378.6083608644855,379.9681396484375,54141400,QQQ
2023-11-16,379.1994967525258,380.5297161682242,377.9382585819302,380.2932434082031,45343500,QQQ
2023-11-17,379.56407573006413,381.3968298638466,378.65757675359185,380.3819274902344,46571900,QQQ
2023-11-20,380.39176852820106,385.6732242470782,380.39176852820106,385.0130310058594,44429600,QQQ
2023-11-21,383.30836938457026,383.5251460922471,381.03222898910747,382.7762756347656,43337000,QQQ
2023-11-22,384.8455522998127,387.30891062919636,383.3379782050416,384.343017578125,44121000,QQQ
2023-11-24,383.93895779702086,384.53016970941434,382.8058191726008,383.801025390625,15718800,QQQ
2023-11-27,383.3084059170349,385.4170249378711,382.58909448430353,383.466064453125,34139700,QQQ
2023-11-28,382.7171292474076,385.05238765740836,382.3623900835809,384.4710388183594,35491100,QQQ
2023-11-29,386.934473278994,388.36323313049917,383.7518035091755,384.0966796875,38811700,QQQ
2023-11-30,384.36262982390576,384.8257422916776,380.1650885935478,383.1309509277344,52834400,QQQ
2023-12-01,382.0667970763418,384.81591281734484,380.41142784166107,384.2247009277344,40490100,QQQ
2023-12-04,380.4311361273443,380.9336707602358,377.0514163134852,380.65777587890625,51186900,QQQ
2023-12-05,378.7560970843749,382.8058433095871,378.5787124502714,381.61358642578125,42933000,QQQ
2023-12-06,384.54986457293904,384.64840490308484,379.0615260202326,379.4063720703125,41994100,QQQ
2023-12-07,382.3821847930193,385.5352653367791,381.28843808447164,384.70758056640625,49593500,QQQ
2023-12-08,382.9733568864543,386.8654445057405,382.786139271799,386.42205810546875,46687500,QQQ
2023-12-11,385.99842549975756,389.98908443192573,385.7915117992184,389.7230224609375,41198000,QQQ
2023-12-12,389.76237955300553,392.9450491247109,388.629240812153,392.8268127441406,39221200,QQQ
2023-12-13,393.7628698170913,398.4333872596561,392.99430327502,397.8224792480469,55408100,QQQ
2023-12-14,399.04432278440584,400.3449530293757,394.47231564117436,397.4776306152344,55447800,QQQ
2023-12-15,398.2560764504129,400.58150244238817,397.6550314278791,399.3990783691406,62896600,QQQ
2023-12-18,399.79192921511583,402.81309916911147,399.4661297665016,401.9146423339844,46610000,QQQ
2023-12-19,402.3689135561145,404.0868258236816,402.18132197168427,403.9683532714844,35711900,QQQ
2023-12-20,403.16860430932405,405.2616995946524,397.78774528609546,397.9654541015625,54042400,QQQ
2023-12-21,401.89499509252914,402.9613083279881,399.33786206115974,402.5959777832031,45568900,QQQ
2023-12-22,403.81030931871925,404.7680024555693,401.32229576593045,403.19818115234375,34314000,QQQ
2023-12-26,404.05721193539733,406.3378989802427,403.9584747640765,405.6665344238281,22722500,QQQ
2023-12-27,405.94898429838435,406.77875835861545,405.0895463807411,406.4922790527344,31980500,QQQ
2023-12-28,407.6481227170023,407.8950804007767,405.9391646926511,406.2947692871094,27029200,QQQ
2023-12-29,406.2750604042343,406.6306951771766,402.62007429411545,404.5364685058594,42662100,QQQ
2024-01-02,400.901215216287,401.14817289593526,395.3693571629253,397.6907653808594,58026900,QQQ
2024-01-03,395.06314019202443,396.1201263177863,393.0479871898376,393.48260498046875,47002800,QQQ
2024-01-04,391.61563710886116,394.7272980387974,391.24025658880606,391.45758056640625,39432800,QQQ
2024-01-05,391.6254768256185,394.6976157049845,390.52896911808637,391.92181396484375,44922800,QQQ
2024-01-08,393.14674065665804,400.30851341401365,392.99857207712546,400.0220642089844,42473800,QQQ
2024-01-09,397.01902029717724,401.74084959997214,396.82144210862884,400.8122863769531,39132900,QQQ
2024-01-10,401.1283570842697,404.5363543805492,400.23931562203137,403.5287780761719,33962800,QQQ
2024-01-11,404.8031476719886,406.1959925651025,399.32066924425925,404.3684997558594,54536200,QQQ
2024-01-12,405.4056713013919,406.24533333874797,403.1830524563775,404.5758972167969,39595000,QQQ
2024-01-16,403.3412016488288,406.1170038547271,401.8792011755404,404.5364685058594,43903000,QQQ
2024-01-17,401.22719441535935,402.62989707760573,398.0167447545256,402.2545166015625,54386000,QQQ
2024-01-18,405.5242294407698,408.54698883190395,404.1807942207987,407.96417236328125,59562500,QQQ
2024-01-19,410.1670120974889,416.21253038631954,409.58419567643597,416.0544738769531,70325100,QQQ
2024-01-22,418.2573876461551,419.5613313657799,415.9952469706817,416.59783935546875,44880600,QQQ
2024-01-23,417.28929780686303,418.5438620366408,415.4519472523529,418.3265380859375,33003800,QQQ
2024-01-24,422.23837238038595,424.6190480726647,420.1540338505478,420.64794921875,46948000,QQQ
2024-01-25,423.1471402830395,423.81888806396256,418.820467179713,421.16162109375,44367200,QQQ
2024-01-26,419.27483445736374,421.02328381753233,418.0005245054045,418.6524963378906,37137000,QQQ
2024-01-29,419.10690942510337,423.1372754590085,418.45493756237755,422.939697265625,38694700,QQQ
2024-01-30,421.9025030173065,422.47543156579263,419.21560227550077,420.1243896484375,36739000,QQQ
2024-01-31,415.72853974147705,417.7239468242111,411.7179496692199,411.895751953125,64010600,QQQ
2024-02-01,413.69360908615386,417.23991752552706,412.7255241901297,416.7460021972656,51008600,QQQ
2024-02-02,418.64262610680913,425.0042580366374,417.6449376290023,423.78924560546875,59602400,QQQ
2024-02-05,423.84853420729877,424.3819410907607,419.8280559423624,423.236083984375,39889200,QQQ
2024-02-06,424.3819121925699,424.9845045666784,420.0453513036871,422.3865051269531,35846100,QQQ
2024-02-07,425.1721815556776,427.5627147786143,423.8682378997858,426.7329406738281,37712700,QQQ
2024-02-08,426.8515066116603,428.28387317609645,426.1699311674683,427.52325439453125,29889900,QQQ
2024-02-09,428.65924534950017,432.52166690474706,427.86899286829663,431.73138427734375,36943900,QQQ
2024-02-12,431.6227409321858,433.7959804927143,429.3606002277538,430.0422058105469,33203300,QQQ
2024-02-13,422.08030471765994,426.0217396052204,420.15402277397357,423.3348388671875,64491700,QQQ
2024-02-14,426.0118584018304,428.3727579939155,423.66081661689094,427.947998046875,45092700,QQQ
2024-02-15,428.63947359393467,429.68657163381835,426.0809657732135,429.2222900390625,38796100,QQQ
2024-02-16,429.5977586317076,429.69651759648025,424.6190828712779,425.330322265625,53716500,QQQ
2024-02-20,423.3348244505183,424.8462041800542,418.34629159155463,422.11981201171875,53999500,QQQ
2024-02-21,419.3835049137998,420.51953431757676,416.49905619784107,420.43060302734375,49779000,QQQ
2024-02-22,429.20256278848717,433.7762238764086,428.4320560275247,432.739013671875,53887800,QQQ
2024-02-23,434.29976044260496,435.22832371062657,430.48674841765705,431.4646911621094,39853900,QQQ
2024-02-26,432.27469754338847,433.26252819127274,431.0497670405967,431.2374572753906,33043200,QQQ
2024-02-27,432.34387462219166,432.6599575342669,429.7359871107177,432.27471923828125,33713200,QQQ
2024-02-28,430.13114003503347,431.3560706752658,429.0148864542858,429.97308349609375,32938800,QQQ
2024-02-29,432.897035063429,434.7343855957227,429.7260769829366,433.65765380859375,42495200,QQQ
2024-03-01,434.54669033889377,441.1453917460865,434.48742291248533,440.18719482421875,43853000,QQQ
2024-03-04,440.1872243459957,440.6120144586767,438.369619473107,438.6165771484375,34325700,QQQ
2024-03-05,435.5740673406185,435.5839552943135,428.37277316164136,430.7435607910156,57917100,QQQ
2024-03-06,434.9616055413098,436.61126586958386,431.5733535962779,433.4502258300781,46234500,QQQ
2024-03-07,437.03607945304515,441.2837394812956,435.4950357987029,440.0292053222656,44526700,QQQ
2024-03-08,440.38477719851295,443.18035480422833,433.0056810784902,433.6773986816406,72096000,QQQ
2024-03-11,432.18582612227107,433.32182541621614,430.14100930544924,432.0672912597656,45860000,QQQ
2024-03-12,434.3787582906121,438.61652983691107,431.1485329521496,438.26092529296875,55300900,QQQ
2024-03-13,437.26324365300286,437.28301956013377,433.7762025649882,434.8924560546875,37928700,QQQ
2024-03-14,436.12725598238745,436.6508050498592,431.079455553198,433.7959899902344,52195200,QQQ
2024-03-15,430.76335642102964,433.5292704242378,427.47386318721965,428.6395263671875,73069800,QQQ
2024-03-18,433.96402116042105,436.24892486952547,432.4901867270838,432.72760009765625,47323800,QQQ
2024-03-19,430.71962317205856,434.21127480001553,428.6226278409683,433.80572509765625,43004100,QQQ
2024-03-20,435.0026331369198,439.28558271537105,433.30131642838063,438.94927978515625,43653500,QQQ
2024-03-21,444.0038011516447,444.45879569880725,440.82867997846824,441.0264892578125,39345700,QQQ
2024-03-22,440.51210455310553,442.62884172673427,439.6614311607801,441.5309143066406,28253900,QQQ
2024-03-25,438.7315896057316,441.41217190908384,437.7325820233636,439.928466796875,27789200,QQQ
2024-03-26,441.4517895723345,442.371709837362,438.2766685525834,438.5041809082031,34142000,QQQ
2024-03-27,441.5902677606485,441.68918748510794,437.12925080626644,439.99774169921875,41359200,QQQ
2024-03-28,439.94833112698956,440.7990046001888,438.83060154444735,439.18670654296875,36839600,QQQ
2024-04-01,440.13622694821476,442.6684148785135,438.2073980092949,440.116455078125,38729000,QQQ
2024-04-02,435.2993359937669,436.63467679175466,433.2716175055322,436.3181457519531,44259700,QQQ
2024-04-03,434.1914896972789,439.17674771806725,434.1816188556079,437.2973937988281,39949800,QQQ
2024-04-04,441.48144434714544,442.09473456067286,430.38332749747076,430.61083984375,57267700,QQQ
2024-04-05,432.0351718909734,438.35577055560805,431.22407246732575,435.6850891113281,54744600,QQQ
2024-04-08,436.6149497445348,437.6931054101099,434.4289655119857,435.8137512207031,28144900,QQQ
2024-04-09,438.1480760138876,438.42503314049435,432.6880511524698,437.426025390625,39443600,QQQ
2024-04-10,432.2528279423145,434.46848495231853,431.54064816251855,433.6079406738281,61502200,QQQ
2024-04-11,435.4774158620286,441.4814538292868,433.20238290855747,440.5318908691406,45474600,QQQ
2024-04-12,436.30830763057895,437.43590803860127,432.1341485615993,433.509033203125,53665000,QQQ
2024-04-15,437.2578244611151,437.34684315344833,425.53654699359805,426.3773193359375,63453600,QQQ
2024-04-16,426.2190306875889,429.0479775633437,425.0320846681734,426.4168701171875,47619000,QQQ
2024-04-17,428.39522482332507,428.41499669560693,420.2842896502012,421.2140808105469,56880500,QQQ
2024-04-18,421.85695293006614,423.5879423660009,418.23670854458396,418.8104248046875,46549400,QQQ
2024-04-19,417.63337275699286,418.1576140935352,408.58277638390166,410.1455993652344,75231000,QQQ
2024-04-22,412.77671832487005,416.6046733073807,409.44333179355846,414.27032470703125,47807700,QQQ
2024-04-23,416.19908616824654,421.6492396704174,414.31973225972354,420.452392578125,44384700,QQQ
2024-04-24,423.5484443591903,425.06182265057004,419.59189664985104,421.8768005371094,48440300,QQQ
2024-04-25,414.6857171994804,420.6996860627022,413.59769082942586,419.8391418457031,57392200,QQQ
2024-04-26,422.9747359747383,427.8511738733555,422.2823582242487,426.3180236816406,41874900,QQQ
2024-04-29,428.42491864220625,429.048079789253,425.30914309303853,428.0490417480469,30022200,QQQ
2024-04-30,426.46630425322616,427.8609906947796,419.8984519218457,419.9775695800781,43665900,QQQ
2024-05-01,418.5532463597159,425.4673333739,416.0903052961823,416.9409484863281,52251700,QQQ
2024-05-02,420.67988722114075,423.1626303564194,416.0606350688799,422.26251220703125,36559000,QQQ
2024-05-03,429.7206178316715,431.73846546858186,427.92038151036974,430.74932861328125,48515300,QQQ
2024-05-06,432.5495329935745,435.5565174735854,431.7780074570127,435.4674987792969,30227200,QQQ
2024-05-07,435.9125894513008,437.16878229039776,434.80473090539914,435.5367126464844,30996100,QQQ
2024-05-08,432.91551974287444,436.68412856388983,432.79679796970544,435.279541015625,24896700,QQQ
2024-05-09,435.54661913008255,436.8028422580396,433.69693803654405,436.2291259765625,24580100,QQQ
2024-05-10,437.73263958289897,439.4834009785405,435.71479191286244,437.2578430175781,27116600,QQQ
2024-05-13,439.16687233072867,439.26579205563456,436.85229566102873,438.2667541503906,22994200,QQQ
2024-05-14,437.84144756940225,441.61995781366716,437.6535091414476,441.0858154296875,34478300,QQQ
2024-05-15,443.5586593238126,448.22738676768705,442.04528105207277,447.9801025390625,41464700,QQQ
2024-05-16,447.792088348136,449.75058997446496,446.9018713129167,447.0700378417969,34780400,QQQ
2024-05-17,447.1986517798775,447.80204096189675,444.6565929882727,446.85247802734375,35803700,QQQ
2024-05-20,447.07009790490423,450.6309665241783,446.88215948281277,449.96826171875,24474200,QQQ
2024-05-21,448.11854421892684,451.0364796666063,447.92070478454946,450.8485412597656,23167700,QQQ
2024-05-22,451.1057864827058,451.857540210049,448.1581475603907,450.75958251953125,25120000,QQQ
2024-05-23,455.5469794693014,455.57665236835396,446.9415066973637,448.7318420410156,40899200,QQQ
2024-05-24,450.34411215761514,454.24131365132826,448.64279561626796,452.9752197265625,29669500,QQQ
2024-05-28,454.19186344679855,454.7457776824367,451.7289222852623,454.6864318847656,26216800,QQQ
2024-05-29,450.53206548946173,453.26206268217703,450.3935718404809,451.48162841796875,29739200,QQQ
2024-05-30,450.5518476128299,450.69034126496246,445.31930507978444,446.6447448730469,30536800,QQQ
2024-05-31,446.8722569938479,447.5646648820336,438.2469822206981,445.8138732910156,55941300,QQQ
2024-06-03,449.6319094145116,450.6309170270936,443.0343538674876,448.2075500488281,32997500,QQQ
2024-06-04,447.9504072512339,450.63095970345694,446.22931876556424,449.4341125488281,23767400,QQQ
2024-06-05,453.004931151471,458.5737465768754,449.47370515181433,458.49462890625,33817400,QQQ
2024-06-06,459.17710658249314,459.4936376169888,457.16915999813136,458.3363342285156,21966800,QQQ
2024-06-07,457.97039057899616,460.6806160602475,456.8229881379394,457.9308166503906,25829700,QQQ
2024-06-10,456.803175229736,460.13656149630197,456.51631709872595,459.78045654296875,20660800,QQQ
2024-06-11,458.50447750184526,463.0545127870807,457.0108712848029,462.935791015625,22053300,QQQ
2024-06-12,466.8626674378341,471.32368405453144,466.1702897911525,468.99920654296875,34532600,QQQ
2024-06-13,472.53051881493667,473.1932538727348,469.26637885866535,471.5413818359375,25859000,QQQ
2024-06-14,471.3435187046706,474.0537744176001,470.8786231404357,473.9845275878906,23372600,QQQ
2024-06-17,474.2515381397125,481.57114467660335,472.94590045979214,479.79071044921875,37054500,QQQ
2024-06-18,479.74130815889504,480.6216243226489,478.17845491806946,479.9391174316406,24438600,QQQ
2024-06-20,481.1359550087394,481.55137557735753,474.40980638490623,476.2397155761719,33918700,QQQ
2024-06-21,475.9627524549559,477.29809320933606,473.47013851655726,474.9637145996094,37456800,QQQ
2024-06-24,473.73725096126896,475.47099181592733,469.41777397286,469.55645751953125,37751000,QQQ
2024-06-25,471.64684204643737,475.2232870328967,470.70565640050626,474.92608642578125,29014700,QQQ
2024-06-26,474.10379318229053,476.45179897488026,473.6877123216575,475.9068908691406,22737100,QQQ
2024-06-27,475.65922915173917,478.611553035427,474.84684046619515,477.1353759765625,26222100,QQQ
2024-06-28,477.9279271409459,482.67343166507135,474.014614539721,474.6585693359375,34881600,QQQ
2024-07-01,475.57999748371265,478.0072166007963,471.8351183529178,477.4425354003906,24898300,QQQ
2024-07-02,475.94653963864454,482.51494549553286,475.8177426243462,482.45550537109375,26723600,QQQ
2024-07-03,481.7025582982194,486.6065802178196,481.7025582982194,486.477783203125,18064900,QQQ
2024-07-05,487.31991495009567,491.98614635742524,487.02268407891466,491.55023193359375,28495900,QQQ
2024-07-08,491.9167358967407,493.27400238194434,490.89630684162825,492.7192077636719,22109400,QQQ
2024-07-09,494.2350497416093,495.35455587533437,491.6294799402582,493.145263671875,25614500,QQQ
2024-07-10,495.06718307323126,498.8417819227691,493.7594701786326,498.2869873046875,28046900,QQQ
2024-07-11,498.3960416391144,498.60408208769064,486.1706947905551,487.3595275878906,49966600,QQQ
2024-07-12,487.934120777822,494.97804756604864,487.4684863179307,490.22265625,37109400,QQQ
2024-07-15,491.9960314409882,496.3551756664707,489.49945539424647,491.5403137207031,31151400,QQQ
2024-07-16,492.99662197224063,493.80901063185854,488.56815140505716,491.728515625,25950600,QQQ
2024-07-17,483.74340981561966,484.2585676332021,477.224557622275,477.29388427734375,56268800,QQQ
2024-07-18,481.0189557238677,481.19727609369016,471.8449804007106,475.0350646972656,49347400,QQQ
2024-07-19,474.6981996487624,477.21460891251246,469.53661435101674,470.82452392578125,42042900,QQQ
2024-07-22,476.6895495582666,478.85920470287533,473.2715913896256,477.8387756347656,40300000,QQQ
2024-07-23,476.93720956859266,479.929139778085,475.67902005911884,476.154541015625,23282500,QQQ
2024-07-24,469.4178042542807,469.78436179260797,458.2128864838002,459.0747985839844,58818600,QQQ
2024-07-25,459.4115832282099,463.59237645887646,451.3967509671105,454.01220703125,59256800,QQQ
2024-07-26,458.3515754396466,461.6011001943518,455.49832829228717,458.6686096191406,39992100,QQQ
2024-07-29,461.383116315446,463.56268838097253,457.3311198139349,459.5899353027344,28218500,QQQ
2024-07-30,461.5218203822993,462.2252153474391,449.93051231846664,453.27911376953125,41317200,QQQ
2024-07-31,463.5230477398301,468.39734966717026,462.076620963173,466.6933288574219,44552100,QQQ
2024-08-01,467.37689795882113,471.1316633842162,451.74351079884156,455.3893127441406,56653900,QQQ
2024-08-02,446.7008203668183,449.35591337831903,440.340454930092,444.5806884765625,66323200,QQQ
2024-08-05,420.7640496665403,438.18073242125257,419.5157767707517,431.32501220703125,87483500,QQQ
2024-08-06,433.16773136287384,442.91630484411263,430.5225248808415,435.44635009765625,63164400,QQQ
2024-08-07,442.34167151120243,444.8283608872693,430.33428273182557,430.7305603027344,54929200,QQQ
2024-08-08,436.9621628383831,444.8184789180148,433.0884865440954,443.90704345703125,47890100,QQQ
2024-08-09,442.5893045939609,447.8598834396681,441.4697986482107,446.2252197265625,33574000,QQQ
2024-08-12,447.19619606278854,450.1484898369526,444.3825556071596,447.186279296875,27795000,QQQ
2024-08-13,451.5850231776538,458.5497068481307,451.4463093931689,458.2821960449219,40084500,QQQ
2024-08-14,459.2035073738891,460.788617480026,454.14096900274984,458.4307556152344,34733700,QQQ
2024-08-15,464.4047901058715,470.4084846096922,464.02831582443696,470.01220703125,38280600,QQQ
2024-08-16,468.22890368838864,471.9836994318874,467.267914706038,470.61651611328125,38383600,QQQ
2024-08-19,470.75522206656456,476.838159775864,468.9719276760101,476.79852294921875,23737700,QQQ
2024-08-20,475.8871033026028,478.4530361414534,474.1038088531109,475.7979431152344,29209300,QQQ
2024-08-21,476.58054970811685,479.86971082600905,474.86664249742586,478.01708984375,25658800,QQQ
2024-08-22,480.33537571180096,481.0288841455253,469.4078560191765,470.4382019042969,37739600,QQQ
2024-08-23,474.7873956850109,478.25487736174836,470.8641963105765,475.54034423828125,36061500,QQQ
2024-08-26,474.9954750129997,475.91682719058724,468.8431499287544,470.92364501953125,27452600,QQQ
2024-08-27,469.28896037364865,473.400396779738,467.32734562030106,472.3304443359375,27510000,QQQ
2024-08-28,471.86480810777596,472.5880063433666,463.5428583776521,466.970703125,37372400,QQQ
2024-08-29,468.8827928484705,473.4895840302983,465.00911671200544,466.2871398925781,41081500,QQQ
2024-08-30,470.62644840577417,472.4691527766626,466.1385374963052,471.8450012207031,33466500,QQQ
2024-09-03,468.8035388395337,468.9323056206166,455.1416524496019,457.51934814453125,44985200,QQQ
2024-09-04,454.40852713775496,460.1348241601613,453.477258224592,456.3304748535156,32505100,QQQ
2024-09-05,454.70572529323357,461.0363402813741,453.6852962003829,456.7565002441406,34452400,QQQ
2024-09-06,456.05307770346093,456.9348232587385,444.0258857158704,444.521240234375,50624400,QQQ
2024-09-09,448.8506232910241,451.2283188768992,445.64073576179464,450.23760986328125,32981200,QQQ
2024-09-10,452.00112173639417,454.90392245193806,448.0283987023485,454.3986511230469,29680300,QQQ
2024-09-11,455.6369852193334,465.00908400490187,447.0871616105351,464.26605224609375,57843000,QQQ
2024-09-12,464.29578616525714,469.635722410282,462.51252198450715,468.8233337402344,40067800,QQQ
2024-09-13,468.0902315957997,472.1025912298367,467.86235762577684,470.92364501953125,29111800,QQQ
2024-09-16,468.7936468040667,469.457404977587,465.524318830329,468.8431701660156,22585600,QQQ
2024-09-17,471.86482380417743,473.16265024621885,466.59424438062723,469.0908203125,30084400,QQQ
2024-09-18,470.28962738466885,474.3812306191074,466.45555772606247,467.0599060058594,39909200,QQQ
2024-09-19,478.12607832269657,481.7124704668982,476.0257799819862,478.8691101074219,52782500,QQQ
2024-09-20,478.0071954775703,479.19605842028795,473.8561221774012,477.9576721191406,34577700,QQQ
2024-09-23,479.135323893243,480.315926835132,477.7959811138323,479.224609375,24843000,QQQ
2024-09-24,480.6333780488886,482.48860259985565,476.3772853530918,481.53619384765625,25952600,QQQ
2024-09-25,480.91117964524597,483.93710680870424,480.7326086756926,481.982666015625,26549900,QQQ
2024-09-26,489.47300978582507,489.80042016717226,481.96279573601043,485.60382080078125,32020200,QQQ
2024-09-27,486.6256838006488,486.7645925142839,481.7247009952947,482.9053039550781,22851100,QQQ
2024-09-30,481.942923506745,484.55215452746376,479.10552858521237,484.21484375,30281100,QQQ
2024-10-01,483.8478010651969,484.1454193353246,473.62913982724353,477.46856689453125,42735400,QQQ
2024-10-02,476.5657513321326,480.05796717810114,473.9466197241842,478.1432189941406,23744000,QQQ
2024-10-03,475.9506174766113,480.722621801194,475.2065415805555,477.7860107421875,25337200,QQQ
2024-10-04,483.59977268614915,484.02636896280734,478.57974271825753,483.4707946777344,30686600,QQQ
2024-10-07,481.55598287079204,482.72665493988626,477.0716663783261,478.2919616699219,24975100,QQQ
2024-10-08,480.83175543826064,486.1196413389746,480.02815591476696,485.4350891113281,28272000,QQQ
2024-10-09,485.1374555301361,489.8301048032175,484.0957614478896,489.2546691894531,24995000,QQQ
2024-10-10,486.972911204982,490.5643129343177,485.663330270901,488.69915771484375,25750400,QQQ
2024-10-11,486.86371250603634,490.4849059533432,486.2982378562307,489.4630126953125,20644500,QQQ
2024-10-14,491.8539970558773,494.88982428126036,491.34804603599724,493.5703430175781,26060100,QQQ
2024-10-15,493.8977476785361,494.5624688319381,484.82002737514097,486.972900390625,34784500,QQQ
2024-10-16,487.3002966300499,487.8062779684171,483.7188255626652,487.0324401855469,22996800,QQQ
2024-10-17,492.5187281720624,492.5683211220585,487.31019680837863,487.3697204589844,27210700,QQQ
2024-10-18,490.15753539620334,491.6556179545978,489.40352876657005,490.5643005371094,25335000,QQQ
2024-10-21,489.35396280985196,492.3104355627695,487.42928387916174,491.5068359375,30336500,QQQ
2024-10-22,488.8380434331737,493.5207623873369,488.0840368199485,492.0425109863281,26685800,QQQ
2024-10-23,489.6912640374047,490.34605451121007,481.2187106828383,484.5025634765625,39346600,QQQ
2024-10-24,488.2229113611023,489.1058959697234,485.5740180882913,488.4312744140625,22024900,QQQ
2024-10-25,491.22902181685464,496.32840643950317,490.52460813834386,491.4075927734375,38762100,QQQ
2024-10-28,494.52279649460877,494.58232014940006,491.1893507201843,491.4869689941406,20477800,QQQ
2024-10-29,491.8044187402905,497.38995346166206,489.94919430030234,496.2093505859375,28014100,QQQ
2024-10-30,495.4454629981242,496.39787173074626,491.9731085864843,492.459228515625,29756000,QQQ
2024-10-31,488.4907896798999,488.54038262888133,479.92895155012076,480.0281677246094,41245200,QQQ
2024-11-01,481.6651469129995,486.8736783677744,481.36752865476586,483.57989501953125,33655800,QQQ
2024-11-04,482.9747727442374,485.5145497059188,480.4250650808486,482.1711730957031,23291600,QQQ
2024-11-05,483.7584717889176,488.986864708101,483.66918631037436,488.3221435546875,24353600,QQQ
2024-11-06,496.60618015035925,502.40997829462293,495.65377146447037,501.5865173339844,43082200,QQQ
2024-11-07,504.3842278003702,510.26741073728783,504.3247041524069,509.4836120605469,32853100,QQQ
2024-11-08,508.9876317248382,510.8527870225075,508.36260305843524,510.0789794921875,22924500,QQQ
2024-11-11,511.2992250032805,511.5075880683992,506.8843925321375,509.7813415527344,24167500,QQQ
2024-11-12,509.7118345645932,510.5947585805115,505.80292327856444,508.85858154296875,25835300,QQQ
2024-11-13,508.35269682828596,510.9122744153452,505.9220366929146,508.203857421875,24567400,QQQ
2024-11-14,507.8665643683169,508.739588052962,503.75925058094214,504.6719970703125,28679500,QQQ
2024-11-15,498.9673849410941,499.35428866917067,490.58411760662926,492.647705078125,51461100,QQQ
2024-11-18,494.1953790330812,498.1737145612043,492.8064433987384,496.0704345703125,27080800,QQQ
2024-11-19,493.49100674201975,499.96942655752554,493.1536656807539,499.4832763671875,24523000,QQQ
2024-11-20,499.18562594048456,499.5031055797306,492.6377521945281,499.195556640625,29565500,QQQ
2024-11-21,502.2412988893756,502.9556129602977,493.62986778963904,500.99127197265625,34526700,QQQ
2024-11-22,500.4357175118036,502.5290365817057,498.8086569561695,501.7948913574219,23826600,QQQ
2024-11-25,505.8723839670451,507.41015895691515,500.2769490739955,502.5885314941406,26375200,QQQ
2024-11-26,504.0667834357268,506.1105398394157,503.2235216050594,505.2870788574219,26557100,QQQ
2024-11-27,504.1561023396317,504.2255264165309,497.96536999082,501.3087463378906,24957400,QQQ
2024-11-29,501.93375043277575,506.308920336892,501.31865253598164,505.7136535644531,15334000,QQQ
2024-12-02,506.97362609834516,512.18215721545,506.58669211119974,511.21978759765625,25147200,QQQ
2024-12-03,509.890434903682,513.0651709231122,509.31499924035353,512.787353515625,18597900,QQQ
2024-12-04,516.2101120920232,519.3848480945504,515.4957677287545,519.1268920898438,26086200,QQQ
2024-12-05,519.1764451670765,519.9006596223231,517.3013594796879,517.6882934570312,18169600,QQQ
2024-12-06,518.3530669746475,522.5595667910787,518.2240889616199,522.3214721679688,23762600,QQQ
2024-12-09,521.3987277525985,522.1923965322766,517.1029129790646,518.2537841796875,20674400,QQQ
2024-12-10,519.4840189672058,521.2301267457367,515.0592258717493,516.4878540039062,24350000,QQQ
2024-12-11,520.8531319621538,526.4188051823884,520.4463971119644,525.7342529296875,32168600,QQQ
2024-12-12,523.511980803434,524.7818994700399,521.8651193703002,522.34130859375,23577500,QQQ
2024-12-13,526.2700231888497,528.958578680959,523.1349494940644,526.3394775390625,28780400,QQQ
2024-12-16,528.8694272749564,534.8914899938695,528.7900422086976,533.919189453125,31979900,QQQ
2024-12-17,532.1233843076452,533.234532805748,529.911018011913,531.5678100585938,28579100,QQQ
2024-12-18,530.9230075449514,532.6393233284896,510.942073860317,512.3905029296875,54703200,QQQ
2024-12-19,517.0732740500031,517.6387790519901,509.77142308420235,510.10870361328125,46441800,QQQ
2024-12-20,506.4081888202465,520.674610325421,505.2672783831969,514.563232421875,60530000,QQQ
2024-12-23,516.2773821985058,519.9540883119314,512.8789414988543,519.5764770507812,29672800,QQQ
2024-12-24,521.5241349732042,526.7112253012842,520.8881517500126,526.621826171875,17558200,QQQ
2024-12-26,524.9921323134935,527.8937223215758,522.994783551006,526.2640380859375,19090500,QQQ
2024-12-27,522.6966520264838,523.1338828752066,514.5979649367405,519.2683715820312,33839600,QQQ
2024-12-30,512.262836772703,516.0885615458353,508.6059938701245,512.3621826171875,34584000,QQQ
2024-12-31,513.6440635547258,514.3992253569596,507.04587445625845,508.009765625,29117000,QQQ
2025-01-02,511.0603921100838,513.3856790451194,502.5245044941701,507.01605224609375,36389800,QQQ
2025-01-03,510.11631872085275,516.3766827391748,509.3015373778752,515.3134155273438,29059500,QQQ
2025-01-06,520.7192176012078,524.5946151120777,518.7417623146622,521.2359008789062,36109700,QQQ
2025-01-07,522.2793368947259,522.67678090554,510.0468799728483,511.93487548828125,36690300,QQQ
2025-01-08,511.83554740418106,513.6639233488847,507.35394602071244,512.0243530273438,30777800,QQQ
2025-01-10,508.25819448854884,508.3575403275065,500.7458174123479,503.9952087402344,40532500,QQQ
2025-01-13,498.04296636403393,502.83258226211484,496.5524148250259,502.37548828125,31694200,QQQ
2025-01-14,505.5354479124467,506.94651670595886,498.4304916746537,501.89849853515625,33737200,QQQ
2025-01-15,509.79844685715614,514.5880322454942,508.2382987029594,513.4453125,34957600,QQQ
2025-01-16,515.710913384707,515.790426445023,509.7189280346691,509.8481140136719,28229000,QQQ
2025-01-17,519.5564846396222,520.7688312604284,509.8778477018945,518.4534912109375,51837900,QQQ
2025-01-21,521.1762101053723,522.6568146896532,516.7840692656267,521.4942016601562,23628000,QQQ
2025-01-22,526.2342659003573,530.4574953112844,525.926221004647,528.1620483398438,33593000,QQQ
2025-01-23,525.7076127624492,529.4042124255304,525.1213630726537,529.2849731445312,23096600,QQQ
2025-01-24,529.6625453438141,530.427653898665,524.8232261530454,526.2938842773438,19878300,QQQ
2025-01-27,507.78117595907423,514.7271357656366,506.9365241022923,510.9709777832031,60771700,QQQ
2025-01-28,511.9746158466005,519.7056389765987,508.5563122008364,518.5231323242188,33194200,QQQ
2025-01-29,519.169115138246,519.2983011374322,513.6441392716389,517.5493774414062,26649000,QQQ
2025-01-30,520.4111867008249,522.7860860608997,514.9458310521527,519.7553100585938,27431300,QQQ
2025-01-31,523.6009014071057,528.1719622881295,517.9070142215932,519.0000610351562,38755200,QQQ
2025-02-03,510.2356481268789,517.5691667149378,507.8309085723365,514.846435546875,40580800,QQQ
2025-02-04,515.3631410761267,521.8023039804046,514.9656364261884,521.1663208007812,26046800,QQQ
2025-02-05,518.533087344952,523.6903982021383,517.3406339590531,523.5313720703125,21134100,QQQ
2025-02-06,524.0381574961376,526.4727371352427,522.4283666892038,526.2640380859375,19434500,QQQ
2025-02-07,526.8007131129621,528.7483284429109,518.9007772767695,519.6261596679688,29605500,QQQ
2025-02-10,523.8990176021349,527.0192533310259,523.432007239571,525.916259765625,20852800,QQQ
2025-02-11,522.6470638665404,526.5820814924964,522.5178778686476,524.6642456054688,19325500,QQQ
2025-02-12,519.0099626297507,525.856576316867,518.6621915785847,524.97216796875,25009400,QQQ
2025-02-13,526.6415998490472,532.8422839525621,525.856597948036,532.5243530273438,28714800,QQQ
2025-02-14,532.6337798573957,535.445971182486,532.295894769465,534.7603149414062,17862600,QQQ
2025-02-18,536.3301909280925,536.5985095911096,532.6634320198589,535.9724731445312,20565000,QQQ
2025-02-19,535.1775539526902,537.4034344848549,533.0808594023651,536.12158203125,19666900,QQQ
2025-02-20,535.3365599110106,535.7042244561445,529.1060954227281,533.8460083007812,26550800,QQQ
2025-02-21,534.9887454346671,535.0086388627485,522.3985708362279,522.7662353515625,47093800,QQQ
2025-02-24,524.5548916727963,525.7373982954535,516.2575125365582,516.5953369140625,39268400,QQQ
2025-02-25,515.9692710044544,516.0487840625606,506.23101383534026,510.0865783691406,48940000,QQQ
2025-02-26,512.2826775590353,516.3866066654181,508.1488476612619,511.3187561035156,34457600,QQQ
2025-02-27,514.8663527597747,515.800434214296,496.9002199954935,497.11883544921875,52448000,QQQ
2025-02-28,496.9796905709141,505.5751982352111,493.7998352114138,504.96905517578125,47654000,QQQ
2025-03-03,508.29792199196845,509.80833658708485,490.4709237175102,493.9190673828125,44587200,QQQ
2025-03-04,491.0671622880661,500.5669416036149,484.6677252997208,492.42852783203125,67875400,QQQ
2025-03-05,493.0744692441924,500.45766070927147,488.1655836699512,498.8478698730469,46323700,QQQ
2025-03-06,490.58025627763743,495.43943846939203,483.1374453830968,485.1248474121094,57574300,QQQ
2025-03-07,484.09141990745076,490.17286564157314,477.50317692036816,488.6922607421875,54714700,QQQ
2025-03-10,480.4047648459635,480.92147845342646,465.7079184343633,469.7522888183594,76668000,QQQ
2025-03-11,469.37467027626616,475.7939702022416,464.0683106107926,468.62939453125,68760800,QQQ
2025-03-12,476.1417740872487,478.0297999193566,468.8182025802525,473.9158935546875,46971100,QQQ
2025-03-13,473.2501016514119,473.2799114684233,463.4919505450515,465.3899230957031,46563300,QQQ
2025-03-14,470.7460316472692,477.5329967973217,470.13985820885455,476.638671875,43563000,QQQ
2025-03-17,476.5889052181335,482.77967314656735,474.7903088976975,479.72900390625,41744400,QQQ
2025-03-18,476.39019173623467,476.5889137375583,469.4342848576123,471.5508728027344,39072300,QQQ
2025-03-19,473.80658371122826,482.27290553437547,471.8788012950444,477.86090087890625,40430300,QQQ
2025-03-20,473.8761366755608,481.4978063463737,473.1805338469725,476.24114990234375,36780500,QQQ
2025-03-21,471.0937592442753,478.5763266010879,469.93114605028205,477.8111877441406,42234900,QQQ
2025-03-24,485.39050030859886,489.1423592971704,482.0665930507614,488.29644775390625,34567200,QQQ
2025-03-25,489.02297163947037,491.24221021375496,488.0576429488141,491.0829772949219,26035200,QQQ
2025-03-26,489.92855437237864,490.7844275024884,480.49423943900865,482.0467224121094,34627100,QQQ
2025-03-27,480.08616022723464,484.23605568618603,477.9365616361051,479.2999572753906,33469800,QQQ
2025-03-28,477.49872503017417,478.2052964153207,465.79536391222956,466.68109130859375,46363800,QQQ
2025-03-31,459.69485319946125,467.59657670532755,455.1269374128109,466.6611328125,53000300,QQQ
2025-04-01,465.0489314542302,471.34845587241415,462.1828303710836,470.4229431152344,41156200,QQQ
2025-04-02,463.87467002418674,477.2499312507818,463.6159127395909,473.8563537597656,49894500,QQQ
2025-04-03,454.24126086225453,457.8537794541511,447.9716210778618,448.4891052246094,70456300,QQQ
2025-04-04,436.0294529358994,438.24869137872236,420.63397216796875,420.63397216796875,117088400,QQQ
2025-04-07,406.6914499899583,441.0053675205171,400.4516641030583,421.6490478515625,161557000,QQQ
2025-04-08,436.0493338288811,441.0053554988176,407.81600041600757,414.0557861328125,101248100,QQQ
2025-04-09,413.56815354318593,465.5763897991723,413.4288133631856,463.7552185058594,142876900,QQQ
2025-04-10,451.37512434983404,453.39534429067385,430.54595489590434,444.0306701660156,108384100,QQQ
2025-04-11,442.5080869674275,453.5944394661005,439.2040723268698,452.21112060546875,52483800,QQQ
2025-04-14,462.2226327115798,462.80978696729005,450.4496325846052,455.2762756347656,43941200,QQQ
2025-04-15,456.33118230210107,460.15268105084914,453.9526805576148,455.7838134765625,35404200,QQQ
2025-04-16,446.8669566467618,450.43965945558847,435.6512567922465,442.0403137207031,48980600,QQQ
2025-04-17,445.0159426129849,445.59313532137156,439.2339021288606,441.9607238769531,44837000,QQQ
2025-04-21,436.1189822025886,436.9648633110088,425.86858083880827,431.02362060546875,44149300,QQQ
2025-04-22,436.70615895638065,445.42394033849905,435.51192735142513,442.3388977050781,52304400,QQQ
2025-04-23,455.9629568263105,461.14785116525866,450.6984308488603,452.3703308105469,55801100,QQQ
2025-04-24,454.2811211424454,465.40725916576037,453.6342279324837,465.0987548828125,45956100,QQQ
2025-04-25,464.72056158591084,470.81107609503925,463.1481859616907,470.28363037109375,38697100,QQQ
2025-04-28,470.7513468926074,472.5227711679886,463.785066874951,470.13433837890625,33550800,QQQ
2025-04-29,467.9051531308386,474.1250461983433,467.32793004665405,473.23931884765625,30613100,QQQ
2025-04-30,464.8797445519946,474.90124260090266,460.2023732605827,473.1795654296875,46810600,QQQ
2025-05-01,481.08135748377987,484.83318599096134,478.4242058431775,479.35968017578125,43316500,QQQ
2025-05-02,484.1962728644179,488.54521706431206,482.49448832227375,486.4752197265625,39218100,QQQ
2025-05-05,482.26562303187217,486.6742758401759,481.768031598775,483.5892028808594,28309500,QQQ
2025-05-06,477.2499089792982,482.71345338039805,475.88651326591844,479.09100341796875,32786300,QQQ
2025-05-07,479.7577689327616,483.4598506116992,474.4833116025476,480.9718933105469,38006300,QQQ
2025-05-08,486.1767003880921,490.32662643958486,481.8377175267332,485.9378662109375,39577600,QQQ
2025-05-09,487.8486153265174,489.17222563016486,483.8579524315384,485.6194152832031,27767400,QQQ
2025-05-12,504.5477524292731,505.44344130675324,499.0643154796623,505.40362548828125,45090600,QQQ
2025-05-13,506.707335072133,514.8977013705513,505.97090943590337,513.1063842773438,53269600,QQQ
2025-05-14,514.2806241027265,516.728734864557,513.2655182310583,516.181396484375,47014500,QQQ
2025-05-15,514.0319491096225,519.4158624817272,512.6884155979109,516.748779296875,50153300,QQQ
2025-05-16,518.1519218274547,519.1869509574169,514.6090729974479,518.9978637695312,48394600,QQQ
2025-05-19,511.76283198638407,520.0129368955124,511.76283198638407,519.4954223632812,52536200,QQQ
2025-05-20,516.96766002425,518.4206490040874,514.171198352801,517.7638549804688,42517600,QQQ
2025-05-21,513.7831162356644,520.4806779894516,508.77731688816084,510.5686340332031,71292800,QQQ
2025-05-22,511.18562841742636,515.2161678084017,509.8321942334835,511.5240173339844,55607200,QQQ
2025-05-23,503.74166904926017,509.37440786318274,503.14455323986806,506.78692626953125,58368100,QQQ
2025-05-27,513.6636439652767,519.1968580915909,512.1111611741854,518.7091674804688,47226300,QQQ
2025-05-28,519.6646069225357,521.1573812940497,515.8928855439889,516.4103393554688,46637200,QQQ
2025-05-29,523.7946714004786,523.9439124018006,514.8280630915039,517.4254760742188,58513300,QQQ
2025-05-30,516.9377412869756,518.1717582051239,509.4639089540041,516.6093139648438,67662800,QQQ
2025-06-02,514.7484234216115,520.9285314569356,513.4845216279213,520.689697265625,44762800,QQQ
2025-06-03,521.0379136751978,526.192953382638,520.172109482974,524.7598876953125,44070300,QQQ
2025-06-04,525.4664906934179,527.2876922621837,523.4362788655679,526.2228393554688,41359300,QQQ
2025-06-05,527.6260744548405,530.4822445825432,520.1422794419956,522.2620239257812,61031200,QQQ
2025-06-06,527.446880166096,529.2381970448477,525.6655248338539,527.3672485351562,42467000,QQQ
2025-06-09,527.5863156876297,529.7856311828058,526.4617540692666,528.1436157226562,33688700,QQQ
2025-06-10,528.6113236327552,532.3233974321485,526.3423380359699,531.63671875,40664800,QQQ
2025-06-11,533.0398961060292,534.1943423631835,527.5564282374158,529.8453369140625,53701000,QQQ
2025-06-12,528.5317277617894,532.0646150066514,528.2829320298816,531.0892944335938,34104900,QQQ
2025-06-13,525.1381334298933,529.3079524332428,523.197514523019,524.421630859375,55814400,QQQ
2025-06-16,527.9445262501218,532.7910620936354,527.8947792535579,531.7162475585938,37622100,QQQ
2025-06-17,529.1487078886557,530.7608992855103,525.366964373918,526.5313720703125,42180900,QQQ
2025-06-18,527.5464108599048,529.9846210200801,524.8594657253662,526.4417724609375,43983500,QQQ
2025-06-20,529.6960723110417,530.989797962704,522.3516174800588,524.292236328125,61643500,QQQ
2025-06-23,524.8611059770333,530.2012624901581,521.7128229011945,529.6832275390625,50666100,QQQ
2025-06-24,534.9038188952696,538.6997215726698,534.2861174166954,537.7831420898438,45442000,QQQ
2025-06-25,540.0546537700266,541.3000294115662,537.3845756916884,539.157958984375,44804200,QQQ
2025-06-26,541.339901952907,544.6476272131085,539.5167156535897,544.1992797851562,43811400,QQQ
2025-06-27,545.2354314727291,547.9553124291843,542.5254624415982,546.0623779296875,57577100,QQQ
2025-06-30,549.2206440950201,550.7549250315776,546.9789678853869,549.5992431640625,45548700,QQQ
2025-07-01,547.6962844543337,548.6727003482655,542.6450333450836,544.9664306640625,56166700,QQQ
2025-07-02,544.1394799694398,548.9616013728256,544.099649838931,548.7623291015625,36538300,QQQ
2025-07-03,551.1335605372531,555.1387084222483,551.1335605372531,554.1622924804688,26443500,QQQ
2025-07-07,551.4723321808171,552.2893059767699,547.5469053516296,549.9878540039062,45349300,QQQ
2025-07-08,551.3328837616745,551.960558064613,549.0612889873505,550.2967529296875,36153300,QQQ
2025-07-09,552.4287282148103,555.5670993773455,551.0538285444961,554.1921997070312,43045500,QQQ
2025-07-10,554.8298779906593,555.2383344969288,550.7051787469096,553.3952026367188,34710900,QQQ
2025-07-11,551.2530245132971,553.7338028939057,550.0076489560154,552.1497192382812,39618600,QQQ
2025-07-14,551.9405249362994,554.8895964181139,549.5892702624878,554.15234375,36453300,QQQ
2025-07-15,558.177370440617,558.7253235687808,554.6006247913591,554.660400390625,43277700,QQQ
2025-07-16,555.2184205935204,558.1375740177878,549.519549612121,555.2283325195312,52314700,QQQ
2025-07-17,555.9556343165032,560.229741645841,555.1486333295833,559.7216186523438,40423800,QQQ
2025-07-18,561.0367592084838,562.6407884950407,557.9083608963978,559.1836547851562,50484700,QQQ
2025-07-21,560.0106243017523,563.9659084478778,559.9807060956166,562.0828857421875,39595200,QQQ
2025-07-22,562.212410691865,562.2622135594852,556.5434579032301,559.1737060546875,43270600,QQQ
2025-07-23,560.2596495832936,561.7640122575135,557.5098504754792,561.7241821289062,40215300,QQQ
2025-07-24,563.0393510094046,564.145230057719,561.2061311881392,562.9197998046875,42275500,QQQ
2025-07-25,562.8401049406639,565.599877131678,562.1825732841013,564.2747802734375,30630800,QQQ
2025-07-28,565.6396024726357,566.934780883673,564.7728259539763,566.0381469726562,31498700,QQQ
2025-07-29,568.648489779181,569.9934711462136,564.4341580737452,565.1614379882812,45463300,QQQ
2025-07-30,566.078082515952,568.5090584763351,562.9596566910935,565.918701171875,43433800,QQQ
2025-07-31,572.414512700583,572.5042065088016,561.784002550513,562.9197998046875,64613600,QQQ
2025-08-01,556.7626323149415,556.9519318446527,549.6390593282571,551.8309326171875,69400800,QQQ
2025-08-04,556.9818168836358,562.2323403030458,556.8822111512052,562.0131225585938,47669800,QQQ
2025-08-05,563.2983190006893,564.4639734860455,557.659224470718,558.197265625,48666600,QQQ
2025-08-06,559.0342039471559,565.6596271290572,558.5559991276681,565.2212524414062,41823700,QQQ
2025-08-07,569.5550971875249,571.1990173575662,563.0193682552224,567.1340942382812,44463000,QQQ
2025-08-08,568.3396307619837,572.6436562068012,568.0407527747095,572.4244384765625,35255500,QQQ
2025-08-11,572.5639325532171,574.6661119984625,569.4554798808987,570.730712890625,33112900,QQQ
2025-08-12,573.0321895540377,578.2029917684722,570.372084149425,577.9041137695312,42143300,QQQ
2025-08-13,580.604084362888,581.1620102059526,576.7982091868794,578.1930541992188,41209300,QQQ
2025-08-14,576.1407216563158,579.7273793774012,575.7720345015408,577.7447509765625,45425000,QQQ
2025-08-15,577.6550229317031,577.6949138700501,573.4406912378071,575.2041625976562,49480200,QQQ
2025-08-18,574.3074712675442,575.6325679790418,573.1118984877381,574.9749755859375,29831000,QQQ
2025-08-19,574.2576936083949,574.4270476767487,566.1477924665415,567.1740112304688,53752600,QQQ
2025-08-20,566.2275216498264,566.3470728538312,556.7726389420532,563.8065185546875,76781100,QQQ
2025-08-21,562.2621550000686,564.3942526345425,558.9046272267002,561.1961669921875,46436900,QQQ
2025-08-22,562.5810219572568,571.8665505027725,561.186237654488,569.85400390625,51502100,QQQ
2025-08-25,568.2898040708618,571.1690661717927,567.0543404263368,568.2100830078125,34044700,QQQ
2025-08-26,567.7219543005008,570.8004889189272,566.6957355547859,570.4916381835938,34103000,QQQ
2025-08-27,569.4754735923461,572.2849877073902,568.2599552674767,571.368408203125,36927100,QQQ
2025-08-28,571.9860851866184,575.8617088595212,570.3422257905413,574.9451293945312,46787900,QQQ
2025-08-29,572.5340452045847,572.9027323513419,566.4366907257225,568.2898559570312,56030400,QQQ
2025-09-02,559.2334738058692,563.8762077332766,557.4700023275942,563.5275268554688,65876800,QQQ
2025-09-03,567.1242013007502,569.5850955347586,564.6334496680194,567.9611206054688,54230200,QQQ
2025-09-04,568.6285491052419,573.4705550386212,566.9249141338813,573.1019287109375,47526300,QQQ
2025-09-05,578.3424366904492,578.9701108367434,569.4156236042274,573.9288330078125,68342500,QQQ
2025-09-08,576.2303043493281,578.6911981583403,575.6325483844515,576.7284545898438,46371400,QQQ
2025-09-09,577.5255685086003,578.7908897662577,574.9052929899314,578.3624877929688,44007600,QQQ
2025-09-10,581.5804896782814,581.6104078841153,576.4096872460331,578.5517578125,49308000,QQQ
2025-09-11,581.0822703109691,582.7162176589113,579.4682684312116,581.919189453125,44745800,QQQ
2025-09-12,582.875622079706,585.6851967841828,581.9390971782137,584.4896240234375,50745900,QQQ
2025-09-15,586.263084887294,589.6006673309763,586.1136154844122,589.4910888671875,44360300,QQQ
2025-09-16,590.4176835168099,590.666758666618,588.3055311111864,588.9929809570312,36942100,QQQ
2025-09-17,588.9132280535239,589.560847731768,582.2081448420756,587.8173217773438,69384800,QQQ
2025-09-18,592.709097492132,595.9271894237951,590.7663601849613,593.1176147460938,61069300,QQQ
2025-09-19,595.1202047360832,597.83011295333,593.6456386208329,597.1326904296875,58196100,QQQ
2025-09-22,596.2190510860968,601.3360027595129,596.1990824942005,600.667724609375,57154800,QQQ
2025-09-23,600.8372900448078,601.0367933292055,595.4609900615409,596.6779174804688,64635500,QQQ
2025-09-24,598.0544387994095,598.3736318933126,591.8502333814113,594.583251953125,49850300,QQQ
2025-09-25,590.6932034651784,593.6057566967052,587.0026056631178,592.0198364257812,70920200,QQQ
2025-09-26,592.8376791327265,594.7827296224774,589.5560723046866,594.4535522460938,54337400,QQQ
2025-09-29,597.5855809487724,600.5181027058711,595.8898943349653,597.20654296875,48332900,QQQ
2025-09-30,596.9073409482912,599.1815689140329,594.5832523790604,598.8424072265625,46533800,QQQ
2025-10-01,595.6504804045827,602.2536309055715,594.8226361779185,601.7150268554688,46899600,QQQ
2025-10-02,605.5153536087707,605.6150748101588,601.3958573858611,604.188720703125,43765400,QQQ
2025-10-03,604.9668078782124,605.7847287787447,599.859840058186,601.645263671875,46482100,QQQ
2025-10-06,606.9018036091138,607.8094613156995,604.4280726015548,606.1636962890625,41962100,QQQ
2025-10-07,607.4703970532165,608.1586438162234,601.4956480641417,602.9718627929688,58209500,QQQ
2025-10-08,603.8695906281247,610.1934861561377,603.7200088104369,609.88427734375,50629800,QQQ
2025-10-09,609.9241018375851,610.0537759298148,605.9342796270852,609.1461181640625,45551000,QQQ
2025-10-10,609.8443624637231,611.6198017284072,587.5511938507611,588.0000610351562,97614800,QQQ
2025-10-13,598.1541220292103,601.415821078074,595.7103438165695,600.4782104492188,65872600,QQQ
2025-10-14,593.7952358040048,601.1564623206032,588.6284235801336,596.4783935546875,69203200,QQQ
2025-10-15,602.4731063786636,605.1562641092269,594.4136488911962,600.6876220703125,62805500,QQQ
2025-10-16,603.5702851791965,606.7621549667239,593.9847524006545,598.4633178710938,70982000,QQQ
2025-10-17,596.4285459627954,603.9693073296388,594.8525491800316,602.393310546875,72024900,QQQ
2025-10-20,605.5951192469275,611.2406903321764,605.5252900595317,609.98388671875,45761700,QQQ
2025-10-21,610.0837500489531,611.1609582497778,607.7696457807522,609.8244018554688,44538200,QQQ
2025-10-22,609.2657958565487,609.8542605281881,598.2139715066553,603.9493408203125,61478800,QQQ
2025-10-23,603.3708114071275,609.8143961922938,602.9818500103868,609.0264282226562,42844300,QQQ
2025-10-24,614.4226241256162,616.8464337655934,613.5648269782704,615.52978515625,47632500,QQQ
2025-10-27,622.930958710038,626.9506729134798,622.4422152319877,626.4918823242188,54098600,QQQ
2025-10-28,628.7560864561588,633.0651018787079,627.648925370604,631.3095703125,61195700,QQQ
2025-10-29,633.9728090539653,635.3891789092543,628.6463695521778,634.15234375,67422800,QQQ
2025-10-30,630.5614543099158,631.8880872300178,624.3473257513068,624.45703125,61628600,QQQ
2025-10-31,632.5563592252307,632.5863121135939,625.0954113092228,627.4693603515625,66305100,QQQ
2025-11-03,633.4939381480045,634.2021534587442,628.2473125587718,630.4716796875,37154300,QQQ
2025-11-04,621.6941527131348,625.354797701833,616.8864094378021,617.6743774414062,63830800,QQQ
2025-11-05,616.9163015661201,625.0056518350635,615.6395900613109,621.6941528320312,48688500,QQQ
2025-11-06,620.2078932237561,620.4572571227977,608.7471381645778,610.1136474609375,72115100,QQQ
2025-11-07,606.7621834660789,608.3980251800011,597.1466973484642,608.1885375976562,81835400,QQQ
2025-11-10,617.3451949289606,622.7214951546598,615.3203917446493,621.6442260742188,55919900,QQQ
2025-11-11,618.9910087880348,621.1355017301039,615.9487814833327,619.9884643554688,44868800,QQQ
2025-11-12,623.2501373408774,623.2700450530867,616.2379957742788,619.4996948242188,47444400,QQQ
2025-11-13,615.9686873362173,616.5472286099415,604.5378855310528,606.8519897460938,71333600,QQQ
2025-11-14,598.0244819828539,611.7893568378086,595.6505328274214,607.310791015625,80087300,QQQ
2025-11-17,604.7573208445992,610.9215891749508,598.3436886131177,602.1240234375,63850400,QQQ
2025-11-18,598.0943000892208,600.7774579901122,589.8353996813287,594.792724609375,83327300,QQQ
2025-11-19,595.5508254465173,604.6176628042144,593.077155027408,598.3436889648438,73111500,QQQ
2025-11-20,610.0637948039835,612.4676969147798,583.262167456246,584.1798095703125,117743200,QQQ
2025-11-21,585.9751825584982,595.4609945768989,579.2623261905873,588.568603515625,103344200,QQQ
2025-11-24,593.7653733267485,605.1363301511908,593.6456226504143,603.6201782226562,60168100,QQQ
2025-11-25,601.9743827443708,608.7072074163303,595.8001307211132,607.3406982421875,57560900,QQQ
2025-11-26,610.9514997668095,614.6221288317284,608.8368989020178,612.70703125,42393600,QQQ
2025-11-28,614.5423522607352,617.7442066386661,613.8541054647261,617.6743774414062,23034400,QQQ
2025-12-01,612.0686387329198,617.8638528985133,610.961477711232,615.599609375,40957600,QQQ
2025-12-02,617.8838431924653,622.1629056286581,616.018606165418,620.4173583984375,54541800,QQQ
2025-12-03,618.0434315384043,622.6317029281745,616.4575112334458,621.9335327148438,47841600,QQQ
2025-12-04,623.339907329069,623.3498916256304,617.9636071501104,621.35498046875,47067800,QQQ
2025-12-05,622.7913119974152,627.3197383563271,622.1230338136666,623.8884887695312,53614200,QQQ
2025-12-08,625.6141268554061,627.2399842967836,620.10815265492,622.6915893554688,43462400,QQQ
2025-12-09,621.4248072711308,624.2775156033157,619.4199118254116,623.4595947265625,37156000,QQQ
2025-12-10,622.2626189242517,627.6090269272694,619.4099106697121,626.0130615234375,55031400,QQQ
2025-12-11,622.2327496814814,624.1877845427603,616.148234091509,623.98828125,58272800,QQQ
2025-12-12,620.4972123256402,621.953458575216,609.8044563667469,612.0587158203125,75158700,QQQ
2025-12-15,616.7966055109866,616.8464661142882,607.7696446385382,608.9865112304688,49538200,QQQ
2025-12-16,606.7123103516171,611.9489518835392,605.3657088583533,610.1934204101562,55152800,QQQ
2025-12-17,611.5001003103562,612.0886258751325,598.7526499708691,598.8822631835938,70654300,QQQ
2025-12-18,608.2484274799762,611.3704684542074,605.3757504118026,607.5601806640625,78875800,QQQ
2025-12-19,610.392920608793,616.0484763883416,610.3131071204459,615.4799194335938,60369800,QQQ
2025-12-22,620.5674955378034,620.8671665076671,616.9920478025754,618.4302368164062,43703100,QQQ
2025-12-23,617.42148892244,621.6261480926279,617.0020349130734,621.3265380859375,41120400,QQQ
2025-12-24,621.2067276835874,623.4938829346665,620.9370481838333,623.144287109375,18468700,QQQ
2025-12-26,623.873297918951,624.7322611929134,622.3552536061636,623.1043090820312,28959800,QQQ
2025-12-29,619.3190849184411,621.995763643064,617.9508150333834,620.088134765625,32458300,QQQ
2025-12-30,619.0594201394988,621.3964390816567,618.4401448660525,618.64990234375,31226800,QQQ
